# 3ds Max Wavefront OBJ Exporter v0.99 - (c)2007 guruware
# File Created: 23.03.2025 20:45:56

mtllib Carro_Cofre.mtl

#
# object Cofre
#

v  1.8931 -0.2102 3.0759
v  1.9201 -0.1987 3.0448
v  1.9078 -0.2050 3.0437
v  1.9997 -0.1672 2.8368
v  1.9873 -0.1724 2.8335
v  2.0511 -0.1410 2.6523
v  2.0388 -0.1473 2.6502
v  2.1073 -0.1179 2.4572
v  2.0964 -0.1242 2.4540
v  2.1564 -0.0927 2.2460
v  2.1441 -0.1000 2.2428
v  2.1783 -0.0832 2.1473
v  2.1673 -0.0895 2.1463
v  2.1821 -0.0790 2.1130
v  2.1698 -0.0853 2.1120
v  2.1673 -0.0717 2.0766
v  2.1588 -0.0790 2.0798
v  2.1919 -0.0801 2.1141
v  2.1881 -0.0843 2.1463
v  2.2323 -0.0864 2.1173
v  2.1649 -0.0948 2.2470
v  2.2200 -0.1042 2.2524
v  2.1171 -0.1189 2.4583
v  2.1417 -0.1242 2.4626
v  2.0596 -0.1431 2.6545
v  2.1013 -0.1515 2.6609
v  2.0082 -0.1683 2.8389
v  2.0609 -0.1798 2.8464
v  1.9298 -0.1997 3.0448
v  2.0143 -0.2134 3.0437
v  2.1760 -0.0717 2.0712
v  2.2213 -0.0717 2.0187
v  2.1539 -0.0643 2.0455
v  2.1453 -0.0643 2.0498
v  2.1330 -0.0538 1.9811
v  2.1184 -0.0570 2.0240
v  2.1979 -0.1357 2.4711
v  2.3095 -0.1189 2.2610
v  2.3081 -0.0843 2.0251
v  2.2702 -0.0475 1.7839
v  2.1944 -0.0381 1.7935
v  2.1171 -0.0287 1.7999
v  2.0596 -0.0423 1.9715
v  2.0401 -0.0203 1.8042
v  1.9568 -0.0297 1.9726
v  1.9568 -0.0349 2.0155
v  1.9592 -0.0119 1.8085
v  1.8772 -0.0056 1.8096
v  1.8673 -0.0224 1.9736
v  2.3903 -0.1305 2.2664
v  2.3878 -0.0948 2.0251
v  2.3412 -0.0559 1.7742
v  2.2666 -0.0192 1.5448
v  2.2090 -0.0140 1.5651
v  2.1477 -0.0077 1.5844
v  2.0854 -0.0024 1.5973
v  2.0217 0.0028 1.6070
v  1.9542 0.0091 1.6145
v  2.3670 -0.1641 2.4904
v  2.4563 -0.1389 2.2717
v  2.4527 -0.1021 2.0262
v  2.4025 -0.0622 1.7656
v  2.3229 -0.0234 1.5244
v  2.1809 0.0091 1.3679
v  2.1379 0.0112 1.3979
v  2.0964 0.0144 1.4215
v  2.0486 0.0175 1.4333
v  2.1000 0.0301 1.2435
v  2.2285 0.0070 1.3410
v  2.1417 0.0301 1.2102
v  2.3842 -0.0255 1.4965
v  2.3008 0.0049 1.3078
v  2.4514 -0.0622 1.7313
v  2.4907 -0.0559 1.6477
v  2.5396 -0.1116 2.0240
v  2.5775 -0.0727 1.7067
v  2.5396 -0.1494 2.2760
v  2.7036 -0.1284 2.0187
v  2.4331 -0.1735 2.4969
v  2.3976 -0.2050 2.6952
v  2.3327 -0.1955 2.6899
v  2.3583 -0.2365 2.8775
v  2.7846 -0.2176 2.5183
v  2.6719 -0.1641 2.2824
v  2.6375 -0.1987 2.5097
v  2.7319 -0.0885 1.7110
v  2.4612 -0.0276 1.4526
v  2.4148 0.0007 1.2585
v  2.5800 -0.0381 1.4375
v  2.7564 -0.0517 1.4022
v  2.9216 -0.1063 1.6884
v  2.9620 -0.0685 1.3582
v  3.1115 -0.1263 1.6649
v  3.1740 -0.0895 1.3153
v  3.2927 -0.1462 1.6434
v  3.3772 -0.1105 1.2746
v  3.3882 -0.1116 1.2724
v  3.4580 -0.0853 0.9529
v  3.4654 -0.0906 0.9518
v  3.5181 -0.0717 0.6977
v  2.8752 -0.1462 2.0144
v  3.0454 -0.1662 2.0080
v  3.2057 -0.1840 2.0015
v  3.3025 -0.1473 1.6413
v  3.3967 -0.1168 1.2724
v  3.4776 -0.1567 1.2703
v  3.5450 -0.1347 0.9486
v  3.4812 -0.2207 1.6252
v  3.3956 -0.1861 1.6316
v  3.3993 -0.2512 1.9715
v  3.3110 -0.1504 1.6413
v  3.3110 -0.2197 1.9854
v  3.2155 -0.1850 2.0015
v  3.2242 -0.1892 1.9994
v  3.1311 -0.2207 2.2932
v  3.1409 -0.2218 2.2932
v  2.9854 -0.2029 2.2910
v  3.0687 -0.2554 2.5323
v  2.8299 -0.1829 2.2878
v  2.9314 -0.2365 2.5258
v  3.4727 -0.2753 1.9629
v  3.1507 -0.2249 2.2921
v  3.2364 -0.2543 2.2803
v  3.3233 -0.2837 2.2674
v  3.3944 -0.3068 2.2578
v  3.4605 -0.3236 2.2481
v  3.5364 -0.2932 1.9618
v  3.5290 -0.3330 2.2363
v  3.4567 -0.3656 2.4926
v  3.5241 -0.3708 2.4840
v  3.4665 -0.4055 2.7059
v  3.3944 -0.3981 2.7113
v  3.3895 -0.3561 2.5044
v  3.3282 -0.3866 2.7177
v  3.3246 -0.3393 2.5119
v  3.2536 -0.3162 2.5183
v  3.1691 -0.2879 2.5258
v  3.0869 -0.2596 2.5323
v  3.0785 -0.2564 2.5333
v  3.0220 -0.2879 2.7360
v  3.0122 -0.2869 2.7349
v  2.9620 -0.3183 2.9161
v  2.8812 -0.2690 2.7285
v  2.7393 -0.2501 2.7199
v  2.8323 -0.3005 2.9086
v  2.5971 -0.2312 2.7102
v  2.6940 -0.2816 2.9011
v  2.5127 -0.1829 2.5022
v  2.4771 -0.2155 2.7017
v  2.7428 -0.4674 3.6312
v  2.6779 -0.4055 3.4361
v  2.6179 -0.4485 3.6227
v  2.5445 -0.3855 3.4254
v  2.4820 -0.4275 3.6119
v  2.5996 -0.3477 3.2431
v  2.4650 -0.3288 3.2335
v  2.4110 -0.3666 3.4136
v  2.5127 -0.2953 3.0619
v  2.3952 -0.2795 3.0544
v  2.3499 -0.3131 3.2238
v  2.4367 -0.2470 2.8829
v  2.5556 -0.2627 2.8914
v  2.3180 -0.2690 3.0490
v  2.5507 -0.4936 3.8114
v  2.6779 -0.5136 3.8210
v  2.6107 -0.5619 4.0065
v  2.6877 -0.5146 3.8221
v  2.7527 -0.4684 3.6323
v  2.2934 -0.2270 2.8721
v  2.2530 -0.2585 3.0437
v  2.2727 -0.3026 3.2185
v  2.2959 -0.3498 3.4029
v  2.3485 -0.4076 3.5991
v  2.4135 -0.4726 3.7985
v  2.4797 -0.5409 3.9958
v  2.5433 -0.6122 4.1834
v  2.2776 -0.4506 3.7835
v  2.2323 -0.3897 3.5862
v  2.2188 -0.3383 3.3954
v  2.1551 -0.3782 3.5766
v  2.2102 -0.2921 3.2120
v  2.1575 -0.3278 3.3889
v  2.1783 -0.2438 3.0362
v  2.1379 -0.2764 3.2034
v  2.2164 -0.2123 2.8668
v  2.1330 -0.1955 2.8571
v  2.2530 -0.1819 2.6834
v  2.1673 -0.1662 2.6727
v  2.2861 -0.1515 2.4819
v  2.0951 -0.2281 3.0394
v  2.0596 -0.2585 3.1949
v  2.0890 -0.3131 3.3804
v  2.0964 -0.3677 3.5691
v  2.0828 -0.4202 3.7588
v  2.1600 -0.4328 3.7696
v  2.1209 -0.5409 4.1341
v  2.0817 -0.4758 3.9465
v  1.9997 -0.5188 4.1127
v  2.0033 -0.4632 3.9357
v  2.0240 -0.4107 3.7513
v  2.0315 -0.3551 3.5626
v  2.0167 -0.2974 3.3718
v  1.9825 -0.2417 3.1874
v  1.9066 -0.2081 3.0930
v  1.9004 -0.2050 3.0855
v  1.8735 -0.2081 3.1134
v  1.9212 -0.5566 4.2542
v  1.9225 -0.5041 4.0976
v  1.9482 -0.4527 3.9272
v  1.9665 -0.3992 3.7449
v  1.9654 -0.3404 3.5540
v  1.9433 -0.2816 3.3643
v  1.9066 -0.2270 3.1799
v  1.8784 -0.2102 3.1220
v  1.8331 -0.2165 3.1734
v  1.8723 -0.4936 4.0837
v  1.8342 -0.4821 4.0655
v  1.8992 -0.4422 3.9175
v  1.9089 -0.3866 3.7385
v  1.9004 -0.3267 3.5455
v  1.8723 -0.2690 3.3568
v  1.8062 -0.2585 3.3503
v  1.7780 -0.3058 3.5305
v  1.7413 -0.2522 3.3460
v  1.7609 -0.2092 3.1681
v  1.6874 -0.2060 3.1659
v  1.8049 -0.5262 4.2070
v  1.7780 -0.5115 4.1748
v  1.7694 -0.4957 4.1320
v  1.8001 -0.4716 4.0494
v  1.8515 -0.4317 3.9079
v  1.8037 -0.4223 3.8993
v  1.8515 -0.3750 3.7288
v  1.7584 -0.4139 3.8918
v  1.7976 -0.3645 3.7192
v  1.8368 -0.3141 3.5369
v  1.7486 -0.3561 3.7117
v  1.7179 -0.4076 3.8843
v  1.7609 -0.4642 4.0430
v  1.7009 -0.3509 3.7074
v  1.7217 -0.3005 3.5262
v  1.6640 -0.2963 3.5230
v  1.6518 -0.3477 3.7042
v  1.6054 -0.2953 3.5219
v  1.6016 -0.3477 3.7052
v  1.5440 -0.2984 3.5251
v  1.5503 -0.3488 3.7084
v  1.4841 -0.3026 3.5305
v  1.4976 -0.3530 3.7138
v  1.5563 -0.4002 3.8811
v  1.5123 -0.4023 3.8854
v  1.5637 -0.4464 4.0290
v  1.4229 -0.3078 3.5348
v  1.4437 -0.3572 3.7192
v  1.4082 -0.2648 3.3535
v  1.3433 -0.2690 3.3568
v  1.4756 -0.2585 3.3493
v  1.3972 -0.2249 3.1756
v  1.5429 -0.2522 3.3450
v  1.4693 -0.2186 3.1734
v  1.6090 -0.2491 3.3428
v  1.5417 -0.2123 3.1702
v  1.6763 -0.2491 3.3428
v  1.6138 -0.2071 3.1670
v  1.3629 -0.3131 3.5401
v  1.3886 -0.3603 3.7245
v  1.5857 -0.1410 2.8217
v  1.6102 -0.1787 3.0297
v  1.5956 -0.1399 2.8207
v  1.5417 -0.1798 3.0137
v  1.6262 -0.1892 3.0823
v  1.6213 -0.1787 3.0319
v  1.6494 -0.1945 3.1123
v  1.6335 -0.1871 3.0748
v  1.6776 -0.1987 3.1327
v  1.6556 -0.1934 3.1048
v  1.7168 -0.2039 3.1498
v  1.7179 -0.2018 3.1423
v  1.7621 -0.2071 3.1584
v  1.8037 -0.2092 3.1541
v  1.7621 -0.2050 3.1498
v  1.8465 -0.2102 3.1402
v  1.8037 -0.2081 3.1455
v  1.8429 -0.2081 3.1327
v  1.6812 -0.1976 3.1252
v  1.8686 -0.2134 3.1027
v  1.8379 -0.2144 3.1241
v  1.8012 -0.2144 3.1359
v  1.7621 -0.2113 3.1402
v  1.7217 -0.2081 3.1338
v  1.6874 -0.2039 3.1177
v  1.6604 -0.1997 3.0952
v  1.6409 -0.1934 3.0662
v  1.6323 -0.1871 3.0319
v  1.6054 -0.1473 2.8185
v  1.5821 -0.1179 2.6320
v  1.5723 -0.1105 2.6341
v  1.5625 -0.0895 2.4325
v  1.5515 -0.0811 2.4347
v  1.5454 -0.0612 2.2235
v  1.5343 -0.0538 2.2245
v  1.5625 -0.1105 2.6352
v  1.5196 -0.1147 2.6373
v  1.5417 -0.0822 2.4347
v  1.5245 -0.0538 2.2245
v  1.4878 -0.0559 2.2256
v  1.5307 -0.0423 2.1302
v  1.5221 -0.0412 2.1248
v  1.6176 -0.0203 1.9779
v  1.5662 -0.0297 2.0390
v  1.6029 -0.0266 2.0219
v  1.5307 -0.0266 2.0047
v  1.5417 -0.0329 2.0616
v  1.5466 -0.0339 2.0701
v  1.5001 -0.0391 2.0969
v  1.5232 -0.0381 2.0980
v  1.4743 -0.0864 2.4390
v  1.5368 -0.1441 2.8250
v  1.5331 -0.0381 2.0991
v  1.5723 -0.0297 2.0455
v  1.6029 -0.0276 2.0305
v  1.6335 -0.0266 2.0262
v  1.6299 -0.0255 2.0176
v  1.6874 -0.0255 2.0251
v  1.6874 -0.0234 2.0165
v  1.7731 -0.0245 2.0251
v  1.7731 -0.0234 2.0155
v  1.6948 -0.0192 1.9747
v  1.7792 -0.0192 1.9736
v  1.8637 -0.0266 2.0155
v  2.0645 -0.0475 2.0144
v  1.8637 -0.0276 2.0240
v  1.9556 -0.0360 2.0230
v  2.0645 -0.0496 2.0230
v  2.1123 -0.0570 2.0305
v  1.6862 -0.0339 2.0326
v  1.7718 -0.0339 2.0315
v  1.8625 -0.0370 2.0315
v  1.9542 -0.0454 2.0305
v  2.0633 -0.0591 2.0305
v  2.1024 -0.0654 2.0369
v  2.1343 -0.0717 2.0541
v  1.5404 -0.0496 2.1291
v  1.5440 -0.0465 2.0991
v  1.5563 -0.0423 2.0734
v  1.5784 -0.0391 2.0519
v  1.6065 -0.0360 2.0380
v  1.6409 -0.0349 2.0326
v  -2.9486 -0.8442 4.4847
v  -2.9254 -0.7823 4.3367
v  -3.0075 -0.7928 4.3325
v  -2.8457 -1.0247 4.9136
v  -2.9046 -0.9660 4.7742
v  -2.9155 -0.9681 4.7731
v  -2.8274 -0.9576 4.7849
v  -2.8886 -0.8988 4.6348
v  -2.9682 -0.9072 4.6273
v  -2.9780 -0.9082 4.6262
v  -3.0282 -0.8526 4.4793
v  -3.0392 -0.8536 4.4793
v  -3.0894 -0.8022 4.3292
v  -3.0992 -0.8033 4.3282
v  -3.0686 -0.7445 4.1738
v  -3.1494 -0.7529 4.1716
v  -3.1592 -0.7539 4.1716
v  -3.0430 -0.6227 3.8221
v  -3.1115 -0.6353 3.8232
v  -3.0466 -0.6836 4.0044
v  -3.1311 -0.6952 4.0054
v  -3.1947 -0.6469 3.8253
v  -3.2119 -0.7046 4.0065
v  -3.2768 -0.6553 3.8285
v  -3.2878 -0.6563 3.8285
v  -3.2217 -0.7057 4.0065
v  -2.9841 -0.7329 4.1748
v  -2.9792 -0.6710 4.0054
v  -2.9169 -0.7203 4.1770
v  -2.9180 -0.6563 4.0065
v  -2.9829 -0.6080 3.8221
v  -2.8569 -0.7046 4.1791
v  -2.8555 -0.6374 4.0065
v  -2.9204 -0.5891 3.8221
v  -2.7931 -0.6857 4.1813
v  -2.7870 -0.6154 4.0076
v  -2.8531 -0.5671 3.8221
v  -2.7221 -0.6647 4.1824
v  -2.7074 -0.5902 4.0076
v  -2.7736 -0.5419 3.8221
v  -2.6413 -0.6395 4.1834
v  -2.5433 -0.6122 4.1834
v  -2.6205 -0.5640 4.0076
v  -2.5532 -0.6133 4.1845
v  -2.6302 -0.5671 4.0076
v  -2.5630 -0.6164 4.1845
v  -2.6976 -0.5178 3.8221
v  -2.9169 -0.5209 3.6312
v  -2.8372 -0.4947 3.6312
v  -2.8984 -0.4527 3.4436
v  -2.7625 -0.4716 3.6323
v  -2.8225 -0.4286 3.4458
v  -2.6878 -0.5146 3.8221
v  -2.7527 -0.4684 3.6323
v  -2.6107 -0.5619 4.0065
v  -2.6781 -0.5136 3.8210
v  -2.4797 -0.5409 3.9958
v  -2.5507 -0.4936 3.8114
v  -2.4086 -0.5902 4.1727
v  -2.3400 -0.5188 3.9808
v  -2.4135 -0.4726 3.7985
v  -2.2642 -0.5661 4.1566
v  -2.2004 -0.4957 3.9636
v  -2.2776 -0.4506 3.7835
v  -2.1209 -0.5409 4.1341
v  -1.7351 -0.5251 4.2306
v  -1.8049 -0.5262 4.2070
v  -1.7559 -0.5461 4.2799
v  -1.8478 -0.5398 4.2295
v  -1.7902 -0.5640 4.3164
v  -1.9226 -0.5041 4.0976
v  -1.9212 -0.5566 4.2542
v  -1.9996 -0.5188 4.1127
v  -2.0377 -0.5849 4.2939
v  -1.8503 -0.5870 4.3625
v  -2.1785 -0.6154 4.3303
v  -1.9470 -0.6269 4.4397
v  -2.3291 -0.6416 4.3475
v  -2.2396 -0.6983 4.5276
v  -2.4748 -0.6637 4.3550
v  -2.4050 -0.7193 4.5233
v  -2.4845 -0.6658 4.3550
v  -2.0816 -0.4758 3.9465
v  -2.1600 -0.4328 3.7696
v  -2.0033 -0.4632 3.9357
v  -2.0830 -0.4202 3.7588
v  -1.9482 -0.4527 3.9272
v  -2.0241 -0.4107 3.7513
v  -1.8723 -0.4936 4.0837
v  -1.8343 -0.4821 4.0655
v  -1.7780 -0.5115 4.1748
v  -1.7351 -0.4989 4.1555
v  -1.7694 -0.4957 4.1320
v  -1.6996 -0.4978 4.1641
v  -1.7229 -0.4590 4.0419
v  -1.7608 -0.4642 4.0430
v  -1.6910 -0.4548 4.0387
v  -1.7181 -0.4076 3.8843
v  -1.7009 -0.3509 3.7074
v  -1.7217 -0.3005 3.5262
v  -1.7780 -0.3058 3.5305
v  -1.6641 -0.2963 3.5230
v  -1.7412 -0.2522 3.3460
v  -1.7486 -0.3561 3.7117
v  -1.6801 -0.4023 3.8800
v  -1.6408 -0.4002 3.8779
v  -1.6616 -0.4516 4.0365
v  -1.6322 -0.4485 4.0344
v  -1.6702 -0.4968 4.1684
v  -1.6445 -0.4957 4.1695
v  -1.6996 -0.5304 4.2542
v  -1.6641 -0.5325 4.2692
v  -1.7143 -0.5566 4.3196
v  -1.7584 -0.4139 3.8918
v  -1.7976 -0.3645 3.7192
v  -1.8514 -0.3750 3.7288
v  -1.8367 -0.3141 3.5369
v  -1.9004 -0.3267 3.5455
v  -1.8723 -0.2690 3.3568
v  -1.8061 -0.2585 3.3503
v  -1.8331 -0.2165 3.1734
v  -1.7608 -0.2092 3.1681
v  -1.8037 -0.2092 3.1541
v  -1.8037 -0.4223 3.8993
v  -1.8992 -0.4422 3.9175
v  -1.9654 -0.3404 3.5540
v  -1.9090 -0.3866 3.7385
v  -1.8514 -0.4317 3.9079
v  -1.8001 -0.4716 4.0494
v  -1.9665 -0.3992 3.7449
v  -2.0314 -0.3551 3.5626
v  -2.1367 -0.2764 3.2034
v  -2.1576 -0.3278 3.3889
v  -2.0890 -0.3131 3.3804
v  -2.0964 -0.3677 3.5691
v  -2.1551 -0.3782 3.5766
v  -2.2323 -0.3897 3.5862
v  -2.3486 -0.4076 3.5991
v  -2.2102 -0.2921 3.2120
v  -2.2189 -0.3383 3.3954
v  -2.2959 -0.3498 3.4029
v  -2.4110 -0.3666 3.4136
v  -2.2727 -0.3026 3.2185
v  -2.3499 -0.3131 3.2238
v  -2.2531 -0.2585 3.0437
v  -2.3180 -0.2690 3.0490
v  -2.1785 -0.2438 3.0362
v  -2.2164 -0.2123 2.8668
v  -2.2936 -0.2270 2.8721
v  -2.4822 -0.4275 3.6119
v  -2.2531 -0.1819 2.6834
v  -2.3327 -0.1955 2.6899
v  -2.3584 -0.2365 2.8775
v  -2.3952 -0.2795 3.0544
v  -2.4650 -0.3288 3.2335
v  -2.5445 -0.3855 3.4254
v  -2.6181 -0.4485 3.6227
v  -2.3976 -0.2050 2.6952
v  -2.4369 -0.2470 2.8829
v  -2.5128 -0.2953 3.0619
v  -2.5996 -0.3477 3.2431
v  -2.6781 -0.4055 3.4361
v  -2.7429 -0.4674 3.6312
v  -2.4773 -0.2155 2.7017
v  -2.5556 -0.2627 2.8914
v  -2.6487 -0.3141 3.0716
v  -2.7344 -0.3677 3.2538
v  -2.8029 -0.4244 3.4447
v  -2.8127 -0.4254 3.4458
v  -2.5972 -0.2312 2.7102
v  -2.6940 -0.2816 2.9011
v  -2.7846 -0.3330 3.0812
v  -2.8580 -0.3855 3.2635
v  -2.8678 -0.3866 3.2646
v  -2.8776 -0.3897 3.2646
v  -2.8323 -0.3005 2.9086
v  -2.9106 -0.3509 3.0898
v  -2.9204 -0.3519 3.0909
v  -2.9303 -0.3551 3.0898
v  -2.9548 -0.4149 3.2613
v  -2.9780 -0.4789 3.4425
v  -2.9854 -0.5430 3.6312
v  -3.0466 -0.5020 3.4425
v  -3.0479 -0.5619 3.6323
v  -2.9720 -0.3194 2.9172
v  -2.9805 -0.3225 2.9161
v  -3.0075 -0.3813 3.0876
v  -3.0356 -0.4411 3.2592
v  -3.1079 -0.5776 3.6323
v  -3.1102 -0.5209 3.4425
v  -3.1054 -0.4642 3.2581
v  -3.0894 -0.4076 3.0855
v  -3.0588 -0.3498 2.9129
v  -3.0319 -0.2911 2.7349
v  -3.0222 -0.2879 2.7360
v  -2.9622 -0.3183 2.9161
v  -3.1764 -0.5891 3.6345
v  -3.1702 -0.5346 3.4436
v  -3.1679 -0.4831 3.2581
v  -3.1581 -0.4307 3.0834
v  -3.1409 -0.3771 2.9107
v  -3.1115 -0.3194 2.7317
v  -3.0870 -0.2596 2.5323
v  -3.2608 -0.5986 3.6377
v  -3.2389 -0.5451 3.4447
v  -3.2291 -0.4968 3.2581
v  -3.2217 -0.4485 3.0823
v  -3.2106 -0.3992 2.9075
v  -3.1947 -0.3467 2.7274
v  -3.1690 -0.2879 2.5258
v  -3.3540 -0.6080 3.6420
v  -3.3442 -0.6070 3.6420
v  -3.4201 -0.5619 3.4500
v  -3.3257 -0.5545 3.4468
v  -3.4103 -0.5608 3.4500
v  -3.2976 -0.5062 3.2613
v  -3.3833 -0.5146 3.2688
v  -3.2842 -0.4621 3.0834
v  -3.3516 -0.4737 3.0930
v  -3.2744 -0.4170 2.9054
v  -3.3380 -0.4307 2.9043
v  -3.2645 -0.3698 2.7231
v  -3.3282 -0.3866 2.7177
v  -3.2536 -0.3162 2.5183
v  -3.3246 -0.3393 2.5119
v  -3.4348 -0.5818 3.4468
v  -3.4924 -0.5440 3.2774
v  -3.4777 -0.5230 3.2785
v  -3.5328 -0.5188 3.1584
v  -3.5120 -0.4957 3.1520
v  -3.4678 -0.5220 3.2785
v  -3.4335 -0.4852 3.1198
v  -3.4777 -0.4653 3.0180
v  -3.4176 -0.4422 2.9204
v  -3.3944 -0.3981 2.7113
v  -3.3895 -0.3561 2.5044
v  -3.3944 -0.3068 2.2578
v  -3.3233 -0.2837 2.2674
v  -3.3993 -0.2512 1.9715
v  -3.3112 -0.2197 1.9854
v  -3.3955 -0.1861 1.6316
v  -3.4569 -0.3656 2.4926
v  -3.4605 -0.3236 2.2481
v  -3.5290 -0.3330 2.2363
v  -3.4728 -0.2753 1.9629
v  -3.4813 -0.2207 1.6252
v  -3.4777 -0.1567 1.2703
v  -3.3969 -0.1168 1.2724
v  -3.4654 -0.0906 0.9518
v  -3.3882 -0.1116 1.2724
v  -3.4580 -0.0853 0.9529
v  -3.3773 -0.1105 1.2746
v  -3.4471 -0.0843 0.9551
v  -3.2229 -0.0601 1.0130
v  -3.5364 -0.2932 1.9618
v  -3.5951 -0.3026 1.9747
v  -3.6098 -0.2680 1.6563
v  -3.5547 -0.2480 1.6263
v  -3.5584 -0.1955 1.2714
v  -3.5450 -0.1347 0.9486
v  -3.6221 -0.1766 0.9476
v  -3.5181 -0.0717 0.6977
v  -3.5107 -0.0664 0.6988
v  -3.4997 -0.0654 0.7010
v  -3.6283 -0.2239 1.2799
v  -3.6968 -0.2459 1.2885
v  -3.6761 -0.2039 0.9540
v  -3.7115 -0.2186 0.9615
v  -3.7066 -0.1882 0.6967
v  -3.6698 -0.1651 0.6902
v  -3.7287 -0.1808 0.5444
v  -3.5977 -0.1210 0.6913
v  -3.5535 -0.0591 0.5283
v  -3.5450 -0.0538 0.5283
v  -3.5352 -0.0528 0.5294
v  -3.2780 -0.0192 0.5584
v  -3.3123 -0.0066 0.3793
v  -3.0258 0.0364 0.3428
v  -3.2155 0.0343 0.1123
v  -3.3906 -0.0003 0.1992
v  -3.4837 0.0007 0.0405
v  -3.3674 0.0280 -0.0560
v  -3.5596 -0.0003 -0.0764
v  -3.6332 -0.1126 0.5240
v  -3.5792 -0.0507 0.3954
v  -3.6551 -0.1053 0.3986
v  -3.5719 -0.0444 0.3954
v  -3.5622 -0.0433 0.3943
v  -3.5903 -0.0339 0.2496
v  -3.6196 -0.0255 0.0919
v  -3.6294 -0.0266 0.0952
v  -3.6528 -0.0161 -0.0807
v  -3.5131 0.0154 -0.1804
v  -3.6859 -0.0066 -0.2651
v  -3.2793 0.0532 -0.1900
v  -3.5988 -0.0360 0.2528
v  -3.6368 -0.0329 0.0930
v  -3.6698 -0.0234 -0.0828
v  -3.6625 -0.0182 -0.0817
v  -3.6981 -0.0161 -0.2404
v  -3.6062 -0.0412 0.2549
v  -3.6736 -0.0958 0.2721
v  -3.6908 -0.0885 0.1616
v  -3.6992 -0.1588 0.5305
v  -3.7434 -0.1168 0.0759
v  -3.7421 -0.1347 0.1799
v  -3.7396 -0.1494 0.2892
v  -3.7361 -0.1630 0.4018
v  -3.7225 -0.1955 0.6913
v  -3.7434 -0.0843 -0.0925
v  -3.7421 -0.0979 -0.0163
v  -3.7361 -0.0780 -0.0914
v  -3.7495 -0.1021 -0.0217
v  -3.7508 -0.1221 0.0737
v  -3.7495 -0.1410 0.1831
v  -3.7470 -0.1557 0.2914
v  -3.7434 -0.1683 0.4029
v  -3.7385 -0.1819 0.5187
v  -3.7312 -0.1987 0.6892
v  -3.7200 -0.2218 0.9626
v  -3.7396 -0.2134 0.6613
v  -3.7336 -0.2281 0.8446
v  -3.7445 -0.2008 0.5198
v  -3.7483 -0.1871 0.4018
v  -3.7519 -0.1756 0.2892
v  -3.7544 -0.1609 0.1788
v  -3.7544 -0.1420 0.0684
v  -3.7531 -0.1221 -0.0281
v  -3.7470 -0.1032 -0.1000
v  -3.7274 -0.2428 1.0505
v  -3.7066 -0.2491 1.2907
v  -3.7214 -0.2564 1.2596
v  -3.6908 -0.2764 1.6198
v  -3.7127 -0.2732 1.4772
v  -3.7030 -0.2942 1.7088
v  -3.6761 -0.3047 1.9308
v  -3.6908 -0.3194 1.9490
v  -3.6613 -0.3351 2.1988
v  -3.6772 -0.3488 2.1913
v  -3.6466 -0.3708 2.4497
v  -3.6638 -0.3845 2.4400
v  -3.6294 -0.4139 2.7070
v  -3.6796 -0.2774 1.6445
v  -3.6662 -0.3047 1.9361
v  -3.6502 -0.3383 2.2224
v  -3.6356 -0.3719 2.4551
v  -3.6196 -0.4139 2.7070
v  -3.6026 -0.4600 2.9622
v  -3.6392 -0.2827 1.7378
v  -3.5854 -0.3393 2.2449
v  -3.5241 -0.3708 2.4840
v  -3.6160 -0.3477 2.2974
v  -3.5830 -0.3740 2.4851
v  -3.5450 -0.4107 2.7059
v  -3.4667 -0.4055 2.7059
v  -3.5192 -0.4432 2.8925
v  -3.5217 -0.4600 2.9804
v  -3.5743 -0.4684 3.0083
v  -3.5830 -0.4695 3.0126
v  -3.5450 -0.4789 3.0651
v  -3.6049 -0.4632 2.9772
v  -3.6111 -0.4611 2.9686
v  -3.6111 -0.4600 2.9601
v  -3.5205 -0.4968 3.1563
v  -3.5658 -0.5031 3.0748
v  -3.5535 -0.4800 3.0705
v  -3.5988 -0.4915 3.0126
v  -3.6270 -0.4831 2.9697
v  -3.6332 -0.4821 2.9611
v  -3.6332 -0.4810 2.9526
v  -3.6490 -0.4307 2.6984
v  1.7499 0.0354 1.4365
v  1.7401 0.0427 1.3443
v  1.7093 0.0364 1.4279
v  1.6568 0.0228 1.5823
v  1.6054 0.0238 1.5651
v  1.6726 0.0385 1.4086
v  1.7303 0.0469 1.3003
v  1.7768 0.0448 1.3175
v  1.7756 0.0511 1.2381
v  1.8148 0.0448 1.3057
v  1.8148 0.0532 1.2038
v  1.8551 0.0438 1.3003
v  1.8551 0.0543 1.1845
v  1.8417 0.0322 1.4451
v  1.8931 0.0291 1.4472
v  1.7939 0.0333 1.4408
v  1.9984 0.0217 1.4386
v  1.9457 0.0259 1.4440
v  1.8870 0.0133 1.6187
v  1.8220 0.0165 1.6145
v  1.7609 0.0186 1.6059
v  1.7070 0.0207 1.5952
v  1.8956 0.0417 1.2982
v  1.9384 0.0396 1.2992
v  1.9384 0.0490 1.1845
v  1.9813 0.0364 1.3025
v  1.9813 0.0448 1.2006
v  2.0229 0.0322 1.3089
v  2.0620 0.0259 1.3335
v  2.0731 0.0291 1.2832
v  2.0229 0.0385 1.2253
v  2.0424 0.0417 1.1695
v  2.2200 0.0291 1.1620
v  2.0780 0.0438 1.1277
v  1.9959 0.0501 1.1266
v  1.8967 0.0606 1.0837
v  1.9470 0.0564 1.0966
v  1.9641 0.0616 1.0333
v  2.0240 0.0532 1.0741
v  2.1588 0.0448 1.0601
v  2.3633 0.0270 1.0794
v  2.5703 -0.0066 1.1995
v  2.7685 -0.0203 1.1373
v  2.9927 -0.0381 1.0751
v  1.7241 0.0627 1.1363
v  1.6678 0.0711 1.0837
v  1.5979 0.0648 1.1652
v  1.7768 0.0669 1.0751
v  1.7168 0.0753 1.0194
v  1.5699 0.0826 1.0087
v  1.8368 0.0690 1.0323
v  1.8025 0.0774 0.9690
v  1.7254 0.0889 0.8800
v  1.9004 0.0679 1.0151
v  1.9054 0.0742 0.9433
v  1.9115 0.0847 0.8371
v  2.0069 0.0669 0.9518
v  2.0951 0.0564 0.9926
v  2.3168 0.0480 0.9293
v  2.5518 0.0207 0.9840
v  1.5919 0.0889 0.9379
v  1.6666 0.0553 1.2263
v  1.7548 0.0564 1.1834
v  1.8001 0.0606 1.1288
v  1.7033 0.0501 1.2649
v  1.5882 0.0448 1.3561
v  1.6335 0.0406 1.3829
v  1.6543 0.1078 0.7363
v  1.3470 0.1067 0.8618
v  1.4756 0.0805 1.0601
v  1.3629 0.0658 1.2295
v  1.5086 0.0532 1.3100
v  1.4118 0.0333 1.5019
v  1.5001 0.0280 1.5265
v  1.4118 0.0028 1.7453
v  1.4707 0.0007 1.7592
v  1.3960 -0.0297 1.9951
v  1.3444 -0.0622 2.2277
v  1.3347 -0.0276 1.9854
v  1.3237 0.0070 1.7281
v  1.2564 0.0427 1.4633
v  1.1633 0.0795 1.1631
v  0.9784 0.1193 0.8736
v  1.2502 -0.0245 1.9715
v  1.1731 0.0133 1.7077
v  1.0591 0.0511 1.4333
v  0.9160 0.0879 1.1545
v  0.6576 0.1246 0.8993
v  0.6735 0.1540 0.6355
v  0.3368 0.1561 0.6559
v  0.3441 0.1844 0.4050
v  -0.0000 0.1855 0.4115
v  1.1999 -0.0591 2.2138
v  1.1119 -0.0192 1.9565
v  1.0677 -0.0559 2.2052
v  0.9907 0.0196 1.6917
v  0.9454 -0.0140 1.9458
v  0.8486 0.0564 1.4311
v  0.8058 0.0238 1.6927
v  0.6319 0.0921 1.1716
v  0.6073 0.0595 1.4429
v  0.3294 0.1246 0.9175
v  0.3221 0.0931 1.1845
v  -0.0000 0.1561 0.6624
v  -0.0000 0.1246 0.9250
v  -0.3367 0.1561 0.6559
v  -0.3294 0.1246 0.9175
v  -0.3441 0.1844 0.4050
v  -0.6735 0.1540 0.6355
v  -1.6543 0.1078 0.7363
v  -1.3469 0.1067 0.8618
v  -1.3322 0.1414 0.5637
v  -1.0077 0.1487 0.6055
v  -0.9784 0.1193 0.8736
v  -0.6575 0.1246 0.8993
v  0.5890 0.0270 1.7002
v  0.3160 0.0616 1.4504
v  0.3098 0.0291 1.7045
v  -0.0000 0.0931 1.1899
v  -0.0000 0.0627 1.4536
v  -0.3220 0.0931 1.1845
v  -0.3159 0.0616 1.4504
v  -0.6318 0.0921 1.1716
v  -0.6073 0.0595 1.4429
v  -0.9159 0.0879 1.1545
v  -0.8486 0.0564 1.4311
v  -1.1633 0.0795 1.1631
v  -1.0592 0.0511 1.4333
v  -1.4755 0.0805 1.0601
v  -1.3629 0.0658 1.2295
v  -1.5918 0.0889 0.9379
v  -1.5698 0.0826 1.0087
v  -1.7254 0.0889 0.8800
v  -1.7168 0.0753 1.0194
v  -1.5980 0.0648 1.1652
v  -1.2563 0.0427 1.4633
v  -1.7303 0.0469 1.3003
v  -1.7033 0.0501 1.2649
v  -1.7756 0.0511 1.2381
v  -1.6335 0.0406 1.3829
v  -1.5882 0.0448 1.3561
v  -1.5000 0.0280 1.5265
v  -1.4118 0.0333 1.5019
v  -1.4118 0.0028 1.7453
v  -1.3238 0.0070 1.7281
v  -1.5086 0.0532 1.3100
v  -1.6665 0.0553 1.2263
v  -1.2502 -0.0245 1.9715
v  -1.3347 -0.0276 1.9854
v  -1.3959 -0.0297 1.9951
v  -1.4706 0.0007 1.7592
v  -1.5539 0.0249 1.5458
v  -1.6727 0.0385 1.4086
v  -1.7400 0.0427 1.3443
v  -1.7767 0.0448 1.3175
v  -1.8147 0.0448 1.3057
v  -1.8147 0.0532 1.2038
v  -1.5318 0.0007 1.7721
v  -1.6054 0.0238 1.5651
v  -1.7095 0.0364 1.4279
v  -1.7498 0.0354 1.4365
v  -1.7939 0.0333 1.4408
v  -1.8417 0.0322 1.4451
v  -1.8551 0.0438 1.3003
v  -1.8551 0.0543 1.1845
v  -1.8001 0.0606 1.1288
v  -1.7608 0.0186 1.6059
v  -1.8220 0.0165 1.6145
v  -1.7988 -0.0014 1.8064
v  -1.8931 0.0291 1.4472
v  -1.8869 0.0133 1.6187
v  -1.8955 0.0417 1.2982
v  -1.9457 0.0259 1.4440
v  -1.8967 0.0522 1.1781
v  -1.9384 0.0490 1.1845
v  -1.8478 0.0627 1.0955
v  -1.8967 0.0606 1.0837
v  -1.9470 0.0564 1.0966
v  -1.8367 0.0690 1.0323
v  -1.9004 0.0679 1.0151
v  -1.9642 0.0616 1.0333
v  -1.8025 0.0774 0.9690
v  -1.9053 0.0742 0.9433
v  -1.7767 0.0669 1.0751
v  -1.9115 0.0847 0.8371
v  -1.9189 0.1005 0.6774
v  -2.0939 0.0763 0.8114
v  -2.1736 0.0921 0.6162
v  -2.2396 0.0637 0.8318
v  -2.4514 0.0742 0.5809
v  -2.5275 0.0459 0.7846
v  -2.0069 0.0669 0.9518
v  -2.0951 0.0564 0.9926
v  -2.3168 0.0480 0.9293
v  -2.1589 0.0448 1.0601
v  -2.5519 0.0207 0.9840
v  -2.3633 0.0270 1.0794
v  -2.7710 0.0070 0.9004
v  -2.7687 -0.0203 1.1373
v  -2.5703 -0.0066 1.1995
v  -2.9928 -0.0381 1.0751
v  -2.9622 -0.0685 1.3582
v  -2.7564 -0.0517 1.4022
v  -3.1740 -0.0895 1.3153
v  -3.1115 -0.1263 1.6649
v  -2.9218 -0.1063 1.6884
v  -2.7625 0.0333 0.6763
v  -3.0099 -0.0129 0.8264
v  -3.2927 -0.1462 1.6434
v  -3.3025 -0.1473 1.6413
v  -3.3112 -0.1504 1.6413
v  -3.2057 -0.1840 2.0015
v  -3.0454 -0.1662 2.0080
v  -3.2155 -0.1850 2.0015
v  -3.1311 -0.2207 2.2932
v  -3.2242 -0.1892 1.9994
v  -3.1409 -0.2218 2.2932
v  -3.2365 -0.2543 2.2803
v  -3.1507 -0.2249 2.2921
v  -3.0785 -0.2564 2.5333
v  -3.0686 -0.2554 2.5323
v  -2.9854 -0.2029 2.2910
v  -2.8752 -0.1462 2.0144
v  -2.7319 -0.0885 1.7110
v  -2.5800 -0.0381 1.4375
v  -2.4148 0.0007 1.2585
v  -3.0124 -0.2869 2.7349
v  -2.9316 -0.2365 2.5258
v  -2.8299 -0.1829 2.2878
v  -2.7038 -0.1284 2.0187
v  -2.5396 -0.1116 2.0240
v  -2.5777 -0.0727 1.7067
v  -2.4907 -0.0559 1.6477
v  -2.4612 -0.0276 1.4526
v  -2.8814 -0.2690 2.7285
v  -2.7846 -0.2176 2.5183
v  -2.6719 -0.1641 2.2824
v  -2.5396 -0.1494 2.2760
v  -2.4528 -0.1021 2.0262
v  -2.4025 -0.0622 1.7656
v  -2.3878 -0.0948 2.0251
v  -2.3412 -0.0559 1.7742
v  -2.3082 -0.0843 2.0251
v  -2.2702 -0.0475 1.7839
v  -2.2213 -0.0717 2.0187
v  -2.2323 -0.0864 2.1173
v  -2.1760 -0.0717 2.0712
v  -2.2200 -0.1042 2.2524
v  -2.1883 -0.0843 2.1463
v  -2.3095 -0.1189 2.2610
v  -2.1981 -0.1357 2.4711
v  -2.3903 -0.1305 2.2664
v  -2.2861 -0.1515 2.4819
v  -2.4563 -0.1389 2.2717
v  -2.3671 -0.1641 2.4904
v  -2.4331 -0.1735 2.4969
v  -2.5128 -0.1829 2.5022
v  -2.1417 -0.1242 2.4626
v  -2.1649 -0.0948 2.2470
v  -2.1013 -0.1515 2.6609
v  -2.1172 -0.1189 2.4583
v  -2.1674 -0.1662 2.6727
v  -2.0609 -0.1798 2.8464
v  -2.0596 -0.1431 2.6545
v  -2.1332 -0.1955 2.8571
v  -2.0143 -0.2134 3.0437
v  -2.0082 -0.1683 2.8389
v  -2.1919 -0.0801 2.1141
v  -2.1539 -0.0643 2.0455
v  -2.1332 -0.0538 1.9811
v  -2.1185 -0.0570 2.0240
v  -1.9568 -0.0349 2.0155
v  -2.0645 -0.0475 2.0144
v  -2.0645 -0.0496 2.0230
v  -2.1123 -0.0570 2.0305
v  -2.1026 -0.0654 2.0369
v  -2.1453 -0.0643 2.0498
v  -2.1343 -0.0717 2.0541
v  -2.1674 -0.0717 2.0766
v  -2.1821 -0.0790 2.1130
v  -2.1785 -0.0832 2.1473
v  -2.1564 -0.0927 2.2460
v  -2.1589 -0.0790 2.0798
v  -2.1698 -0.0853 2.1120
v  -2.1674 -0.0895 2.1463
v  -2.1441 -0.1000 2.2428
v  -2.0964 -0.1242 2.4540
v  -2.1075 -0.1179 2.4572
v  -2.0388 -0.1473 2.6502
v  -2.0511 -0.1410 2.6523
v  -1.9875 -0.1724 2.8335
v  -1.9996 -0.1672 2.8368
v  -1.9201 -0.1987 3.0448
v  -1.9298 -0.1997 3.0448
v  -1.9004 -0.2050 3.0855
v  -1.9066 -0.2081 3.0930
v  -1.8735 -0.2081 3.1134
v  -1.8784 -0.2102 3.1220
v  -1.8429 -0.2081 3.1327
v  -1.8465 -0.2102 3.1402
v  -1.8037 -0.2081 3.1455
v  -1.7620 -0.2050 3.1498
v  -1.7620 -0.2071 3.1584
v  -1.9066 -0.2270 3.1799
v  -1.9826 -0.2417 3.1874
v  -1.9433 -0.2816 3.3643
v  -2.0596 -0.2585 3.1949
v  -2.0951 -0.2281 3.0394
v  -2.0167 -0.2974 3.3718
v  2.8531 -0.5671 3.8221
v  2.9205 -0.5891 3.8221
v  2.9167 -0.5209 3.6312
v  2.8555 -0.6374 4.0065
v  2.5935 -0.7676 4.5115
v  2.6670 -0.7875 4.5062
v  2.6583 -0.7151 4.3496
v  2.7306 -0.7361 4.3464
v  2.7221 -0.6647 4.1824
v  2.7930 -0.6857 4.1813
v  2.7870 -0.6154 4.0076
v  2.7734 -0.5419 3.8221
v  2.8372 -0.4947 3.6312
v  2.7625 -0.4716 3.6323
v  2.8225 -0.4286 3.4458
v  2.8127 -0.4254 3.4458
v  2.5078 -0.7445 4.5179
v  2.5739 -0.6910 4.3528
v  2.4943 -0.6689 4.3550
v  2.6413 -0.6395 4.1834
v  2.5628 -0.6164 4.1845
v  2.7074 -0.5902 4.0076
v  2.6302 -0.5671 4.0076
v  2.6975 -0.5178 3.8221
v  2.6205 -0.5640 4.0076
v  2.4246 -0.7235 4.5222
v  2.4367 -0.8043 4.6831
v  2.5531 -0.6133 4.1845
v  2.4845 -0.6658 4.3550
v  2.4148 -0.7203 4.5233
v  2.3401 -0.7812 4.6927
v  2.3499 -0.7844 4.6916
v  2.5262 -0.8253 4.6734
v  2.2593 -0.8505 4.8675
v  2.2481 -0.8505 4.8686
v  2.3303 -0.7802 4.6938
v  2.4050 -0.7193 4.5233
v  2.4748 -0.6637 4.3550
v  2.4086 -0.5902 4.1727
v  2.3401 -0.5188 3.9808
v  2.0584 -0.8358 4.8964
v  2.1453 -0.7623 4.7109
v  1.9323 -0.7319 4.7088
v  2.2397 -0.6983 4.5276
v  2.0780 -0.6689 4.5083
v  2.3289 -0.6416 4.3475
v  2.1783 -0.6154 4.3303
v  2.2641 -0.5661 4.1566
v  2.2004 -0.4957 3.9636
v  1.8576 -0.8222 4.9232
v  1.7033 -0.7319 4.7646
v  1.6592 -0.8117 4.9490
v  1.0640 -0.6941 4.7785
v  1.3005 -0.7151 4.7989
v  1.2809 -0.6227 4.5651
v  1.3996 -0.6469 4.6155
v  1.4976 -0.5975 4.4697
v  1.5050 -0.7235 4.7849
v  1.5490 -0.6595 4.6220
v  1.7009 -0.6658 4.6059
v  1.5845 -0.6133 4.4944
v  1.8392 -0.6584 4.5512
v  1.6812 -0.6164 4.4836
v  1.9470 -0.6269 4.4397
v  1.7743 -0.6080 4.4386
v  2.0375 -0.5849 4.2939
v  1.8503 -0.5870 4.3625
v  1.4290 -0.5745 4.4150
v  1.2171 -0.5786 4.4515
v  1.0017 -0.6091 4.5619
v  1.5490 -0.5692 4.3871
v  1.6054 -0.5839 4.4150
v  1.6703 -0.5860 4.4075
v  1.7364 -0.5786 4.3721
v  1.7903 -0.5640 4.3164
v  1.8478 -0.5398 4.2295
v  1.5404 -0.5335 4.2906
v  1.5760 -0.5493 4.3292
v  1.6005 -0.5241 4.2585
v  1.5037 -0.5482 4.3367
v  1.6187 -0.5608 4.3507
v  1.6666 -0.5619 4.3464
v  1.7143 -0.5566 4.3196
v  1.7559 -0.5461 4.2799
v  1.7351 -0.5251 4.2306
v  1.6310 -0.5314 4.2713
v  1.6640 -0.5325 4.2692
v  1.6996 -0.5304 4.2542
v  1.6996 -0.4978 4.1641
v  1.7351 -0.4989 4.1555
v  1.6445 -0.4957 4.1695
v  1.6201 -0.4915 4.1631
v  1.6703 -0.4968 4.1684
v  1.6617 -0.4516 4.0365
v  1.6911 -0.4548 4.0387
v  1.7229 -0.4590 4.0419
v  1.5723 -0.5136 4.2349
v  1.5931 -0.4863 4.1534
v  1.5454 -0.5031 4.2059
v  1.5625 -0.4821 4.1416
v  1.5184 -0.4842 4.1491
v  1.5368 -0.4726 4.1116
v  1.4927 -0.4495 4.0398
v  1.5270 -0.4464 4.0301
v  1.5135 -0.5167 4.2445
v  1.4865 -0.4926 4.1716
v  1.4535 -0.4548 4.0526
v  1.4191 -0.4086 3.8982
v  1.4682 -0.4055 3.8907
v  1.3837 -0.5440 4.3367
v  1.4707 -0.5272 4.2778
v  1.3493 -0.5073 4.2306
v  1.4413 -0.4989 4.1941
v  1.4032 -0.4579 4.0666
v  1.3115 -0.4621 4.0891
v  1.3654 -0.4097 3.9068
v  1.2735 -0.4118 3.9218
v  1.3311 -0.3614 3.7288
v  1.1817 -0.5241 4.2971
v  1.1461 -0.4695 4.1277
v  0.9441 -0.4758 4.1684
v  0.9711 -0.5388 4.3625
v  0.9221 -0.4181 3.9711
v  0.7274 -0.4181 3.9894
v  0.7384 -0.4779 4.1931
v  1.1156 -0.4149 3.9454
v  0.9062 -0.3624 3.7642
v  0.7225 -0.3614 3.7749
v  0.7200 -0.3099 3.5637
v  0.5204 -0.3068 3.5680
v  0.5253 -0.2617 3.3728
v  0.2755 -0.2596 3.3750
v  0.2792 -0.2207 3.1938
v  -0.0000 -0.2197 3.1949
v  -0.0000 -0.1840 3.0265
v  -0.2792 -0.2207 3.1938
v  -0.2828 -0.1850 3.0244
v  -0.5302 -0.2228 3.1916
v  0.5168 -0.3603 3.7824
v  0.5143 -0.4181 4.0012
v  0.2719 -0.3047 3.5712
v  0.2694 -0.3593 3.7878
v  -0.0000 -0.2585 3.3761
v  -0.0000 -0.3037 3.5733
v  -0.2755 -0.2596 3.3750
v  -0.5253 -0.2617 3.3728
v  -0.7200 -0.2648 3.3696
v  -0.7212 -0.2260 3.1895
v  -0.8877 -0.2680 3.3675
v  -0.2718 -0.3047 3.5712
v  -0.2694 -0.3593 3.7878
v  -0.5204 -0.3068 3.5680
v  -0.5167 -0.3603 3.7824
v  -0.7200 -0.3099 3.5637
v  -0.8951 -0.3120 3.5583
v  -1.0555 -0.2690 3.3632
v  -1.0702 -0.3131 3.5519
v  -1.1963 -0.2701 3.3600
v  -1.2160 -0.3141 3.5465
v  -1.2833 -0.2711 3.3578
v  -1.2661 -0.2312 3.1788
v  -1.3286 -0.2302 3.1777
v  -0.7224 -0.3614 3.7749
v  -0.7273 -0.4181 3.9894
v  -0.9061 -0.3624 3.7642
v  -0.9220 -0.4181 3.9711
v  -1.0898 -0.3624 3.7503
v  -1.1155 -0.4149 3.9454
v  -1.2416 -0.3614 3.7374
v  -1.2735 -0.4118 3.9218
v  -1.3041 -0.3141 3.5423
v  -1.3310 -0.3614 3.7288
v  -1.3433 -0.2690 3.3568
v  -1.3629 -0.3131 3.5401
v  -1.3971 -0.2249 3.1756
v  -1.4082 -0.2648 3.3535
v  -1.4229 -0.3078 3.5348
v  -1.4841 -0.3026 3.5305
v  -1.3654 -0.4097 3.9068
v  -1.4033 -0.4579 4.0666
v  -1.3886 -0.3603 3.7245
v  -1.4193 -0.4086 3.8982
v  -1.4438 -0.3572 3.7192
v  -1.4682 -0.4055 3.8907
v  -1.4977 -0.3530 3.7138
v  -1.5122 -0.4023 3.8854
v  -1.5502 -0.3488 3.7084
v  -1.5563 -0.4002 3.8811
v  -1.5441 -0.2984 3.5251
v  -1.6016 -0.3477 3.7052
v  -1.6004 -0.3992 3.8789
v  -1.6054 -0.2953 3.5219
v  -1.6518 -0.3477 3.7042
v  -1.4535 -0.4548 4.0526
v  -1.4927 -0.4495 4.0398
v  -1.5270 -0.4464 4.0301
v  -1.5638 -0.4464 4.0290
v  -1.5992 -0.4464 4.0312
v  -1.5932 -0.4863 4.1534
v  -1.6200 -0.4915 4.1631
v  -1.5723 -0.5136 4.2349
v  -1.5453 -0.5031 4.2059
v  -1.5135 -0.5167 4.2445
v  -1.5625 -0.4821 4.1416
v  -1.5185 -0.4842 4.1491
v  -1.5367 -0.4726 4.1116
v  -1.4865 -0.4926 4.1716
v  -1.4412 -0.4989 4.1941
v  -1.4706 -0.5272 4.2778
v  -1.3494 -0.5073 4.2306
v  -1.3837 -0.5440 4.3367
v  -1.1816 -0.5241 4.2971
v  -1.2171 -0.5786 4.4515
v  -0.9711 -0.5388 4.3625
v  -1.0016 -0.6091 4.5619
v  -0.7518 -0.5430 4.3968
v  -1.3115 -0.4621 4.0891
v  -1.1461 -0.4695 4.1277
v  -0.9441 -0.4758 4.1684
v  -0.7384 -0.4779 4.1931
v  -0.5155 -0.4779 4.2070
v  -0.5167 -0.5430 4.4129
v  -0.2645 -0.4789 4.2188
v  -0.2632 -0.5440 4.4268
v  -0.5143 -0.4181 4.0012
v  -0.2669 -0.4181 4.0087
v  -0.0000 -0.4181 4.0119
v  -0.0000 -0.4789 4.2242
v  0.2645 -0.4789 4.2188
v  -0.0000 -0.3582 3.7899
v  0.2670 -0.4181 4.0087
v  0.5155 -0.4779 4.2070
v  0.5168 -0.5430 4.4129
v  0.7519 -0.5430 4.3968
v  0.7678 -0.6175 4.6102
v  2.9107 -0.3509 3.0898
v  2.9718 -0.3194 2.9172
v  2.9205 -0.3519 3.0909
v  2.8580 -0.3855 3.2635
v  2.8678 -0.3866 3.2646
v  2.8029 -0.4244 3.4447
v  3.0318 -0.2911 2.7349
v  2.9805 -0.3225 2.9161
v  2.9303 -0.3551 3.0898
v  2.8776 -0.3897 3.2646
v  3.1115 -0.3194 2.7317
v  3.0588 -0.3498 2.9129
v  3.0073 -0.3813 3.0876
v  2.9548 -0.4149 3.2613
v  2.8984 -0.4527 3.4436
v  3.1947 -0.3467 2.7274
v  3.1409 -0.3771 2.9107
v  3.0894 -0.4076 3.0855
v  3.0356 -0.4411 3.2592
v  2.9780 -0.4789 3.4425
v  3.2646 -0.3698 2.7231
v  3.2106 -0.3992 2.9075
v  3.2744 -0.4170 2.9054
v  3.1579 -0.4307 3.0834
v  3.2217 -0.4485 3.0823
v  3.1054 -0.4642 3.2581
v  3.0465 -0.5020 3.4425
v  2.9854 -0.5430 3.6312
v  3.1691 -0.4831 3.2581
v  3.1102 -0.5209 3.4425
v  3.0477 -0.5619 3.6323
v  2.9829 -0.6080 3.8221
v  2.9180 -0.6563 4.0065
v  2.8568 -0.7046 4.1791
v  2.7955 -0.7539 4.3432
v  2.9792 -0.6710 4.0054
v  2.9167 -0.7203 4.1770
v  2.8568 -0.7697 4.3400
v  2.7968 -0.8201 4.4954
v  2.7330 -0.8054 4.5008
v  3.0465 -0.6836 4.0044
v  2.9841 -0.7329 4.1748
v  3.0687 -0.7445 4.1738
v  2.9254 -0.7823 4.3367
v  3.0073 -0.7928 4.3325
v  2.8654 -0.8327 4.4911
v  2.9486 -0.8442 4.4847
v  2.8066 -0.8872 4.6423
v  2.8886 -0.8988 4.6348
v  2.7355 -0.8746 4.6498
v  2.6694 -0.8599 4.6563
v  2.6020 -0.8442 4.6648
v  2.7442 -0.9471 4.7956
v  2.8274 -0.9576 4.7849
v  2.6719 -0.9345 4.8053
v  2.6033 -0.9208 4.8149
v  2.5322 -0.9072 4.8257
v  2.4538 -0.8904 4.8385
v  2.3597 -0.8715 4.8525
v  2.2689 -0.8526 4.8653
v  2.7674 -1.0163 4.9265
v  2.8457 -1.0247 4.9136
v  2.6842 -1.0058 4.9404
v  2.6094 -0.9943 4.9543
v  2.5384 -0.9827 4.9672
v  2.4650 -0.9691 4.9811
v  2.3816 -0.9544 4.9961
v  2.2836 -0.9387 5.0154
v  2.1881 -0.9219 5.0337
v  2.7638 -1.0195 4.9350
v  2.6804 -1.0090 4.9490
v  2.7183 -1.0342 4.9500
v  2.6058 -0.9974 4.9618
v  2.5347 -0.9859 4.9747
v  2.5592 -1.0090 4.9790
v  2.4612 -0.9733 4.9886
v  2.3780 -0.9586 5.0047
v  2.4503 -0.9901 4.9994
v  2.2800 -0.9418 5.0240
v  2.1832 -0.9261 5.0422
v  2.1734 -0.9240 5.0444
v  2.8544 -1.0541 4.9265
v  2.8421 -1.0289 4.9222
v  2.8531 -1.0300 4.9211
v  2.8654 -1.0562 4.9243
v  2.8555 -1.0268 4.9125
v  2.8691 -1.0520 4.9168
v  2.9303 -0.9901 4.7742
v  2.9156 -0.9681 4.7731
v  2.3180 -0.9670 5.0240
v  2.1722 -0.9429 5.0530
v  2.1624 -0.9418 5.0551
v  2.1515 -0.9408 5.0573
v  2.1624 -0.9229 5.0465
v  1.9727 -0.9145 5.0819
v  1.9628 -0.9324 5.0926
v  1.7768 -0.9051 5.1162
v  1.7681 -0.9240 5.1269
v  1.5919 -0.8988 5.1441
v  1.5845 -0.9166 5.1548
v  1.0029 -0.8809 5.2031
v  1.2135 -0.8851 5.1838
v  1.0213 -0.7938 5.0112
v  1.2122 -0.8883 5.1913
v  1.4069 -0.8935 5.1688
v  1.4082 -0.8893 5.1613
v  1.2454 -0.7980 4.9919
v  1.5943 -0.8946 5.1366
v  1.4560 -0.8033 4.9715
v  1.7804 -0.9019 5.1077
v  1.9764 -0.9103 5.0733
v  2.1662 -0.9198 5.0380
v  2.1772 -0.9208 5.0358
v  0.7788 -0.7004 4.8235
v  0.7776 -0.7896 5.0272
v  0.5204 -0.6164 4.6252
v  0.5229 -0.6973 4.8375
v  0.2633 -0.5440 4.4268
v  0.2633 -0.6164 4.6380
v  -0.0000 -0.5440 4.4322
v  0.7702 -0.8788 5.2192
v  0.5229 -0.7865 5.0401
v  0.5217 -0.8757 5.2299
v  0.2621 -0.7854 5.0487
v  0.2621 -0.6973 4.8471
v  -0.0000 -0.6973 4.8514
v  -0.0000 -0.7854 5.0508
v  -0.2620 -0.7854 5.0487
v  -0.2620 -0.6973 4.8471
v  -0.5228 -0.7865 5.0401
v  -0.5228 -0.6973 4.8375
v  -0.7775 -0.7896 5.0272
v  -0.7788 -0.7004 4.8235
v  -1.0213 -0.7938 5.0112
v  -1.0641 -0.6941 4.7785
v  -1.2454 -0.7980 4.9919
v  0.2633 -0.8746 5.2374
v  -0.0000 -0.8746 5.2406
v  -0.2632 -0.8746 5.2374
v  -0.5216 -0.8757 5.2299
v  -0.7702 -0.8788 5.2192
v  -0.7702 -0.8820 5.2267
v  -1.0028 -0.8809 5.2031
v  -1.0016 -0.8851 5.2117
v  -1.2135 -0.8851 5.1838
v  -1.2122 -0.8883 5.1913
v  -1.4082 -0.8893 5.1613
v  -1.4069 -0.8935 5.1688
v  -2.1625 -0.9229 5.0465
v  -1.9763 -0.9103 5.0733
v  -2.1662 -0.9198 5.0380
v  -1.9728 -0.9145 5.0819
v  -1.7804 -0.9019 5.1077
v  -1.7767 -0.9051 5.1162
v  -1.5943 -0.8946 5.1366
v  -1.5918 -0.8988 5.1441
v  -1.5846 -0.9166 5.1548
v  -1.7682 -0.9240 5.1269
v  -1.9629 -0.9324 5.0926
v  -2.1515 -0.9408 5.0573
v  -2.1736 -0.9240 5.0444
v  -2.1625 -0.9418 5.0551
v  -2.1834 -0.9261 5.0422
v  -2.1723 -0.9429 5.0530
v  -2.3180 -0.9670 5.0240
v  -2.2800 -0.9418 5.0240
v  -2.3780 -0.9586 5.0047
v  -2.4503 -0.9901 4.9994
v  -2.1772 -0.9208 5.0358
v  -2.1883 -0.9219 5.0337
v  -2.2838 -0.9387 5.0154
v  -2.3816 -0.9544 4.9961
v  -2.4612 -0.9733 4.9886
v  -2.4650 -0.9691 4.9811
v  -2.5347 -0.9859 4.9747
v  -2.5384 -0.9827 4.9672
v  -2.6058 -0.9974 4.9618
v  -2.5592 -1.0090 4.9790
v  -2.7185 -1.0342 4.9500
v  -2.6804 -1.0090 4.9490
v  -2.7638 -1.0195 4.9350
v  -2.8544 -1.0541 4.9265
v  -2.8421 -1.0289 4.9222
v  -2.8531 -1.0300 4.9211
v  -2.8653 -1.0562 4.9243
v  -2.8555 -1.0268 4.9125
v  -2.8691 -1.0520 4.9168
v  -2.9303 -0.9901 4.7742
v  -2.7674 -1.0163 4.9265
v  -2.6841 -1.0058 4.9404
v  -2.7442 -0.9471 4.7956
v  -2.6094 -0.9943 4.9543
v  -2.6719 -0.9345 4.8053
v  -2.6034 -0.9208 4.8149
v  -2.9939 -0.9271 4.6252
v  -3.0552 -0.8736 4.4761
v  -3.1151 -0.8232 4.3260
v  -3.1751 -0.7749 4.1695
v  -3.2376 -0.7266 4.0044
v  -3.3025 -0.6763 3.8253
v  -3.3686 -0.6280 3.6388
v  -1.7548 0.0564 1.1834
v  -1.7241 0.0627 1.1363
v  -1.6679 0.0711 1.0837
v  -3.6943 -0.0087 -0.2533
v  -2.6915 0.0889 0.2067
v  -2.7368 0.0595 0.4511
v  -2.9155 0.0742 0.0973
v  -3.1079 0.0637 -0.0442
v  -3.4422 0.0385 -0.3090
v  -3.5928 0.0207 -0.4098
v  -3.2572 -0.0381 0.7610
v  -3.0148 0.0112 0.6023
v  -2.4465 0.1036 0.2946
v  -2.4124 0.1319 0.0426
v  -2.6364 0.1183 -0.0389
v  -2.8457 0.1036 -0.1300
v  -3.0368 0.0910 -0.2286
v  -2.1932 0.1151 0.3739
v  -1.9261 0.1256 0.4447
v  -1.6385 0.1340 0.5090
v  -2.1821 0.1424 0.1177
v  -2.1821 0.1435 0.1080
v  -1.9324 0.1529 0.1852
v  -1.9324 0.1540 0.1767
v  -1.6507 0.1624 0.2496
v  -1.6507 0.1634 0.2399
v  -1.3446 0.1708 0.3053
v  -1.3446 0.1718 0.2967
v  -1.0200 0.1771 0.3514
v  -1.0213 0.1781 0.3428
v  -0.6857 0.1813 0.3847
v  -0.6857 0.1823 0.3761
v  -0.3441 0.1855 0.3965
v  -2.4110 0.1330 0.0341
v  -2.6266 0.0984 -0.0571
v  -2.6339 0.1193 -0.0474
v  -2.4050 0.1120 0.0244
v  -2.1772 0.1235 0.0984
v  -1.9298 0.1330 0.1670
v  -1.6494 0.1424 0.2313
v  -1.3433 0.1508 0.2871
v  -1.0200 0.1571 0.3332
v  -0.6857 0.1613 0.3664
v  -0.3441 0.1645 0.3868
v  -0.0000 0.1865 0.4029
v  -0.0000 0.1666 0.3932
v  0.3441 0.1645 0.3868
v  0.3441 0.1855 0.3965
v  0.6858 0.1823 0.3761
v  0.6858 0.1613 0.3664
v  1.0213 0.1781 0.3428
v  1.0200 0.1571 0.3332
v  1.3444 0.1718 0.2967
v  1.3433 0.1508 0.2871
v  1.6507 0.1634 0.2399
v  1.6494 0.1424 0.2313
v  1.9323 0.1529 0.1852
v  1.6507 0.1624 0.2496
v  1.9262 0.1256 0.4447
v  1.3444 0.1708 0.3053
v  1.6384 0.1340 0.5090
v  1.0200 0.1771 0.3514
v  1.3322 0.1414 0.5637
v  0.6858 0.1813 0.3847
v  1.0078 0.1487 0.6055
v  2.1930 0.1151 0.3739
v  2.1821 0.1424 0.1177
v  1.9323 0.1540 0.1767
v  2.4465 0.1036 0.2946
v  2.4123 0.1319 0.0426
v  2.1821 0.1435 0.1080
v  2.6915 0.0889 0.2067
v  1.9188 0.1005 0.6774
v  2.1734 0.0921 0.6162
v  2.4514 0.0742 0.5809
v  2.7368 0.0595 0.4511
v  3.0258 0.0364 0.3428
v  2.9156 0.0742 0.0973
v  2.0939 0.0763 0.8114
v  2.2397 0.0637 0.8318
v  2.5273 0.0459 0.7846
v  2.7625 0.0333 0.6763
v  3.0148 0.0112 0.6023
v  3.2779 -0.0192 0.5584
v  3.3123 -0.0066 0.3793
v  3.2155 0.0343 0.1123
v  2.7710 0.0070 0.9004
v  3.0099 -0.0129 0.8264
v  3.2572 -0.0381 0.7610
v  3.4997 -0.0654 0.7010
v  3.5352 -0.0528 0.5294
v  3.2228 -0.0601 1.0130
v  3.4469 -0.0843 0.9551
v  3.5107 -0.0664 0.6988
v  3.5450 -0.0538 0.5283
v  3.5718 -0.0444 0.3954
v  3.5620 -0.0433 0.3943
v  3.5536 -0.0591 0.5283
v  3.5989 -0.0360 0.2528
v  3.6062 -0.0412 0.2549
v  3.5792 -0.0507 0.3954
v  3.6332 -0.1126 0.5240
v  3.5975 -0.1210 0.6913
v  3.6220 -0.1766 0.9476
v  3.5585 -0.1955 1.2714
v  3.5547 -0.2480 1.6263
v  3.6624 -0.0182 -0.0817
v  3.6698 -0.0234 -0.0828
v  3.6981 -0.0161 -0.2404
v  3.6294 -0.0266 0.0952
v  3.6368 -0.0329 0.0930
v  3.6981 -0.0675 0.0169
v  3.6906 -0.0885 0.1616
v  3.6736 -0.0958 0.2721
v  3.6551 -0.1053 0.3986
v  3.6993 -0.1588 0.5305
v  3.6698 -0.1651 0.6902
v  3.7066 -0.1882 0.6967
v  3.7434 -0.1168 0.0759
v  3.7421 -0.1347 0.1799
v  3.7397 -0.1494 0.2892
v  3.7359 -0.1630 0.4018
v  3.7287 -0.1808 0.5444
v  3.7225 -0.1955 0.6913
v  3.7115 -0.2186 0.9615
v  3.6760 -0.2039 0.9540
v  3.6283 -0.2239 1.2799
v  3.6968 -0.2459 1.2885
v  3.7470 -0.1557 0.2914
v  3.7434 -0.1683 0.4029
v  3.7385 -0.1819 0.5187
v  3.7311 -0.1987 0.6892
v  3.7200 -0.2218 0.9626
v  3.7066 -0.2491 1.2907
v  3.6796 -0.2774 1.6445
v  3.6906 -0.2764 1.6198
v  3.6662 -0.3047 1.9361
v  3.6760 -0.3047 1.9308
v  3.6502 -0.3383 2.2224
v  3.7544 -0.1609 0.1788
v  3.7519 -0.1756 0.2892
v  3.7483 -0.1871 0.4018
v  3.7446 -0.2008 0.5198
v  3.7397 -0.2134 0.6613
v  3.7336 -0.2281 0.8446
v  3.7274 -0.2428 1.0505
v  3.7213 -0.2564 1.2596
v  3.7126 -0.2732 1.4772
v  3.7030 -0.2942 1.7088
v  3.6906 -0.3194 1.9490
v  3.6613 -0.3351 2.1988
v  3.6772 -0.3488 2.1913
v  3.6466 -0.3708 2.4497
v  3.6638 -0.3845 2.4400
v  3.6294 -0.4139 2.7070
v  3.6491 -0.4307 2.6984
v  3.6332 -0.4810 2.9526
v  3.6111 -0.4600 2.9601
v  3.6332 -0.4821 2.9611
v  3.6111 -0.4611 2.9686
v  3.6270 -0.4831 2.9697
v  3.6356 -0.3719 2.4551
v  3.6196 -0.4139 2.7070
v  3.6024 -0.4600 2.9622
v  3.6049 -0.4632 2.9772
v  3.5828 -0.4695 3.0126
v  3.5743 -0.4684 3.0083
v  3.5450 -0.4789 3.0651
v  3.5536 -0.4800 3.0705
v  3.5118 -0.4957 3.1520
v  3.5989 -0.4915 3.0126
v  3.5658 -0.5031 3.0748
v  3.5205 -0.4968 3.1563
v  3.5326 -0.5188 3.1584
v  3.4776 -0.5230 3.2785
v  3.4922 -0.5440 3.2774
v  3.4201 -0.5619 3.4500
v  3.4348 -0.5818 3.4468
v  3.3540 -0.6080 3.6420
v  3.3686 -0.6280 3.6388
v  3.2878 -0.6563 3.8285
v  3.4678 -0.5220 3.2785
v  3.4103 -0.5608 3.4500
v  3.3442 -0.6070 3.6420
v  3.2768 -0.6553 3.8285
v  3.2119 -0.7046 4.0065
v  3.2217 -0.7057 4.0065
v  3.1494 -0.7529 4.1716
v  3.1593 -0.7539 4.1716
v  3.0894 -0.8022 4.3292
v  3.3025 -0.6763 3.8253
v  3.2376 -0.7266 4.0044
v  3.1751 -0.7749 4.1695
v  3.0992 -0.8033 4.3282
v  3.1151 -0.8232 4.3260
v  3.0392 -0.8536 4.4793
v  3.0552 -0.8736 4.4761
v  2.9780 -0.9082 4.6262
v  2.9939 -0.9271 4.6252
v  3.0282 -0.8526 4.4793
v  2.9682 -0.9072 4.6273
v  2.9046 -0.9660 4.7742
v  3.1311 -0.6952 4.0054
v  3.1947 -0.6469 3.8253
v  3.1115 -0.6353 3.8232
v  3.0429 -0.6227 3.8221
v  3.1764 -0.5891 3.6345
v  3.1077 -0.5776 3.6323
v  3.2608 -0.5986 3.6377
v  3.2389 -0.5451 3.4447
v  3.3257 -0.5545 3.4468
v  3.3833 -0.5146 3.2688
v  3.2976 -0.5062 3.2613
v  3.4335 -0.4852 3.1198
v  3.3514 -0.4737 3.0930
v  3.4776 -0.4653 3.0180
v  3.5216 -0.4600 2.9804
v  3.4176 -0.4422 2.9204
v  3.5192 -0.4432 2.8925
v  3.5828 -0.3740 2.4851
v  3.5450 -0.4107 2.7059
v  3.3380 -0.4307 2.9043
v  3.2842 -0.4621 3.0834
v  3.2291 -0.4968 3.2581
v  3.1702 -0.5346 3.4436
v  -1.6262 -0.1892 3.0823
v  -1.6335 -0.1871 3.0748
v  -1.6494 -0.1945 3.1123
v  -1.6212 -0.1787 3.0319
v  -1.7217 -0.2081 3.1338
v  -1.7181 -0.2018 3.1423
v  -1.6874 -0.2039 3.1177
v  -1.6812 -0.1976 3.1252
v  -1.6604 -0.1997 3.0952
v  -1.6556 -0.1934 3.1048
v  -1.6408 -0.1934 3.0662
v  -1.6322 -0.1871 3.0319
v  -1.6054 -0.1473 2.8185
v  -1.5955 -0.1399 2.8207
v  -1.5820 -0.1179 2.6320
v  -1.5723 -0.1105 2.6341
v  -1.5625 -0.0895 2.4325
v  -1.5515 -0.0811 2.4347
v  -1.5453 -0.0612 2.2235
v  -1.6776 -0.1987 3.1327
v  -1.7168 -0.2039 3.1498
v  -1.6874 -0.2060 3.1659
v  -1.6140 -0.2071 3.1670
v  -1.6763 -0.2491 3.3428
v  -1.6090 -0.2491 3.3428
v  -1.5416 -0.2123 3.1702
v  -1.5429 -0.2522 3.3450
v  -1.4694 -0.2186 3.1734
v  -1.4755 -0.2585 3.3493
v  -1.5416 -0.1798 3.0137
v  -1.6102 -0.1787 3.0297
v  -1.4646 -0.1840 3.0040
v  -1.4620 -0.1515 2.8314
v  -1.3886 -0.1903 3.0062
v  -1.3824 -0.1578 2.8335
v  -1.3163 -0.1945 3.0072
v  -1.2527 -0.1955 3.0094
v  -0.8828 -0.2281 3.1874
v  -1.0458 -0.2302 3.1841
v  -1.1816 -0.2312 3.1809
v  -1.3079 -0.1609 2.8346
v  -1.2405 -0.1294 2.6502
v  -1.2441 -0.1630 2.8368
v  -1.1596 -0.1284 2.6513
v  -1.1694 -0.1955 3.0115
v  -1.1621 -0.1620 2.8389
v  -1.0372 -0.1955 3.0147
v  -0.8804 -0.1934 3.0180
v  -1.0322 -0.1620 2.8410
v  -0.7224 -0.1913 3.0201
v  -0.7261 -0.1578 2.8464
v  -0.5339 -0.1882 3.0222
v  -0.5388 -0.1546 2.8485
v  -0.2865 -0.1515 2.8507
v  -0.0000 -0.1494 2.8528
v  -0.8792 -0.1609 2.8443
v  -0.5449 -0.1200 2.6566
v  -0.7310 -0.1231 2.6545
v  -0.8816 -0.1263 2.6534
v  -1.0322 -0.1284 2.6523
v  -1.0421 -0.0927 2.4422
v  -1.1694 -0.0948 2.4443
v  -1.0677 -0.0559 2.2052
v  -1.2000 -0.0591 2.2138
v  -1.2514 -0.0958 2.4476
v  -1.2821 -0.0612 2.2224
v  -1.3163 -0.0948 2.4476
v  -0.9122 -0.0517 2.1999
v  -0.8914 -0.0895 2.4400
v  -0.7396 -0.0874 2.4411
v  -0.5535 -0.0843 2.4411
v  -0.2939 -0.0811 2.4422
v  -0.2902 -0.1168 2.6577
v  -0.0000 -0.0790 2.4422
v  -0.0000 -0.1147 2.6577
v  0.2902 -0.1168 2.6577
v  0.2866 -0.1515 2.8507
v  0.5388 -0.1546 2.8485
v  -0.7555 -0.0486 2.1999
v  -0.7775 -0.0098 1.9458
v  -0.5632 -0.0454 2.2020
v  -0.5755 -0.0077 1.9511
v  -0.3000 -0.0433 2.2042
v  -0.0000 -0.0412 2.2052
v  0.2939 -0.0811 2.4422
v  0.5448 -0.1200 2.6566
v  0.7262 -0.1578 2.8464
v  0.7225 -0.1913 3.0201
v  -0.3049 -0.0056 1.9543
v  -0.0000 -0.0045 1.9565
v  0.3000 -0.0433 2.2042
v  0.5534 -0.0843 2.4411
v  0.7311 -0.1231 2.6545
v  0.8792 -0.1609 2.8443
v  0.8805 -0.1934 3.0180
v  0.8829 -0.2281 3.1874
v  -0.5890 0.0270 1.7002
v  -0.3098 0.0291 1.7045
v  -0.0000 0.0301 1.7067
v  0.3049 -0.0056 1.9543
v  0.5633 -0.0454 2.2020
v  0.5755 -0.0077 1.9511
v  0.7396 -0.0874 2.4411
v  0.7556 -0.0486 2.1999
v  0.8817 -0.1263 2.6534
v  0.8915 -0.0895 2.4400
v  1.0323 -0.1620 2.8410
v  1.0323 -0.1284 2.6523
v  -0.8057 0.0238 1.6927
v  0.7776 -0.0098 1.9458
v  0.9123 -0.0517 2.1999
v  1.0421 -0.0927 2.4422
v  1.3285 -0.2302 3.1777
v  1.2661 -0.2312 3.1788
v  1.2832 -0.2711 3.3578
v  1.3163 -0.1945 3.0072
v  1.2527 -0.1955 3.0094
v  1.1817 -0.2312 3.1809
v  1.3077 -0.1609 2.8346
v  1.2441 -0.1630 2.8368
v  1.1694 -0.1955 3.0115
v  1.2405 -0.1294 2.6502
v  1.1596 -0.1284 2.6513
v  1.1621 -0.1620 2.8389
v  1.1694 -0.0948 2.4443
v  1.2515 -0.0958 2.4476
v  1.3054 -0.1284 2.6491
v  1.3824 -0.1578 2.8335
v  1.3886 -0.1903 3.0062
v  1.4645 -0.1840 3.0040
v  1.2821 -0.0612 2.2224
v  1.3163 -0.0948 2.4476
v  1.3813 -0.1242 2.6459
v  1.3923 -0.0916 2.4443
v  1.4621 -0.1515 2.8314
v  1.4633 -0.1189 2.6416
v  1.4191 -0.0591 2.2277
v  1.4645 -0.0287 2.0015
v  1.5318 0.0007 1.7721
v  1.5956 0.0007 1.7828
v  1.6580 0.0007 1.7924
v  1.7241 -0.0003 1.8010
v  1.7988 -0.0014 1.8064
v  1.5539 0.0249 1.5458
v  1.8967 0.0522 1.1781
v  1.8478 0.0627 1.0955
v  1.0372 -0.1955 3.0147
v  1.0458 -0.2302 3.1841
v  0.5339 -0.1882 3.0222
v  0.7213 -0.2260 3.1895
v  0.8878 -0.2680 3.3675
v  1.0556 -0.2690 3.3632
v  1.1963 -0.2701 3.3600
v  1.0703 -0.3131 3.5519
v  1.2160 -0.3141 3.5465
v  1.0898 -0.3624 3.7503
v  1.2416 -0.3614 3.7374
v  1.3041 -0.3141 3.5423
v  0.8951 -0.3120 3.5583
v  0.7200 -0.2648 3.3696
v  0.5302 -0.2228 3.1916
v  0.2829 -0.1850 3.0244
v  1.5992 -0.4464 4.0312
v  1.6801 -0.4023 3.8800
v  1.6323 -0.4485 4.0344
v  1.6409 -0.4002 3.8779
v  1.6005 -0.3992 3.8789
v  -2.1000 0.0301 1.2435
v  -2.2287 0.0070 1.3410
v  -2.1809 0.0091 1.3679
v  -2.3229 -0.0234 1.5244
v  -2.2666 -0.0192 1.5448
v  -2.3842 -0.0255 1.4965
v  -2.4514 -0.0622 1.7313
v  -2.2091 -0.0140 1.5651
v  -2.1381 0.0112 1.3979
v  -2.1943 -0.0381 1.7935
v  -2.1479 -0.0077 1.5844
v  -2.1172 -0.0287 1.7999
v  -2.0596 -0.0423 1.9715
v  -2.0401 -0.0203 1.8042
v  -2.0216 0.0028 1.6070
v  -2.0854 -0.0024 1.5973
v  -2.0964 0.0144 1.4215
v  -2.0486 0.0175 1.4333
v  -2.0622 0.0259 1.3335
v  -2.0230 0.0322 1.3089
v  -2.0732 0.0291 1.2832
v  -2.0230 0.0385 1.2253
v  -1.9984 0.0217 1.4386
v  -1.9812 0.0364 1.3025
v  -1.9812 0.0448 1.2006
v  -2.0426 0.0417 1.1695
v  -2.1417 0.0301 1.2102
v  -2.3008 0.0049 1.3078
v  -2.2200 0.0291 1.1620
v  -2.0781 0.0438 1.1277
v  -1.9959 0.0501 1.1266
v  -2.0241 0.0532 1.0741
v  -1.9384 0.0396 1.2992
v  -1.9543 0.0091 1.6145
v  -1.8772 -0.0056 1.8096
v  -1.7241 -0.0003 1.8010
v  -1.7069 0.0207 1.5952
v  -1.6580 0.0007 1.7924
v  -1.9592 -0.0119 1.8085
v  -1.9568 -0.0297 1.9726
v  -1.6176 -0.0203 1.9779
v  -1.6947 -0.0192 1.9747
v  -1.6298 -0.0255 2.0176
v  -1.7793 -0.0192 1.9736
v  -1.7731 -0.0234 2.0155
v  -1.8674 -0.0224 1.9736
v  -1.8637 -0.0266 2.0155
v  -1.6874 -0.0234 2.0165
v  -1.6029 -0.0266 2.0219
v  -1.5661 -0.0297 2.0390
v  -1.5465 -0.0339 2.0701
v  -1.5723 -0.0297 2.0455
v  -1.5784 -0.0391 2.0519
v  -1.6029 -0.0276 2.0305
v  -1.6065 -0.0360 2.0380
v  -1.6335 -0.0266 2.0262
v  -1.6408 -0.0349 2.0326
v  -1.6874 -0.0255 2.0251
v  -1.6861 -0.0339 2.0326
v  -1.7731 -0.0245 2.0251
v  -1.7718 -0.0339 2.0315
v  -1.8637 -0.0276 2.0240
v  -1.8626 -0.0370 2.0315
v  -1.9556 -0.0360 2.0230
v  -1.9543 -0.0454 2.0305
v  -2.0634 -0.0591 2.0305
v  -1.5563 -0.0423 2.0734
v  -1.5331 -0.0381 2.0991
v  -1.5234 -0.0381 2.0980
v  -1.5441 -0.0465 2.0991
v  -1.5307 -0.0423 2.1302
v  -1.5404 -0.0496 2.1291
v  -1.5343 -0.0538 2.2245
v  -1.5245 -0.0538 2.2245
v  -1.5221 -0.0412 2.1248
v  -1.4878 -0.0559 2.2256
v  -1.5000 -0.0391 2.0969
v  -1.4646 -0.0287 2.0015
v  -1.5307 -0.0266 2.0047
v  -1.5416 -0.0329 2.0616
v  -1.5955 0.0007 1.7828
v  -1.6567 0.0228 1.5823
v  -0.9453 -0.0140 1.9458
v  -0.9906 0.0196 1.6917
v  -1.1119 -0.0192 1.9565
v  -1.1731 0.0133 1.7077
v  -1.3446 -0.0622 2.2277
v  -1.4193 -0.0591 2.2277
v  -1.3922 -0.0916 2.4443
v  -1.3053 -0.1284 2.6491
v  -1.3813 -0.1242 2.6459
v  -1.4633 -0.1189 2.6416
v  -1.4743 -0.0864 2.4390
v  -1.5367 -0.1441 2.8250
v  -1.5196 -0.1147 2.6373
v  -1.5416 -0.0822 2.4347
v  -1.5857 -0.1410 2.8217
v  -1.5625 -0.1105 2.6352
v  -3.2083 0.0774 -0.3337
v  -3.3637 0.0627 -0.4431
v  -3.5022 0.0480 -0.5481
v  -2.8433 0.1046 -0.1375
v  -3.0332 0.0921 -0.2361
v  -3.2045 0.0784 -0.3412
v  -3.3589 0.0637 -0.4506
v  -3.4948 0.0490 -0.5546
v  -3.5045 0.0480 -0.5621
v  -3.5094 0.0469 -0.5535
v  -3.6000 0.0196 -0.4152
v  -2.8359 0.0847 -0.1471
v  -3.0258 0.0711 -0.2458
v  -3.1996 0.0574 -0.3530
v  -3.3589 0.0427 -0.4656
v  -3.5009 0.0270 -0.5750
v  -3.5107 0.0259 -0.5814
v  -3.5156 0.0249 -0.5739
v  -3.6883 -0.0161 -0.3101
v  -3.6894 -0.0066 -0.2801
v  -3.6957 -0.0182 -0.3005
v  -3.6968 -0.0087 -0.2683
v  -3.6992 -0.0234 -0.2887
v  -3.7004 -0.0140 -0.2565
v  -3.7164 -0.0517 -0.2297
v  -3.7164 -0.0381 -0.2104
v  -3.7323 -0.0643 -0.1514
v  -3.7263 -0.0591 -0.1482
v  -3.7347 -0.0822 -0.1622
v  -3.7140 -0.0402 -0.1911
v  -3.7030 -0.0507 -0.0871
v  -3.6981 -0.0675 0.0169
v  -3.7091 -0.0906 0.0844
v  -2.7355 -0.8746 4.6498
v  -2.8067 -0.8872 4.6423
v  -2.8653 -0.8327 4.4911
v  -2.7969 -0.8201 4.4954
v  -2.8569 -0.7697 4.3400
v  -2.7332 -0.8054 4.5008
v  -2.7955 -0.7539 4.3432
v  -2.6694 -0.8599 4.6563
v  -2.6670 -0.7875 4.5062
v  -2.7306 -0.7361 4.3464
v  -2.6021 -0.8442 4.6648
v  -2.5936 -0.7676 4.5115
v  -2.6585 -0.7151 4.3496
v  -2.5261 -0.8253 4.6734
v  -2.5079 -0.7445 4.5179
v  -2.5739 -0.6910 4.3528
v  -2.4369 -0.8043 4.6831
v  -2.4246 -0.7235 4.5222
v  -2.4943 -0.6689 4.3550
v  -2.3499 -0.7844 4.6916
v  -2.3400 -0.7812 4.6927
v  -2.4148 -0.7203 4.5233
v  -2.2483 -0.8505 4.8686
v  -2.2593 -0.8505 4.8675
v  -2.2691 -0.8526 4.8653
v  -2.3597 -0.8715 4.8525
v  -2.4539 -0.8904 4.8385
v  -2.5324 -0.9072 4.8257
v  -2.0584 -0.8358 4.8964
v  -2.1453 -0.7623 4.7109
v  -1.8576 -0.8222 4.9232
v  -1.9324 -0.7319 4.7088
v  -1.6593 -0.8117 4.9490
v  -1.7033 -0.7319 4.7646
v  -1.4560 -0.8033 4.9715
v  -1.5049 -0.7235 4.7849
v  -1.3004 -0.7151 4.7989
v  -1.5404 -0.5335 4.2906
v  -1.5037 -0.5482 4.3367
v  -1.4290 -0.5745 4.4150
v  -1.2808 -0.6227 4.5651
v  -1.3996 -0.6469 4.6155
v  -1.5490 -0.6595 4.6220
v  -1.6310 -0.5314 4.2713
v  -1.6004 -0.5241 4.2585
v  -1.5760 -0.5493 4.3292
v  -1.5490 -0.5692 4.3871
v  -1.4977 -0.5975 4.4697
v  -1.5846 -0.6133 4.4944
v  -1.7009 -0.6658 4.6059
v  -1.6812 -0.6164 4.4836
v  -1.8392 -0.6584 4.5512
v  -1.7743 -0.6080 4.4386
v  -1.6702 -0.5860 4.4075
v  -1.7363 -0.5786 4.3721
v  -1.6665 -0.5619 4.3464
v  -1.6188 -0.5608 4.3507
v  -2.0781 -0.6689 4.5083
v  -2.3302 -0.7802 4.6938
v  -0.5204 -0.6164 4.6252
v  -0.2632 -0.6164 4.6380
v  -0.0000 -0.6175 4.6434
v  -0.7677 -0.6175 4.6102
v  3.5903 -0.0339 0.2496
v  3.3906 -0.0003 0.1992
v  3.6196 -0.0255 0.0919
v  3.6526 -0.0161 -0.0807
v  3.5596 -0.0003 -0.0764
v  3.4837 0.0007 0.0405
v  3.3674 0.0280 -0.0560
v  3.1077 0.0637 -0.0442
v  3.5132 0.0154 -0.1804
v  3.2793 0.0532 -0.1900
v  3.6858 -0.0066 -0.2651
v  3.6944 -0.0087 -0.2533
v  3.5926 0.0207 -0.4098
v  3.4420 0.0385 -0.3090
v  2.6364 0.1183 -0.0389
v  2.4110 0.1330 0.0341
v  2.8457 0.1036 -0.1300
v  2.6340 0.1193 -0.0474
v  3.0367 0.0910 -0.2286
v  2.8432 0.1046 -0.1375
v  3.2081 0.0774 -0.3337
v  3.0331 0.0921 -0.2361
v  3.3637 0.0627 -0.4431
v  3.2046 0.0784 -0.3412
v  3.5020 0.0480 -0.5481
v  1.9298 0.1330 0.1670
v  2.1772 0.1235 0.0984
v  2.4050 0.1120 0.0244
v  2.6266 0.0984 -0.0571
v  2.8359 0.0847 -0.1471
v  3.0258 0.0711 -0.2458
v  3.1996 0.0574 -0.3530
v  3.3589 0.0637 -0.4506
v  3.3589 0.0427 -0.4656
v  3.4948 0.0490 -0.5546
v  3.5009 0.0270 -0.5750
v  3.5107 0.0259 -0.5814
v  3.5045 0.0480 -0.5621
v  3.5156 0.0249 -0.5739
v  3.5094 0.0469 -0.5535
v  3.6000 0.0196 -0.4152
v  3.6883 -0.0161 -0.3101
v  3.6895 -0.0066 -0.2801
v  3.6955 -0.0182 -0.3005
v  3.6968 -0.0087 -0.2683
v  3.6993 -0.0234 -0.2887
v  3.7004 -0.0140 -0.2565
v  3.7164 -0.0381 -0.2104
v  3.7164 -0.0517 -0.2297
v  3.7323 -0.0643 -0.1514
v  3.7347 -0.0822 -0.1622
v  3.7434 -0.0843 -0.0925
v  3.7470 -0.1032 -0.1000
v  3.7495 -0.1021 -0.0217
v  3.7531 -0.1221 -0.0281
v  3.7506 -0.1221 0.0737
v  3.7544 -0.1420 0.0684
v  3.7495 -0.1410 0.1831
v  3.7140 -0.0402 -0.1911
v  3.7262 -0.0591 -0.1482
v  3.7359 -0.0780 -0.0914
v  3.7421 -0.0979 -0.0163
v  3.7030 -0.0507 -0.0871
v  3.7091 -0.0906 0.0844
v  -1.6054 -0.5839 4.4150
v  2.7344 -0.3677 3.2538
v  2.7846 -0.3330 3.0812
v  2.6486 -0.3141 3.0716
v  1.4009 -0.9114 5.1784
v  1.2085 -0.9072 5.2009
v  1.0017 -0.8851 5.2117
v  0.9992 -0.9030 5.2202
v  0.7702 -0.8820 5.2267
v  0.7678 -0.8998 5.2363
v  0.5217 -0.8799 5.2385
v  0.5204 -0.8977 5.2470
v  0.2633 -0.8788 5.2449
v  0.2633 -0.8967 5.2545
v  -0.0000 -0.8778 5.2481
v  -0.0000 -0.8956 5.2567
v  -0.2632 -0.8788 5.2449
v  -0.5216 -0.8799 5.2385
v  -0.2632 -0.8967 5.2545
v  -0.5204 -0.8977 5.2470
v  -0.7677 -0.8998 5.2363
v  -0.9992 -0.9030 5.2202
v  -1.2086 -0.9072 5.2009
v  -1.4008 -0.9114 5.1784
v  -1.9078 -0.2050 3.0437
v  -1.8931 -0.2102 3.0759
v  -1.8686 -0.2134 3.1027
v  -1.8381 -0.2144 3.1241
v  -1.8012 -0.2144 3.1359
v  -1.7620 -0.2113 3.1402
v  3.6098 -0.2680 1.6563
v  3.6392 -0.2827 1.7378
v  3.5951 -0.3026 1.9747
v  3.5854 -0.3393 2.2449
v  3.6160 -0.3477 2.2974
v  -2.7393 -0.2501 2.7199
v  -2.6377 -0.1987 2.5097
# 2151 vertices

vn -0.4959 0.8591 -0.1270
vn -0.5324 0.8438 -0.0675
vn -0.5244 0.8499 -0.0508
vn -0.5271 0.8492 -0.0318
vn -0.5306 0.8474 -0.0214
vn -0.5338 0.8454 -0.0173
vn -0.5366 0.8435 -0.0249
vn -0.5389 0.8420 -0.0243
vn -0.5473 0.8367 -0.0194
vn -0.5531 0.8330 -0.0168
vn -0.5638 0.8256 -0.0243
vn -0.5726 0.8198 -0.0009
vn -0.5717 0.8199 0.0318
vn -0.5701 0.8069 0.1547
vn -0.5634 0.7883 0.2473
vn -0.5254 0.7489 0.4038
vn -0.4801 0.7385 0.4734
vn 0.1737 0.9748 0.1403
vn 0.1727 0.9753 0.1377
vn 0.1725 0.9751 0.1394
vn 0.1755 0.9746 0.1390
vn 0.1662 0.9758 0.1420
vn 0.1858 0.9716 0.1463
vn 0.1881 0.9708 0.1487
vn 0.1751 0.9733 0.1483
vn 0.1903 0.9682 0.1624
vn 0.1888 0.9687 0.1612
vn 0.1831 0.9701 0.1595
vn 0.1898 0.9665 0.1729
vn 0.1966 0.9638 0.1801
vn 0.1972 0.9642 0.1770
vn 0.1901 0.9626 0.1929
vn 0.1929 0.9601 0.2023
vn 0.2053 0.9588 0.1962
vn 0.1882 0.9570 0.2209
vn 0.1847 0.9565 0.2258
vn 0.2007 0.9542 0.2218
vn 0.1674 0.9755 0.1427
vn 0.1645 0.9773 0.1338
vn 0.1652 0.9767 0.1369
vn 0.1636 0.9763 0.1417
vn 0.1599 0.9791 0.1254
vn 0.1627 0.9784 0.1274
vn 0.1860 0.9684 0.1660
vn 0.1628 0.9749 0.1520
vn 0.1592 0.9776 0.1376
vn 0.1566 0.9800 0.1229
vn 0.1559 0.9803 0.1215
vn 0.1436 0.9825 0.1185
vn 0.1474 0.9819 0.1187
vn 0.1284 0.9854 0.1122
vn 0.1161 0.9866 0.1144
vn 0.1221 0.9852 0.1202
vn 0.1077 0.9883 0.1081
vn 0.0726 0.9916 0.1074
vn 0.0707 0.9912 0.1123
vn 0.1457 0.9773 0.1539
vn 0.1428 0.9799 0.1392
vn 0.1421 0.9818 0.1264
vn 0.1415 0.9837 0.1113
vn 0.1516 0.9826 0.1072
vn 0.1417 0.9838 0.1095
vn 0.1231 0.9865 0.1079
vn 0.1087 0.9886 0.1038
vn 0.1025 0.9896 0.1011
vn 0.1482 0.9739 0.1720
vn 0.1324 0.9788 0.1565
vn 0.1280 0.9814 0.1433
vn 0.1259 0.9833 0.1318
vn 0.1196 0.9854 0.1214
vn 0.1266 0.9866 0.1028
vn 0.1397 0.9857 0.0940
vn 0.1309 0.9866 0.0970
vn 0.1101 0.9890 0.0986
vn 0.1115 0.9888 0.0988
vn 0.1072 0.9876 0.1150
vn 0.0966 0.9891 0.1111
vn 0.1094 0.9860 0.1259
vn 0.1021 0.9875 0.1202
vn 0.1168 0.9844 0.1318
vn 0.1163 0.9847 0.1298
vn 0.1213 0.9827 0.1401
vn 0.1190 0.9840 0.1327
vn 0.1251 0.9797 0.1565
vn 0.1263 0.9811 0.1465
vn 0.1315 0.9762 0.1724
vn 0.1386 0.9720 0.1898
vn 0.1586 0.9689 0.1901
vn 0.1425 0.9681 0.2059
vn 0.1363 0.9744 0.1786
vn 0.1293 0.9785 0.1605
vn 0.1310 0.9757 0.1758
vn 0.1226 0.9833 0.1348
vn 0.1120 0.9857 0.1256
vn 0.1067 0.9868 0.1218
vn 0.1170 0.9849 0.1278
vn 0.1221 0.9843 0.1271
vn 0.1314 0.9821 0.1349
vn 0.1343 0.9829 0.1258
vn 0.1401 0.9811 0.1335
vn 0.1446 0.9818 0.1233
vn 0.1446 0.9810 0.1295
vn 0.1528 0.9812 0.1181
vn 0.3387 0.9287 0.1507
vn 0.3659 0.9197 0.1424
vn 0.5305 0.8316 0.1643
vn 0.5791 0.7991 0.1614
vn 0.1309 0.9805 0.1463
vn 0.1373 0.9795 0.1477
vn 0.1395 0.9798 0.1433
vn 0.3073 0.9381 0.1598
vn 0.4819 0.8591 0.1724
vn 0.4888 0.8577 0.1591
vn 0.5397 0.8284 0.1498
vn 0.4178 0.8947 0.1578
vn 0.4434 0.8800 0.1705
vn 0.3943 0.9016 0.1779
vn 0.4355 0.8818 0.1809
vn 0.4101 0.8927 0.1867
vn 0.2841 0.9431 0.1730
vn 0.4019 0.8947 0.1948
vn 0.1399 0.9767 0.1625
vn 0.2693 0.9440 0.1907
vn 0.1385 0.9767 0.1641
vn 0.1433 0.9731 0.1806
vn 0.1337 0.9778 0.1614
vn 0.1414 0.9733 0.1808
vn 0.3383 0.9269 0.1624
vn 0.3867 0.8971 0.2136
vn 0.3919 0.8965 0.2068
vn 0.3806 0.9027 0.2007
vn 0.3378 0.9217 0.1905
vn 0.2459 0.9538 0.1724
vn 0.2149 0.9665 0.1404
vn 0.1445 0.9774 0.1542
vn 0.1605 0.9709 0.1776
vn 0.0825 0.9832 0.1630
vn 0.0993 0.9779 0.1839
vn 0.1721 0.9650 0.1978
vn 0.2542 0.9473 0.1950
vn 0.2633 0.9405 0.2147
vn 0.3353 0.9183 0.2103
vn 0.3715 0.9023 0.2188
vn 0.3795 0.8977 0.2237
vn 0.3791 0.8966 0.2290
vn 0.2693 0.9403 0.2082
vn 0.2633 0.9388 0.2222
vn 0.1454 0.9697 0.1961
vn 0.1469 0.9662 0.2118
vn 0.1407 0.9701 0.1976
vn 0.1371 0.9709 0.1962
vn 0.1406 0.9669 0.2127
vn 0.1329 0.9720 0.1936
vn 0.1377 0.9678 0.2107
vn 0.1285 0.9761 0.1755
vn 0.1306 0.9729 0.1909
vn 0.1459 0.9520 0.2692
vn 0.1436 0.9566 0.2534
vn 0.1445 0.9518 0.2706
vn 0.1405 0.9578 0.2508
vn 0.1405 0.9530 0.2683
vn 0.1398 0.9615 0.2365
vn 0.1371 0.9624 0.2344
vn 0.1370 0.9588 0.2487
vn 0.1364 0.9655 0.2217
vn 0.1354 0.9661 0.2198
vn 0.1352 0.9630 0.2331
vn 0.1335 0.9694 0.2062
vn 0.1350 0.9687 0.2085
vn 0.1455 0.9645 0.2205
vn 0.1438 0.9467 0.2883
vn 0.1460 0.9467 0.2870
vn 0.1489 0.9403 0.3062
vn 0.2363 0.9205 0.3113
vn 0.2409 0.9251 0.2936
vn 0.1674 0.9639 0.2071
vn 0.1756 0.9587 0.2237
vn 0.1468 0.9609 0.2348
vn 0.1347 0.9596 0.2472
vn 0.1366 0.9543 0.2657
vn 0.1398 0.9478 0.2867
vn 0.1431 0.9411 0.3064
vn 0.1458 0.9344 0.3251
vn 0.1360 0.9493 0.2835
vn 0.1337 0.9552 0.2639
vn 0.1460 0.9574 0.2493
vn 0.1439 0.9533 0.2657
vn 0.1796 0.9539 0.2403
vn 0.1784 0.9499 0.2567
vn 0.2027 0.9531 0.2246
vn 0.2077 0.9473 0.2438
vn 0.1939 0.9592 0.2058
vn 0.2098 0.9557 0.2067
vn 0.1814 0.9647 0.1911
vn 0.1978 0.9624 0.1862
vn 0.1705 0.9704 0.1712
vn 0.2136 0.9506 0.2254
vn 0.2141 0.9459 0.2438
vn 0.2053 0.9428 0.2628
vn 0.1735 0.9460 0.2738
vn 0.1416 0.9488 0.2823
vn 0.1335 0.9503 0.2811
vn 0.1345 0.9389 0.3169
vn 0.1338 0.9452 0.2979
vn 0.1327 0.9401 0.3140
vn 0.1391 0.9442 0.2985
vn 0.1653 0.9427 0.2899
vn 0.1972 0.9391 0.2816
vn 0.2067 0.9420 0.2645
vn 0.1983 0.9501 0.2409
vn 0.1731 0.9582 0.2280
vn 0.1774 0.9553 0.2365
vn 0.1573 0.9607 0.2288
vn 0.1309 0.9347 0.3304
vn 0.1365 0.9392 0.3150
vn 0.1576 0.9388 0.3063
vn 0.1846 0.9366 0.2979
vn 0.1940 0.9390 0.2839
vn 0.1880 0.9458 0.2649
vn 0.1657 0.9571 0.2379
vn 0.1499 0.9625 0.2260
vn 0.1188 0.9644 0.2361
vn 0.1514 0.9351 0.3203
vn 0.1630 0.9323 0.3229
vn 0.1734 0.9342 0.3119
vn 0.1779 0.9369 0.3009
vn 0.1706 0.9433 0.2847
vn 0.1506 0.9524 0.2649
vn 0.1134 0.9588 0.2606
vn 0.1072 0.9550 0.2767
vn 0.0700 0.9640 0.2564
vn 0.0682 0.9711 0.2287
vn 0.0192 0.9742 0.2249
vn 0.1442 0.9328 0.3303
vn 0.1533 0.9309 0.3315
vn 0.1530 0.9320 0.3287
vn 0.1603 0.9332 0.3215
vn 0.1682 0.9351 0.3119
vn 0.1553 0.9377 0.3109
vn 0.1588 0.9407 0.2998
vn 0.1353 0.9413 0.3092
vn 0.1391 0.9449 0.2963
vn 0.1417 0.9486 0.2831
vn 0.1081 0.9500 0.2931
vn 0.1069 0.9455 0.3076
vn 0.1418 0.9364 0.3211
vn 0.0694 0.9551 0.2881
vn 0.0718 0.9588 0.2747
vn 0.0337 0.9622 0.2702
vn 0.0322 0.9580 0.2849
vn -0.0120 0.9637 0.2668
vn -0.0009 0.9588 0.2841
vn -0.0475 0.9640 0.2618
vn -0.0323 0.9590 0.2816
vn -0.0675 0.9636 0.2588
vn -0.0498 0.9591 0.2786
vn -0.0230 0.9557 0.2935
vn -0.0293 0.9561 0.2917
vn -0.0051 0.9525 0.3044
vn -0.0625 0.9648 0.2555
vn -0.0416 0.9603 0.2758
vn -0.0792 0.9685 0.2359
vn -0.0461 0.9716 0.2319
vn -0.0818 0.9683 0.2361
vn -0.0801 0.9724 0.2191
vn -0.0660 0.9684 0.2406
vn -0.0904 0.9720 0.2169
vn -0.0266 0.9688 0.2465
vn -0.0776 0.9732 0.2165
vn 0.0181 0.9684 0.2489
vn -0.0312 0.9747 0.2212
vn -0.0293 0.9681 0.2487
vn -0.0194 0.9633 0.2676
vn -0.0740 0.9815 0.1765
vn -0.0674 0.9772 0.2013
vn -0.0753 0.9802 0.1833
vn -0.0794 0.9771 0.1976
vn -0.0551 0.9760 0.2105
vn -0.0586 0.9765 0.2074
vn -0.0194 0.9775 0.2099
vn -0.0358 0.9767 0.2114
vn 0.0064 0.9762 0.2168
vn -0.0137 0.9776 0.2101
vn 0.0358 0.9755 0.2173
vn 0.0317 0.9740 0.2243
vn 0.0634 0.9735 0.2195
vn 0.0989 0.9701 0.2217
vn 0.0783 0.9725 0.2195
vn 0.1241 0.9650 0.2312
vn 0.1048 0.9659 0.2367
vn 0.1371 0.9615 0.2380
vn -0.0008 0.9740 0.2266
vn -0.4675 0.8618 -0.1968
vn -0.3855 0.8780 -0.2837
vn -0.3551 0.8662 -0.3516
vn -0.2680 0.8647 -0.4248
vn -0.2253 0.8482 -0.4794
vn -0.1176 0.8436 -0.5240
vn -0.0598 0.8429 -0.5347
vn 0.0545 0.8435 -0.5343
vn 0.1144 0.8391 -0.5318
vn 0.2389 0.8236 -0.5144
vn 0.3096 0.8072 -0.5026
vn 0.4167 0.7936 -0.4434
vn 0.4427 0.8028 -0.3993
vn 0.5261 0.7927 -0.3081
vn 0.5390 0.8061 -0.2442
vn 0.6212 0.7722 -0.1335
vn 0.6335 0.7708 -0.0671
vn 0.6677 0.7442 0.0180
vn 0.6579 0.7518 0.0448
vn 0.6569 0.7513 0.0642
vn 0.6544 0.7539 0.0575
vn 0.6502 0.7580 0.0516
vn 0.6530 0.7556 0.0517
vn 0.6594 0.7500 0.0521
vn 0.6683 0.7421 0.0517
vn 0.6713 0.7390 0.0576
vn 0.6782 0.7322 0.0628
vn -0.0710 0.9847 0.1591
vn -0.0674 0.9850 0.1588
vn -0.0759 0.9840 0.1611
vn -0.0652 0.9871 0.1461
vn -0.0789 0.9861 0.1463
vn -0.0580 0.9892 0.1345
vn -0.0480 0.9902 0.1312
vn -0.0525 0.9897 0.1335
vn -0.0468 0.9909 0.1265
vn -0.0443 0.9910 0.1260
vn -0.0261 0.9930 0.1148
vn -0.0351 0.9915 0.1256
vn -0.0299 0.9921 0.1219
vn -0.0377 0.9920 0.1208
vn -0.0397 0.9909 0.1286
vn -0.0408 0.9910 0.1272
vn -0.0440 0.9909 0.1274
vn -0.0469 0.9910 0.1257
vn -0.0635 0.9867 0.1495
vn -0.0859 0.9805 0.1767
vn -0.0602 0.9907 0.1223
vn -0.0317 0.9907 0.1326
vn -0.0299 0.9912 0.1289
vn -0.0228 0.9917 0.1268
vn -0.0211 0.9927 0.1190
vn -0.0137 0.9922 0.1239
vn -0.0079 0.9933 0.1153
vn 0.0138 0.9930 0.1171
vn 0.0212 0.9934 0.1125
vn -0.0070 0.9938 0.1112
vn 0.0236 0.9936 0.1109
vn 0.0699 0.9907 0.1166
vn 0.1533 0.9807 0.1213
vn 0.0604 0.9913 0.1167
vn 0.1124 0.9857 0.1257
vn 0.1476 0.9810 0.1257
vn 0.1637 0.9783 0.1269
vn 0.1620 0.9763 0.1437
vn -0.0018 0.6105 0.7920
vn 0.0136 0.6173 0.7866
vn 0.0026 0.6181 0.7861
vn 0.0225 0.6165 0.7870
vn 0.0430 0.6145 0.7878
vn 0.0545 0.6128 0.7884
vn 0.0752 0.6100 0.7888
vn 0.0836 0.6063 0.7908
vn 0.0518 0.6069 0.7931
vn 0.0057 0.6017 0.7987
vn -0.1045 0.6391 0.7620
vn -0.1936 0.6563 0.7293
vn -0.3200 0.7005 0.6379
vn -0.3889 0.7045 0.5936
vn 0.6825 0.7247 0.0946
vn 0.6802 0.7234 0.1180
vn 0.6651 0.7130 0.2220
vn 0.6363 0.7153 0.2887
vn 0.5748 0.6985 0.4261
vn 0.5296 0.6914 0.4913
vn 0.4356 0.6636 0.6081
vn 0.3808 0.6524 0.6553
vn 0.2519 0.6427 0.7235
vn 0.1816 0.6429 0.7441
vn 0.0708 0.6225 0.7794
vn 0.0341 0.6194 0.7843
vn -0.1589 0.9115 0.3795
vn -0.1921 0.9126 0.3608
vn -0.1503 0.9231 0.3539
vn -0.1879 0.8750 0.4462
vn -0.1711 0.8854 0.4323
vn -0.1801 0.8794 0.4407
vn -0.1876 0.8818 0.4327
vn -0.1715 0.8964 0.4086
vn -0.1541 0.9016 0.4042
vn -0.1629 0.8941 0.4172
vn -0.1465 0.9153 0.3751
vn -0.1523 0.9098 0.3860
vn -0.1389 0.9263 0.3503
vn -0.1472 0.9212 0.3602
vn -0.1430 0.9324 0.3319
vn -0.1282 0.9359 0.3282
vn -0.1384 0.9309 0.3380
vn -0.2313 0.9228 0.3081
vn -0.1635 0.9409 0.2967
vn -0.1759 0.9318 0.3174
vn -0.1335 0.9408 0.3116
vn -0.1188 0.9490 0.2919
vn -0.1157 0.9439 0.3092
vn -0.1036 0.9512 0.2907
vn -0.1140 0.9471 0.3001
vn -0.1227 0.9405 0.3169
vn -0.1842 0.9227 0.3386
vn -0.2385 0.9139 0.3285
vn -0.2458 0.9042 0.3494
vn -0.2941 0.8940 0.3380
vn -0.2927 0.9014 0.3192
vn -0.2946 0.8861 0.3579
vn -0.3232 0.8817 0.3438
vn -0.3281 0.8866 0.3261
vn -0.3170 0.8763 0.3627
vn -0.3254 0.8800 0.3459
vn -0.3319 0.8844 0.3282
vn -0.3177 0.8752 0.3647
vn -0.3194 0.8819 0.3467
vn -0.3261 0.8865 0.3283
vn -0.3113 0.8771 0.3658
vn -0.1457 0.9344 0.3251
vn -0.2329 0.9148 0.3300
vn -0.2289 0.9083 0.3502
vn -0.3133 0.8826 0.3506
vn -0.3074 0.8762 0.3711
vn -0.3177 0.8885 0.3312
vn -0.3393 0.8885 0.3089
vn -0.3318 0.8910 0.3098
vn -0.3412 0.8935 0.2921
vn -0.3273 0.8913 0.3137
vn -0.3348 0.8944 0.2965
vn -0.2363 0.9205 0.3112
vn -0.2409 0.9251 0.2936
vn -0.1489 0.9403 0.3062
vn -0.1460 0.9467 0.2870
vn -0.1433 0.9411 0.3063
vn -0.1437 0.9467 0.2884
vn -0.1448 0.9344 0.3255
vn -0.1403 0.9426 0.3030
vn -0.1401 0.9479 0.2861
vn -0.1401 0.9367 0.3209
vn -0.1356 0.9443 0.2997
vn -0.1360 0.9493 0.2835
vn -0.1344 0.9389 0.3168
vn -0.1317 0.9309 0.3406
vn -0.1442 0.9328 0.3302
vn -0.1291 0.9299 0.3443
vn -0.1337 0.9347 0.3293
vn -0.1258 0.9294 0.3469
vn -0.1365 0.9392 0.3150
vn -0.1309 0.9348 0.3303
vn -0.1327 0.9401 0.3140
vn -0.1318 0.9329 0.3351
vn -0.1247 0.9278 0.3516
vn -0.1381 0.9289 0.3435
vn -0.1255 0.9260 0.3560
vn -0.1461 0.9261 0.3478
vn -0.1445 0.9161 0.3741
vn -0.1468 0.9263 0.3470
vn -0.1461 0.9171 0.3708
vn -0.2262 0.9004 0.3717
vn -0.1338 0.9452 0.2979
vn -0.1335 0.9503 0.2811
vn -0.1390 0.9442 0.2985
vn -0.1416 0.9488 0.2823
vn -0.1575 0.9388 0.3063
vn -0.1653 0.9427 0.2899
vn -0.1514 0.9351 0.3203
vn -0.1630 0.9323 0.3229
vn -0.1533 0.9309 0.3315
vn -0.1347 0.9342 0.3304
vn -0.1531 0.9319 0.3287
vn -0.1096 0.9364 0.3334
vn -0.1199 0.9397 0.3204
vn -0.1419 0.9364 0.3210
vn -0.1013 0.9416 0.3212
vn -0.1070 0.9455 0.3076
vn -0.0694 0.9551 0.2881
vn -0.0717 0.9588 0.2748
vn -0.1071 0.9550 0.2767
vn -0.0337 0.9622 0.2702
vn -0.0700 0.9640 0.2564
vn -0.1082 0.9499 0.2931
vn -0.0746 0.9500 0.3032
vn -0.0390 0.9535 0.2988
vn -0.0816 0.9441 0.3193
vn -0.0534 0.9479 0.3139
vn -0.0928 0.9376 0.3352
vn -0.0812 0.9373 0.3390
vn -0.1067 0.9315 0.3478
vn -0.0877 0.9318 0.3521
vn -0.1068 0.9281 0.3567
vn -0.1353 0.9413 0.3092
vn -0.1392 0.9449 0.2963
vn -0.1587 0.9407 0.2998
vn -0.1417 0.9486 0.2831
vn -0.1706 0.9433 0.2847
vn -0.1506 0.9524 0.2649
vn -0.1134 0.9588 0.2606
vn -0.1188 0.9644 0.2361
vn -0.0682 0.9711 0.2287
vn -0.0989 0.9701 0.2216
vn -0.1553 0.9377 0.3109
vn -0.1734 0.9342 0.3119
vn -0.1941 0.9390 0.2839
vn -0.1778 0.9369 0.3010
vn -0.1682 0.9351 0.3119
vn -0.1603 0.9332 0.3215
vn -0.1846 0.9366 0.2980
vn -0.1972 0.9391 0.2816
vn -0.2078 0.9473 0.2438
vn -0.1783 0.9499 0.2567
vn -0.2054 0.9427 0.2628
vn -0.1735 0.9460 0.2738
vn -0.1439 0.9533 0.2657
vn -0.1335 0.9552 0.2641
vn -0.1364 0.9544 0.2657
vn -0.1794 0.9540 0.2403
vn -0.1461 0.9573 0.2493
vn -0.1347 0.9596 0.2472
vn -0.1369 0.9589 0.2487
vn -0.1467 0.9609 0.2349
vn -0.1352 0.9630 0.2331
vn -0.1756 0.9587 0.2237
vn -0.1454 0.9645 0.2205
vn -0.2027 0.9531 0.2246
vn -0.1939 0.9592 0.2058
vn -0.1675 0.9639 0.2071
vn -0.1406 0.9530 0.2684
vn -0.1814 0.9647 0.1911
vn -0.1586 0.9689 0.1901
vn -0.1425 0.9681 0.2059
vn -0.1354 0.9661 0.2198
vn -0.1370 0.9624 0.2344
vn -0.1404 0.9578 0.2509
vn -0.1445 0.9518 0.2705
vn -0.1385 0.9720 0.1898
vn -0.1334 0.9694 0.2062
vn -0.1363 0.9656 0.2216
vn -0.1398 0.9615 0.2364
vn -0.1436 0.9566 0.2534
vn -0.1459 0.9520 0.2692
vn -0.1306 0.9729 0.1909
vn -0.1350 0.9687 0.2084
vn -0.1385 0.9648 0.2236
vn -0.1417 0.9606 0.2390
vn -0.1437 0.9568 0.2529
vn -0.2464 0.9285 0.2777
vn -0.1329 0.9720 0.1936
vn -0.1379 0.9678 0.2108
vn -0.1406 0.9640 0.2256
vn -0.1385 0.9614 0.2377
vn -0.2513 0.9312 0.2641
vn -0.3480 0.8937 0.2833
vn -0.1406 0.9669 0.2127
vn -0.1422 0.9640 0.2247
vn -0.2504 0.9354 0.2496
vn -0.3585 0.8932 0.2714
vn -0.3500 0.8944 0.2785
vn -0.3454 0.8924 0.2904
vn -0.3319 0.8921 0.3065
vn -0.3318 0.8984 0.2876
vn -0.2905 0.9089 0.2993
vn -0.2548 0.9378 0.2359
vn -0.3601 0.8968 0.2570
vn -0.3569 0.8954 0.2663
vn -0.3489 0.8954 0.2765
vn -0.2215 0.9318 0.2875
vn -0.2847 0.9167 0.2804
vn -0.3307 0.9035 0.2728
vn -0.3531 0.8977 0.2634
vn -0.3639 0.8965 0.2527
vn -0.3655 0.8988 0.2422
vn -0.2633 0.9388 0.2222
vn -0.1469 0.9662 0.2118
vn -0.1483 0.9497 0.2757
vn -0.2092 0.9405 0.2678
vn -0.2782 0.9236 0.2638
vn -0.3319 0.9072 0.2584
vn -0.3589 0.8995 0.2493
vn -0.3711 0.8975 0.2381
vn -0.3792 0.8965 0.2290
vn -0.1039 0.9571 0.2706
vn -0.1345 0.9575 0.2552
vn -0.1978 0.9478 0.2499
vn -0.2731 0.9295 0.2479
vn -0.3333 0.9108 0.2436
vn -0.3641 0.9014 0.2342
vn -0.3796 0.8977 0.2238
vn -0.1005 0.9551 0.2788
vn -0.0889 0.9593 0.2679
vn -0.0881 0.9623 0.2575
vn -0.0911 0.9640 0.2497
vn -0.0753 0.9658 0.2480
vn -0.1225 0.9638 0.2367
vn -0.0750 0.9701 0.2307
vn -0.1889 0.9540 0.2329
vn -0.1054 0.9702 0.2180
vn -0.2686 0.9349 0.2321
vn -0.1797 0.9596 0.2164
vn -0.3342 0.9147 0.2274
vn -0.2633 0.9405 0.2147
vn -0.3710 0.9025 0.2189
vn -0.3353 0.9183 0.2103
vn -0.8088 0.4628 0.3628
vn -0.8190 0.4535 0.3515
vn -0.8137 0.4609 0.3541
vn -0.8222 0.4511 0.3472
vn -0.8242 0.4483 0.3460
vn -0.8211 0.4484 0.3532
vn -0.0580 0.9740 0.2188
vn -0.0608 0.9707 0.2324
vn -0.0675 0.9689 0.2382
vn -0.0645 0.9744 0.2152
vn -0.0585 0.9765 0.2076
vn -0.0916 0.9755 0.2000
vn -0.1721 0.9650 0.1978
vn -0.2542 0.9473 0.1950
vn -0.3378 0.9217 0.1905
vn -0.3807 0.9027 0.2007
vn -0.3943 0.9016 0.1779
vn -0.4101 0.8927 0.1867
vn -0.4434 0.8800 0.1705
vn -0.1605 0.9709 0.1776
vn -0.2458 0.9539 0.1724
vn -0.1445 0.9774 0.1541
vn -0.3383 0.9269 0.1624
vn -0.4178 0.8947 0.1578
vn -0.4888 0.8577 0.1591
vn -0.4819 0.8591 0.1724
vn -0.5305 0.8317 0.1642
vn -0.3387 0.9287 0.1507
vn -0.3659 0.9197 0.1424
vn -0.1528 0.9812 0.1181
vn -0.1516 0.9826 0.1072
vn -0.1501 0.9823 0.1123
vn -0.2149 0.9665 0.1404
vn -0.1277 0.9835 0.1285
vn -0.2542 0.9591 0.1246
vn -0.3683 0.9186 0.1431
vn -0.4576 0.8783 0.1385
vn -0.5397 0.8284 0.1498
vn -0.5288 0.8388 0.1293
vn -0.5791 0.7991 0.1614
vn -0.3888 0.9108 0.1388
vn -0.1558 0.9824 0.1031
vn -0.3751 0.9194 0.1186
vn -0.3272 0.9397 0.0998
vn -0.4473 0.8874 0.1119
vn -0.4356 0.8949 0.0969
vn -0.5054 0.8561 0.1080
vn -0.5833 0.8017 0.1307
vn -0.5731 0.8109 0.1184
vn -0.5829 0.7991 0.1475
vn -0.6096 0.7763 0.1606
vn -0.4041 0.9046 0.1357
vn -0.1672 0.9809 0.0998
vn -0.1564 0.9823 0.1029
vn -0.1610 0.9820 0.0988
vn -0.1447 0.9843 0.1009
vn -0.1600 0.9823 0.0976
vn -0.1696 0.9810 0.0946
vn -0.1767 0.9798 0.0933
vn -0.1738 0.9805 0.0915
vn -0.1875 0.9786 0.0847
vn -0.6122 0.7771 0.1464
vn -0.6279 0.7631 0.1529
vn -0.6339 0.7615 0.1352
vn -0.4198 0.8981 0.1313
vn -0.1726 0.9804 0.0949
vn -0.1768 0.9802 0.0890
vn -0.1839 0.9791 0.0870
vn -0.4530 0.8829 0.1234
vn -0.1910 0.9782 0.0815
vn -0.1891 0.9784 0.0838
vn -0.1921 0.9779 0.0823
vn -0.1707 0.9811 0.0913
vn -0.4408 0.8884 0.1283
vn -0.6764 0.7213 0.1494
vn -0.6920 0.7068 0.1468
vn -0.4617 0.8788 0.1206
vn -0.7037 0.6952 0.1468
vn -0.6543 0.7411 0.1509
vn -0.6562 0.7422 0.1363
vn -0.6762 0.7234 0.1393
vn -0.6123 0.7794 0.1328
vn -0.6838 0.7166 0.1379
vn -0.6789 0.7231 0.1275
vn -0.6625 0.7395 0.1188
vn -0.6342 0.7640 0.1191
vn -0.5073 0.8557 0.1023
vn -0.6935 0.7073 0.1370
vn -0.6909 0.7096 0.1382
vn -0.6947 0.7061 0.1368
vn -0.6884 0.7121 0.1381
vn -0.6843 0.7167 0.1344
vn -0.6807 0.7226 0.1207
vn -0.6557 0.7466 0.1125
vn -0.6145 0.7801 0.1178
vn -0.5372 0.8360 0.1117
vn -0.4771 0.8734 0.0978
vn -0.7005 0.7089 0.0816
vn -0.9077 0.4147 0.0635
vn -0.8511 0.5212 0.0630
vn -0.9405 0.3337 0.0637
vn -0.9510 0.3031 0.0617
vn -0.9678 0.2438 0.0620
vn -0.9746 0.2167 0.0560
vn -0.9815 0.1841 0.0528
vn -0.9825 0.1804 0.0461
vn -0.9833 0.1762 0.0447
vn -0.9834 0.1766 0.0412
vn -0.9841 0.1733 0.0396
vn -0.9846 0.1718 0.0312
vn -0.9859 0.1656 0.0245
vn -0.9858 0.1679 0.0028
vn -0.9866 0.1625 -0.0121
vn -0.9842 0.1699 -0.0497
vn -0.7726 0.6310 0.0702
vn -0.5048 0.8587 0.0890
vn -0.5951 0.7996 0.0806
vn -0.3833 0.9185 0.0970
vn -0.5295 0.8435 0.0902
vn -0.6210 0.7770 0.1030
vn -0.3697 0.9217 0.1171
vn -0.6892 0.7155 0.1144
vn -0.6973 0.7059 0.1241
vn -0.7024 0.6996 0.1311
vn -0.7005 0.6988 0.1451
vn -0.7092 0.6883 0.1523
vn -0.7333 0.6602 0.1628
vn -0.1681 0.9807 0.1000
vn -0.0950 0.9891 0.1121
vn -0.0420 0.9902 0.1330
vn -0.0133 0.9907 0.1352
vn -0.0443 0.9870 0.1547
vn -0.0424 0.9858 0.1624
vn -0.0474 0.9832 0.1760
vn -0.0420 0.9830 0.1785
vn -0.0416 0.9801 0.1940
vn -0.1449 0.9832 0.1108
vn -0.0757 0.9871 0.1409
vn -0.0825 0.9832 0.1630
vn -0.0477 0.9879 0.1473
vn -0.0494 0.9854 0.1632
vn -0.0599 0.9825 0.1764
vn -0.0992 0.9779 0.1839
vn -0.0574 0.9810 0.1855
vn -0.0514 0.9784 0.2004
vn -0.0467 0.9772 0.2073
vn -0.0443 0.9774 0.2069
vn -0.0516 0.9763 0.2100
vn -0.0306 0.9784 0.2046
vn -0.0327 0.9800 0.1965
vn -0.0416 0.9819 0.1848
vn -0.8144 0.4552 0.3599
vn -0.7956 0.4604 0.3937
vn -0.7766 0.4740 0.4150
vn -0.7465 0.4740 0.4670
vn -0.7444 0.4799 0.4643
vn -0.7306 0.4707 0.4946
vn -0.7292 0.4694 0.4980
vn -0.7509 0.5276 0.3971
vn -0.7625 0.5795 0.2876
vn -0.7631 0.6237 0.1692
vn -0.7541 0.6350 0.1680
vn -0.7347 0.6580 0.1648
vn -0.0581 0.9732 0.2225
vn -0.0560 0.9753 0.2135
vn 0.0215 0.9956 0.0907
vn 0.0141 0.9963 0.0845
vn 0.0072 0.9959 0.0905
vn -0.0048 0.9949 0.1006
vn -0.0105 0.9947 0.1023
vn 0.0067 0.9959 0.0907
vn 0.0162 0.9960 0.0876
vn 0.0229 0.9960 0.0866
vn 0.0234 0.9957 0.0892
vn 0.0332 0.9956 0.0881
vn 0.0332 0.9954 0.0899
vn 0.0474 0.9949 0.0886
vn 0.0481 0.9948 0.0899
vn 0.0436 0.9949 0.0910
vn 0.0672 0.9934 0.0927
vn 0.0313 0.9953 0.0912
vn 0.0979 0.9903 0.0982
vn 0.0886 0.9915 0.0952
vn 0.0761 0.9921 0.0996
vn 0.0414 0.9944 0.0971
vn 0.0213 0.9949 0.0983
vn 0.0101 0.9950 0.0997
vn 0.0655 0.9939 0.0892
vn 0.0771 0.9930 0.0900
vn 0.0777 0.9931 0.0873
vn 0.0926 0.9916 0.0905
vn 0.0935 0.9918 0.0867
vn 0.1079 0.9901 0.0899
vn 0.1232 0.9884 0.0892
vn 0.1245 0.9883 0.0882
vn 0.1087 0.9902 0.0873
vn 0.0996 0.9904 0.0959
vn 0.0943 0.9888 0.1154
vn 0.0879 0.9904 0.1065
vn 0.0897 0.9916 0.0932
vn 0.0661 0.9932 0.0960
vn 0.0809 0.9922 0.0946
vn 0.0774 0.9917 0.1029
vn 0.0830 0.9911 0.1040
vn 0.0863 0.9900 0.1112
vn 0.0999 0.9880 0.1174
vn 0.1138 0.9859 0.1225
vn 0.1242 0.9849 0.1202
vn 0.1382 0.9835 0.1164
vn 0.0440 0.9935 0.1051
vn 0.0487 0.9930 0.1076
vn 0.0443 0.9931 0.1090
vn 0.0463 0.9936 0.1030
vn 0.0496 0.9932 0.1052
vn 0.0464 0.9932 0.1069
vn 0.0523 0.9936 0.1006
vn 0.0541 0.9933 0.1021
vn 0.0530 0.9931 0.1049
vn 0.0636 0.9929 0.1003
vn 0.0659 0.9926 0.1023
vn 0.0627 0.9927 0.1030
vn 0.0743 0.9917 0.1050
vn 0.0809 0.9908 0.1087
vn 0.0932 0.9893 0.1120
vn 0.1119 0.9868 0.1169
vn 0.0481 0.9931 0.1065
vn 0.0422 0.9935 0.1053
vn 0.0332 0.9947 0.0976
vn 0.0386 0.9946 0.0967
vn 0.0290 0.9949 0.0965
vn 0.0352 0.9936 0.1077
vn 0.0207 0.9949 0.0988
vn 0.0541 0.9925 0.1098
vn 0.0446 0.9926 0.1132
vn 0.0419 0.9931 0.1095
vn 0.0371 0.9930 0.1122
vn 0.0381 0.9931 0.1110
vn 0.0309 0.9922 0.1211
vn 0.0233 0.9929 0.1170
vn 0.0172 0.9914 0.1298
vn -0.0055 0.9927 0.1203
vn -0.0150 0.9911 0.1319
vn -0.0229 0.9894 0.1435
vn 0.0108 0.9902 0.1393
vn 0.0263 0.9908 0.1330
vn 0.0303 0.9922 0.1212
vn 0.0358 0.9926 0.1156
vn 0.0345 0.9926 0.1164
vn 0.0223 0.9895 0.1431
vn 0.0270 0.9906 0.1338
vn 0.0294 0.9919 0.1237
vn 0.0300 0.9923 0.1204
vn 0.0201 0.9928 0.1178
vn 0.0226 0.9932 0.1144
vn 0.0083 0.9930 0.1180
vn 0.0122 0.9929 0.1181
vn 0.0000 0.9931 0.1174
vn 0.0169 0.9881 0.1526
vn 0.0240 0.9892 0.1446
vn 0.0202 0.9877 0.1548
vn 0.0268 0.9907 0.1337
vn 0.0260 0.9890 0.1458
vn 0.0251 0.9918 0.1255
vn 0.0243 0.9907 0.1340
vn 0.0172 0.9924 0.1219
vn 0.0164 0.9919 0.1263
vn 0.0061 0.9928 0.1193
vn 0.0063 0.9926 0.1210
vn 0.0000 0.9927 0.1203
vn 0.0000 0.9928 0.1194
vn -0.0083 0.9930 0.1180
vn -0.0061 0.9928 0.1193
vn -0.0121 0.9929 0.1182
vn -0.0226 0.9932 0.1144
vn -0.0541 0.9925 0.1096
vn -0.0446 0.9926 0.1132
vn -0.0468 0.9923 0.1151
vn -0.0358 0.9928 0.1145
vn -0.0345 0.9926 0.1164
vn -0.0201 0.9928 0.1178
vn 0.0161 0.9908 0.1342
vn 0.0076 0.9921 0.1255
vn 0.0073 0.9909 0.1342
vn 0.0000 0.9927 0.1204
vn 0.0000 0.9919 0.1267
vn -0.0063 0.9926 0.1209
vn -0.0075 0.9920 0.1257
vn -0.0172 0.9924 0.1219
vn -0.0164 0.9919 0.1263
vn -0.0301 0.9923 0.1198
vn -0.0255 0.9918 0.1255
vn -0.0357 0.9927 0.1156
vn -0.0292 0.9919 0.1237
vn -0.0419 0.9931 0.1095
vn -0.0371 0.9930 0.1122
vn -0.0481 0.9931 0.1065
vn -0.0464 0.9932 0.1069
vn -0.0530 0.9931 0.1049
vn -0.0496 0.9932 0.1051
vn -0.0443 0.9931 0.1090
vn -0.0303 0.9922 0.1211
vn -0.0162 0.9960 0.0876
vn -0.0290 0.9949 0.0966
vn -0.0234 0.9957 0.0892
vn -0.0207 0.9949 0.0988
vn -0.0353 0.9936 0.1077
vn -0.0233 0.9929 0.1170
vn -0.0309 0.9922 0.1211
vn -0.0172 0.9914 0.1297
vn -0.0263 0.9908 0.1330
vn -0.0381 0.9931 0.1110
vn -0.0422 0.9935 0.1053
vn -0.0223 0.9895 0.1430
vn -0.0108 0.9902 0.1393
vn 0.0150 0.9911 0.1319
vn 0.0055 0.9927 0.1203
vn -0.0074 0.9942 0.1077
vn -0.0067 0.9959 0.0907
vn -0.0141 0.9963 0.0845
vn -0.0229 0.9960 0.0866
vn -0.0333 0.9956 0.0881
vn -0.0332 0.9954 0.0899
vn 0.0267 0.9932 0.1136
vn 0.0105 0.9947 0.1023
vn -0.0072 0.9959 0.0905
vn -0.0215 0.9956 0.0907
vn -0.0313 0.9953 0.0912
vn -0.0436 0.9949 0.0911
vn -0.0474 0.9949 0.0886
vn -0.0481 0.9948 0.0898
vn -0.0386 0.9946 0.0967
vn -0.0213 0.9949 0.0983
vn -0.0414 0.9944 0.0971
vn -0.0306 0.9939 0.1063
vn -0.0672 0.9934 0.0927
vn -0.0761 0.9921 0.0996
vn -0.0655 0.9939 0.0892
vn -0.0880 0.9916 0.0952
vn -0.0643 0.9939 0.0898
vn -0.0777 0.9931 0.0873
vn -0.0494 0.9943 0.0950
vn -0.0662 0.9932 0.0960
vn -0.0809 0.9922 0.0946
vn -0.0523 0.9936 0.1006
vn -0.0636 0.9929 0.1003
vn -0.0775 0.9917 0.1029
vn -0.0541 0.9933 0.1021
vn -0.0659 0.9926 0.1023
vn -0.0464 0.9936 0.1030
vn -0.0626 0.9927 0.1030
vn -0.0652 0.9921 0.1072
vn -0.0745 0.9916 0.1061
vn -0.0779 0.9913 0.1064
vn -0.0864 0.9903 0.1086
vn -0.1010 0.9893 0.1056
vn -0.1082 0.9880 0.1105
vn -0.0743 0.9917 0.1050
vn -0.0809 0.9908 0.1087
vn -0.0932 0.9893 0.1120
vn -0.0863 0.9901 0.1111
vn -0.1119 0.9868 0.1169
vn -0.1001 0.9880 0.1173
vn -0.1265 0.9854 0.1136
vn -0.1240 0.9850 0.1202
vn -0.1136 0.9860 0.1224
vn -0.1380 0.9836 0.1163
vn -0.1341 0.9830 0.1256
vn -0.1221 0.9843 0.1271
vn -0.1450 0.9818 0.1229
vn -0.1402 0.9811 0.1335
vn -0.1313 0.9821 0.1349
vn -0.1268 0.9861 0.1078
vn -0.1420 0.9838 0.1098
vn -0.1446 0.9810 0.1295
vn -0.3073 0.9381 0.1598
vn -0.4355 0.8818 0.1809
vn -0.1395 0.9798 0.1433
vn -0.1371 0.9795 0.1473
vn -0.2841 0.9431 0.1730
vn -0.1399 0.9767 0.1625
vn -0.4019 0.8947 0.1948
vn -0.2693 0.9440 0.1907
vn -0.3919 0.8965 0.2068
vn -0.3867 0.8971 0.2136
vn -0.2694 0.9403 0.2082
vn -0.1433 0.9731 0.1806
vn -0.1385 0.9767 0.1641
vn -0.1311 0.9805 0.1464
vn -0.1226 0.9833 0.1348
vn -0.1170 0.9849 0.1278
vn -0.1067 0.9868 0.1218
vn -0.1454 0.9698 0.1960
vn -0.1410 0.9733 0.1812
vn -0.1336 0.9778 0.1614
vn -0.1263 0.9811 0.1465
vn -0.1213 0.9827 0.1401
vn -0.1191 0.9840 0.1328
vn -0.1163 0.9847 0.1298
vn -0.1120 0.9857 0.1256
vn -0.1406 0.9701 0.1976
vn -0.1361 0.9744 0.1787
vn -0.1292 0.9785 0.1605
vn -0.1252 0.9797 0.1565
vn -0.1280 0.9814 0.1433
vn -0.1259 0.9833 0.1318
vn -0.1428 0.9799 0.1392
vn -0.1421 0.9818 0.1264
vn -0.1592 0.9776 0.1376
vn -0.1565 0.9800 0.1228
vn -0.1645 0.9773 0.1338
vn -0.1661 0.9759 0.1415
vn -0.1674 0.9755 0.1427
vn -0.1752 0.9733 0.1482
vn -0.1755 0.9746 0.1390
vn -0.1628 0.9749 0.1520
vn -0.1860 0.9684 0.1660
vn -0.1458 0.9773 0.1539
vn -0.1705 0.9704 0.1712
vn -0.1328 0.9787 0.1563
vn -0.1484 0.9739 0.1720
vn -0.1316 0.9762 0.1724
vn -0.1285 0.9761 0.1755
vn -0.1888 0.9687 0.1612
vn -0.1881 0.9708 0.1487
vn -0.1972 0.9642 0.1770
vn -0.1903 0.9682 0.1625
vn -0.1978 0.9624 0.1862
vn -0.2053 0.9588 0.1962
vn -0.1967 0.9638 0.1801
vn -0.2098 0.9557 0.2067
vn -0.2007 0.9542 0.2218
vn -0.1929 0.9601 0.2023
vn -0.1725 0.9751 0.1394
vn -0.1652 0.9767 0.1369
vn -0.1599 0.9791 0.1254
vn -0.1627 0.9784 0.1273
vn -0.1221 0.9852 0.1202
vn -0.1533 0.9807 0.1213
vn -0.1476 0.9810 0.1257
vn -0.0056 0.6016 0.7987
vn 0.1936 0.6563 0.7293
vn 0.1045 0.6391 0.7620
vn -0.1637 0.9783 0.1269
vn 0.3889 0.7045 0.5937
vn 0.3200 0.7004 0.6379
vn -0.1636 0.9763 0.1417
vn -0.1621 0.9763 0.1437
vn -0.1737 0.9748 0.1403
vn -0.1727 0.9753 0.1377
vn -0.1858 0.9716 0.1463
vn 0.4801 0.7385 0.4734
vn 0.5254 0.7489 0.4038
vn 0.5634 0.7883 0.2473
vn 0.5701 0.8069 0.1547
vn 0.5717 0.8198 0.0318
vn 0.5726 0.8198 -0.0008
vn 0.5638 0.8256 -0.0243
vn 0.5531 0.8330 -0.0168
vn 0.5473 0.8367 -0.0195
vn 0.5389 0.8420 -0.0242
vn 0.5366 0.8435 -0.0249
vn 0.5338 0.8454 -0.0173
vn 0.5306 0.8474 -0.0214
vn 0.5271 0.8492 -0.0318
vn -0.1831 0.9701 0.1595
vn -0.1898 0.9665 0.1729
vn -0.1901 0.9626 0.1928
vn -0.1882 0.9570 0.2209
vn -0.1847 0.9565 0.2258
vn -0.1774 0.9553 0.2365
vn -0.1731 0.9582 0.2280
vn -0.1572 0.9607 0.2289
vn -0.1499 0.9625 0.2261
vn -0.1371 0.9615 0.2380
vn -0.1241 0.9650 0.2312
vn -0.1048 0.9659 0.2367
vn -0.0783 0.9725 0.2195
vn -0.0634 0.9735 0.2195
vn -0.1657 0.9570 0.2379
vn -0.1983 0.9501 0.2409
vn -0.1880 0.9458 0.2649
vn -0.2142 0.9459 0.2438
vn -0.2137 0.9505 0.2254
vn -0.2067 0.9420 0.2644
vn 0.3321 0.8843 0.3282
vn 0.3282 0.8865 0.3261
vn 0.3390 0.8886 0.3089
vn 0.3231 0.8817 0.3438
vn 0.3016 0.8614 0.4087
vn 0.3053 0.8610 0.4067
vn 0.3101 0.8693 0.3849
vn 0.3115 0.8695 0.3833
vn 0.3177 0.8752 0.3647
vn 0.3170 0.8763 0.3627
vn 0.3254 0.8801 0.3459
vn 0.3261 0.8865 0.3283
vn 0.3318 0.8910 0.3098
vn 0.3273 0.8913 0.3137
vn 0.3348 0.8944 0.2964
vn 0.2464 0.9285 0.2777
vn 0.2931 0.8637 0.4099
vn 0.3019 0.8716 0.3861
vn 0.2991 0.8701 0.3917
vn 0.3113 0.8771 0.3658
vn 0.3074 0.8762 0.3711
vn 0.3195 0.8819 0.3467
vn 0.3132 0.8826 0.3506
vn 0.3177 0.8885 0.3312
vn 0.2329 0.9148 0.3299
vn 0.2927 0.8607 0.4166
vn 0.2859 0.8523 0.4379
vn 0.2289 0.9083 0.3502
vn 0.2262 0.9004 0.3717
vn 0.2248 0.8901 0.3965
vn 0.2193 0.8780 0.4255
vn 0.2810 0.8504 0.4449
vn 0.2920 0.8513 0.4359
vn 0.2124 0.8688 0.4473
vn 0.1484 0.8915 0.4280
vn 0.1497 0.9035 0.4016
vn 0.1461 0.9171 0.3708
vn 0.1468 0.9263 0.3470
vn 0.1448 0.9344 0.3255
vn 0.1401 0.9426 0.3030
vn 0.1432 0.8906 0.4317
vn 0.1453 0.9024 0.4057
vn 0.1272 0.9077 0.3999
vn 0.1449 0.9160 0.3741
vn 0.1350 0.9190 0.3703
vn 0.1461 0.9261 0.3478
vn 0.1381 0.9289 0.3435
vn 0.1400 0.9367 0.3210
vn 0.1357 0.9443 0.2998
vn 0.1271 0.8933 0.4311
vn 0.1037 0.9083 0.4052
vn 0.1060 0.8970 0.4291
vn 0.0511 0.9222 0.3832
vn 0.0637 0.9165 0.3949
vn 0.0508 0.9322 0.3585
vn 0.0624 0.9265 0.3711
vn 0.0636 0.9311 0.3593
vn 0.0826 0.9119 0.4019
vn 0.0801 0.9235 0.3752
vn 0.0990 0.9213 0.3761
vn 0.0805 0.9275 0.3651
vn 0.1151 0.9222 0.3693
vn 0.0944 0.9253 0.3673
vn 0.1255 0.9261 0.3559
vn 0.1106 0.9246 0.3645
vn 0.1318 0.9329 0.3351
vn 0.1247 0.9278 0.3516
vn 0.0495 0.9354 0.3501
vn 0.0420 0.9397 0.3394
vn 0.0421 0.9375 0.3453
vn 0.0624 0.9316 0.3581
vn 0.0765 0.9284 0.3637
vn 0.0903 0.9264 0.3656
vn 0.1088 0.9260 0.3615
vn 0.1258 0.9294 0.3469
vn 0.1336 0.9348 0.3292
vn 0.0409 0.9364 0.3485
vn 0.0620 0.9315 0.3584
vn 0.0661 0.9340 0.3512
vn 0.0463 0.9361 0.3487
vn 0.0752 0.9293 0.3616
vn 0.0868 0.9281 0.3620
vn 0.1067 0.9281 0.3567
vn 0.1291 0.9300 0.3442
vn 0.1317 0.9309 0.3406
vn 0.0770 0.9313 0.3560
vn 0.0877 0.9318 0.3521
vn 0.1067 0.9315 0.3478
vn 0.1096 0.9364 0.3334
vn 0.1347 0.9342 0.3305
vn 0.0812 0.9373 0.3390
vn 0.0678 0.9406 0.3327
vn 0.0928 0.9376 0.3352
vn 0.0816 0.9441 0.3193
vn 0.1013 0.9416 0.3212
vn 0.1199 0.9396 0.3205
vn 0.0416 0.9384 0.3430
vn 0.0419 0.9446 0.3256
vn 0.0095 0.9445 0.3285
vn 0.0072 0.9488 0.3159
vn -0.0112 0.9496 0.3133
vn -0.0133 0.9506 0.3101
vn -0.0161 0.9531 0.3023
vn -0.0182 0.9531 0.3022
vn 0.0185 0.9436 0.3307
vn 0.0061 0.9498 0.3129
vn 0.0043 0.9542 0.2992
vn -0.0019 0.9586 0.2848
vn -0.0248 0.9574 0.2877
vn 0.0385 0.9415 0.3349
vn 0.0320 0.9433 0.3305
vn 0.0323 0.9487 0.3144
vn 0.0268 0.9501 0.3107
vn 0.0248 0.9551 0.2954
vn 0.0297 0.9550 0.2952
vn 0.0159 0.9603 0.2785
vn 0.0245 0.9614 0.2741
vn 0.0088 0.9658 0.2591
vn 0.0347 0.9470 0.3193
vn 0.0304 0.9545 0.2967
vn 0.0304 0.9543 0.2974
vn 0.0354 0.9461 0.3219
vn 0.0258 0.9614 0.2739
vn 0.0229 0.9617 0.2731
vn 0.0265 0.9545 0.2972
vn 0.0250 0.9611 0.2749
vn 0.0220 0.9673 0.2527
vn 0.0216 0.9672 0.2531
vn 0.0213 0.9714 0.2366
vn 0.0167 0.9713 0.2371
vn 0.0166 0.9748 0.2223
vn 0.0087 0.9751 0.2216
vn 0.0091 0.9772 0.2123
vn 0.0000 0.9770 0.2131
vn 0.0000 0.9787 0.2054
vn -0.0085 0.9771 0.2124
vn -0.0105 0.9793 0.2022
vn -0.0166 0.9773 0.2112
vn 0.0158 0.9671 0.2539
vn 0.0154 0.9618 0.2733
vn 0.0091 0.9713 0.2377
vn 0.0078 0.9667 0.2556
vn 0.0000 0.9746 0.2241
vn 0.0000 0.9704 0.2415
vn -0.0090 0.9750 0.2219
vn -0.0167 0.9748 0.2223
vn -0.0209 0.9747 0.2224
vn -0.0210 0.9774 0.2105
vn -0.0197 0.9753 0.2201
vn -0.0091 0.9713 0.2378
vn -0.0077 0.9667 0.2556
vn -0.0167 0.9713 0.2372
vn -0.0157 0.9671 0.2539
vn -0.0213 0.9714 0.2366
vn -0.0203 0.9720 0.2342
vn -0.0153 0.9747 0.2231
vn -0.0172 0.9712 0.2377
vn -0.0130 0.9745 0.2242
vn -0.0159 0.9708 0.2392
vn 0.0030 0.9740 0.2265
vn 0.0055 0.9769 0.2137
vn 0.0436 0.9754 0.2160
vn -0.0217 0.9672 0.2532
vn -0.0229 0.9617 0.2731
vn -0.0220 0.9673 0.2527
vn -0.0258 0.9614 0.2739
vn -0.0205 0.9668 0.2548
vn -0.0250 0.9611 0.2749
vn -0.0196 0.9668 0.2549
vn -0.0245 0.9614 0.2741
vn -0.0016 0.9703 0.2419
vn -0.0088 0.9658 0.2591
vn 0.0461 0.9716 0.2319
vn 0.0294 0.9681 0.2487
vn 0.0801 0.9724 0.2191
vn 0.0792 0.9685 0.2359
vn 0.0625 0.9648 0.2555
vn 0.0675 0.9636 0.2588
vn -0.0159 0.9603 0.2785
vn -0.0248 0.9551 0.2954
vn 0.0193 0.9633 0.2676
vn 0.0019 0.9586 0.2848
vn 0.0415 0.9603 0.2758
vn 0.0248 0.9574 0.2877
vn 0.0498 0.9591 0.2786
vn 0.0293 0.9561 0.2917
vn 0.0323 0.9590 0.2816
vn 0.0230 0.9557 0.2935
vn 0.0472 0.9638 0.2624
vn 0.0010 0.9588 0.2841
vn -0.0047 0.9549 0.2970
vn 0.0119 0.9637 0.2668
vn -0.0322 0.9580 0.2849
vn -0.0043 0.9542 0.2992
vn 0.0161 0.9531 0.3023
vn 0.0182 0.9531 0.3022
vn 0.0051 0.9525 0.3044
vn -0.0256 0.9506 0.3093
vn -0.0418 0.9446 0.3256
vn -0.0678 0.9406 0.3327
vn -0.0416 0.9384 0.3431
vn -0.0095 0.9445 0.3285
vn -0.0185 0.9436 0.3307
vn -0.0072 0.9488 0.3159
vn 0.0112 0.9496 0.3133
vn 0.0133 0.9506 0.3101
vn -0.0061 0.9498 0.3129
vn -0.0269 0.9501 0.3107
vn -0.0320 0.9433 0.3305
vn -0.0323 0.9487 0.3144
vn -0.0385 0.9415 0.3348
vn -0.0347 0.9469 0.3196
vn -0.0419 0.9397 0.3394
vn -0.0354 0.9461 0.3220
vn -0.0421 0.9375 0.3454
vn -0.0315 0.9464 0.3216
vn -0.0297 0.9550 0.2952
vn -0.0304 0.9545 0.2967
vn -0.0303 0.9543 0.2974
vn -0.0264 0.9544 0.2972
vn -0.0178 0.9552 0.2955
vn -0.0218 0.9472 0.3198
vn -0.0087 0.9557 0.2941
vn -0.0105 0.9478 0.3186
vn -0.0154 0.9618 0.2733
vn -0.0071 0.9618 0.2737
vn 0.0000 0.9612 0.2759
vn 0.0000 0.9548 0.2972
vn 0.0085 0.9558 0.2940
vn 0.0000 0.9658 0.2593
vn 0.0071 0.9618 0.2737
vn 0.0179 0.9552 0.2955
vn 0.0218 0.9472 0.3198
vn 0.0315 0.9464 0.3216
vn 0.0366 0.9365 0.3487
vn 0.1422 0.9640 0.2247
vn 0.2548 0.9378 0.2359
vn 0.2504 0.9354 0.2496
vn 0.1385 0.9614 0.2377
vn 0.2513 0.9312 0.2641
vn 0.1437 0.9568 0.2529
vn 0.3655 0.8988 0.2422
vn 0.3601 0.8968 0.2570
vn 0.3585 0.8932 0.2714
vn 0.3480 0.8937 0.2833
vn 0.3709 0.8976 0.2382
vn 0.3639 0.8965 0.2527
vn 0.3569 0.8954 0.2663
vn 0.3500 0.8944 0.2785
vn 0.3412 0.8935 0.2921
vn 0.3642 0.9014 0.2342
vn 0.3588 0.8995 0.2494
vn 0.3532 0.8977 0.2636
vn 0.3489 0.8954 0.2765
vn 0.3454 0.8924 0.2904
vn 0.3343 0.9146 0.2274
vn 0.3334 0.9108 0.2436
vn 0.2686 0.9349 0.2321
vn 0.3318 0.9073 0.2584
vn 0.2732 0.9295 0.2479
vn 0.3305 0.9035 0.2728
vn 0.3319 0.8983 0.2879
vn 0.3319 0.8921 0.3065
vn 0.2782 0.9236 0.2638
vn 0.2845 0.9167 0.2804
vn 0.2906 0.9088 0.2993
vn 0.2927 0.9014 0.3192
vn 0.2941 0.8940 0.3380
vn 0.2946 0.8861 0.3579
vn 0.2939 0.8774 0.3792
vn 0.2386 0.9139 0.3285
vn 0.2458 0.9042 0.3494
vn 0.2508 0.8940 0.3713
vn 0.2549 0.8827 0.3948
vn 0.2915 0.8679 0.4023
vn 0.1758 0.9318 0.3175
vn 0.1843 0.9227 0.3386
vn 0.1430 0.9324 0.3319
vn 0.1921 0.9126 0.3608
vn 0.1504 0.9231 0.3540
vn 0.2003 0.9010 0.3849
vn 0.1590 0.9114 0.3795
vn 0.2097 0.8865 0.4125
vn 0.1715 0.8964 0.4086
vn 0.2569 0.8700 0.4207
vn 0.2860 0.8575 0.4277
vn 0.2966 0.8513 0.4328
vn 0.2194 0.8737 0.4342
vn 0.1876 0.8818 0.4327
vn 0.2568 0.8604 0.4401
vn 0.2782 0.8504 0.4465
vn 0.2844 0.8456 0.4517
vn 0.2816 0.8444 0.4558
vn 0.2772 0.8440 0.4592
vn 0.2754 0.8417 0.4644
vn 0.2028 0.8730 0.4435
vn 0.1879 0.8749 0.4463
vn 0.2264 0.8655 0.4467
vn 0.2550 0.8583 0.4454
vn 0.2705 0.8489 0.4541
vn 0.2745 0.8440 0.4608
vn 0.2724 0.8437 0.4625
vn 0.2701 0.8427 0.4658
vn 0.2664 0.8419 0.4692
vn 0.2215 0.2951 0.9294
vn 0.2354 0.3487 0.9072
vn 0.2397 0.3474 0.9066
vn 0.2054 0.8692 0.4498
vn 0.2326 0.8641 0.4463
vn 0.2538 0.3723 0.8927
vn 0.2575 0.8577 0.4451
vn 0.2629 0.3714 0.8905
vn 0.2610 0.3738 0.8900
vn 0.2696 0.8444 0.4629
vn 0.2666 0.3700 0.8900
vn 0.2724 0.8438 0.4624
vn 0.2676 0.3627 0.8927
vn 0.2666 0.3659 0.8916
vn 0.2700 0.8440 0.4634
vn 0.2689 0.8421 0.4675
vn 0.2629 0.8440 0.4676
vn 0.2365 0.6608 0.7123
vn 0.2162 0.2570 0.9419
vn 0.1916 0.8729 0.4487
vn 0.1987 0.2405 0.9501
vn 0.1830 0.8755 0.4472
vn 0.2116 0.2375 0.9481
vn 0.2332 0.2376 0.9429
vn 0.1824 0.8759 0.4467
vn 0.7889 0.3961 0.4698
vn 0.7889 0.3962 0.4698
vn 0.7796 0.4099 0.4735
vn 0.7869 0.3959 0.4733
vn 0.7653 0.4332 0.4761
vn 0.7480 0.4637 0.4749
vn 0.2684 0.3632 0.8922
vn 0.2681 0.3607 0.8933
vn 0.2704 0.3681 0.8896
vn 0.2726 0.3682 0.8889
vn 0.2492 0.3839 0.8891
vn 0.2087 0.4076 0.8890
vn 0.2083 0.4092 0.8884
vn 0.2092 0.4058 0.8897
vn 0.2050 0.4074 0.8899
vn 0.1918 0.4142 0.8897
vn 0.1827 0.4190 0.8894
vn 0.1654 0.4259 0.8895
vn 0.1574 0.4297 0.8891
vn 0.0552 0.9026 0.4269
vn 0.0722 0.8999 0.4300
vn 0.0556 0.9073 0.4168
vn 0.0697 0.9008 0.4286
vn 0.0868 0.8960 0.4355
vn 0.0887 0.8968 0.4335
vn 0.0687 0.9047 0.4204
vn 0.1030 0.8947 0.4347
vn 0.1059 0.8947 0.4340
vn 0.0861 0.9009 0.4255
vn 0.1212 0.8923 0.4348
vn 0.1252 0.8906 0.4372
vn 0.1377 0.8883 0.4382
vn 0.1403 0.8870 0.4399
vn 0.1440 0.8853 0.4421
vn 0.1439 0.8871 0.4385
vn 0.2079 0.8645 0.4577
vn 0.0409 0.9215 0.3862
vn 0.0418 0.9073 0.4184
vn 0.0248 0.9372 0.3480
vn 0.0268 0.9215 0.3875
vn 0.0104 0.9478 0.3187
vn 0.0117 0.9370 0.3490
vn 0.0000 0.9463 0.3233
vn 0.0391 0.9026 0.4288
vn 0.0268 0.9067 0.4210
vn 0.0259 0.9007 0.4336
vn 0.0122 0.9066 0.4217
vn 0.0116 0.9214 0.3885
vn 0.0000 0.9183 0.3959
vn 0.0000 0.9053 0.4247
vn -0.0122 0.9066 0.4217
vn -0.0116 0.9213 0.3887
vn -0.0268 0.9067 0.4210
vn -0.0269 0.9215 0.3874
vn -0.0418 0.9073 0.4184
vn -0.0409 0.9215 0.3862
vn -0.0557 0.9074 0.4165
vn -0.0511 0.9222 0.3833
vn -0.0687 0.9047 0.4204
vn 0.0134 0.9028 0.4298
vn 0.0000 0.9028 0.4301
vn -0.0134 0.9028 0.4298
vn -0.0259 0.9007 0.4336
vn -0.0391 0.9026 0.4288
vn -0.0362 0.9016 0.4311
vn -0.0552 0.9026 0.4269
vn -0.0513 0.9032 0.4262
vn -0.0722 0.8999 0.4300
vn -0.0697 0.9008 0.4286
vn -0.0887 0.8968 0.4335
vn -0.0868 0.8960 0.4355
vn -0.1440 0.8853 0.4421
vn -0.1403 0.8870 0.4399
vn -0.1439 0.8871 0.4385
vn -0.1377 0.8883 0.4382
vn -0.1252 0.8906 0.4372
vn -0.1212 0.8923 0.4348
vn -0.1059 0.8947 0.4340
vn -0.1030 0.8947 0.4347
vn -0.1574 0.4297 0.8892
vn -0.1654 0.4258 0.8896
vn -0.1827 0.4190 0.8894
vn -0.1918 0.4142 0.8897
vn -0.2050 0.4074 0.8899
vn -0.2092 0.4059 0.8896
vn -0.2087 0.4076 0.8890
vn -0.2083 0.4092 0.8884
vn -0.2366 0.6608 0.7123
vn -0.2492 0.3839 0.8891
vn -0.2704 0.3681 0.8896
vn -0.2726 0.3683 0.8889
vn -0.2684 0.3632 0.8922
vn -0.2681 0.3607 0.8933
vn -0.2676 0.3627 0.8927
vn -0.2666 0.3659 0.8916
vn -0.2079 0.8645 0.4576
vn -0.2365 0.6608 0.7123
vn -0.2664 0.8419 0.4692
vn -0.2628 0.8440 0.4676
vn -0.2689 0.8421 0.4675
vn -0.2701 0.8427 0.4658
vn -0.2700 0.8441 0.4633
vn -0.2724 0.8437 0.4625
vn -0.2724 0.8438 0.4625
vn -0.2745 0.8440 0.4608
vn -0.2696 0.8444 0.4629
vn -0.2704 0.8489 0.4541
vn -0.2575 0.8576 0.4451
vn -0.2666 0.3700 0.8900
vn -0.2610 0.3738 0.8900
vn -0.2629 0.3714 0.8905
vn -0.2538 0.3723 0.8927
vn -0.2396 0.3474 0.9066
vn -0.2354 0.3487 0.9072
vn -0.2215 0.2952 0.9294
vn -0.2162 0.2570 0.9419
vn -0.1987 0.2405 0.9501
vn -0.2116 0.2375 0.9481
vn -0.2333 0.2376 0.9429
vn -0.7889 0.3961 0.4697
vn -0.7796 0.4099 0.4735
vn -0.7888 0.3962 0.4698
vn -0.7795 0.4100 0.4736
vn -0.7869 0.3959 0.4733
vn -0.7653 0.4331 0.4761
vn -0.1825 0.8759 0.4467
vn -0.1830 0.8755 0.4472
vn -0.1916 0.8728 0.4488
vn -0.2054 0.8692 0.4498
vn -0.2028 0.8730 0.4435
vn -0.2264 0.8655 0.4467
vn -0.2194 0.8737 0.4341
vn -0.2327 0.8641 0.4464
vn -0.2550 0.8583 0.4454
vn -0.2568 0.8604 0.4401
vn -0.2782 0.8504 0.4465
vn -0.7480 0.4637 0.4749
vn -0.7440 0.4785 0.4664
vn -0.7407 0.4905 0.4590
vn -0.7476 0.4935 0.4445
vn -0.7572 0.4847 0.4378
vn -0.7673 0.4804 0.4248
vn -0.7785 0.4668 0.4195
vn -0.7858 0.4643 0.4086
vn -0.7923 0.4573 0.4038
vn -0.7964 0.4580 0.3950
vn -0.7986 0.4573 0.3913
vn -0.8010 0.4602 0.3829
vn -0.8020 0.4621 0.3784
vn -0.8048 0.4655 0.3682
vn -0.0333 0.9947 0.0977
vn -0.0440 0.9935 0.1051
vn -0.0481 0.9930 0.1075
vn -0.4654 0.8771 0.1184
vn -0.1223 0.9875 0.0996
vn -0.1250 0.9868 0.1025
vn -0.1369 0.9856 0.0990
vn -0.1516 0.9836 0.0973
vn -0.1862 0.9788 0.0853
vn -0.1944 0.9775 0.0819
vn -0.1542 0.9823 0.1068
vn -0.1438 0.9839 0.1057
vn -0.1028 0.9895 0.1017
vn -0.1039 0.9893 0.1023
vn -0.1197 0.9879 0.0989
vn -0.1316 0.9866 0.0962
vn -0.1437 0.9855 0.0902
vn -0.0827 0.9910 0.1056
vn -0.0692 0.9916 0.1094
vn -0.0577 0.9919 0.1132
vn -0.0877 0.9902 0.1086
vn -0.0915 0.9897 0.1102
vn -0.0730 0.9913 0.1091
vn -0.0768 0.9908 0.1115
vn -0.0606 0.9919 0.1116
vn -0.0632 0.9919 0.1100
vn -0.0471 0.9924 0.1139
vn -0.0495 0.9926 0.1113
vn -0.0344 0.9930 0.1132
vn -0.0359 0.9931 0.1116
vn -0.0237 0.9932 0.1142
vn -0.0250 0.9935 0.1114
vn -0.0151 0.9927 0.1199
vn -0.1059 0.9894 0.0995
vn 0.3434 0.4741 -0.8108
vn 0.3293 0.4700 -0.8189
vn 0.3050 0.4656 -0.8308
vn 0.2961 0.4557 -0.8395
vn 0.2742 0.4474 -0.8513
vn 0.2628 0.4353 -0.8611
vn 0.2378 0.4301 -0.8709
vn 0.2255 0.4226 -0.8778
vn 0.2001 0.4198 -0.8853
vn 0.1875 0.4184 -0.8887
vn 0.1618 0.4200 -0.8930
vn 0.1489 0.4203 -0.8951
vn 0.1231 0.4194 -0.8994
vn 0.1102 0.4176 -0.9019
vn 0.0836 0.4174 -0.9049
vn 0.0699 0.4162 -0.9066
vn 0.0372 0.4163 -0.9085
vn 0.0372 0.4154 -0.9089
vn 0.0000 0.4165 -0.9091
vn 0.0000 0.4173 -0.9088
vn -0.0372 0.4163 -0.9085
vn -0.0372 0.4154 -0.9089
vn -0.0699 0.4162 -0.9066
vn -0.0836 0.4174 -0.9049
vn -0.1102 0.4177 -0.9019
vn -0.1231 0.4194 -0.8994
vn -0.1489 0.4203 -0.8951
vn -0.1618 0.4200 -0.8930
vn -0.1875 0.4184 -0.8887
vn -0.2001 0.4198 -0.8853
vn 0.0730 0.9914 0.1090
vn 0.0606 0.9919 0.1116
vn 0.0693 0.9916 0.1091
vn 0.0632 0.9919 0.1100
vn 0.0495 0.9925 0.1114
vn 0.0471 0.9924 0.1139
vn 0.0578 0.9919 0.1132
vn 0.0359 0.9931 0.1116
vn 0.0344 0.9930 0.1132
vn 0.0468 0.9922 0.1153
vn 0.0250 0.9935 0.1113
vn 0.0238 0.9932 0.1142
vn 0.0358 0.9928 0.1145
vn 0.0151 0.9927 0.1199
vn 0.0000 0.9929 0.1186
vn 0.0828 0.9910 0.1055
vn 0.0876 0.9902 0.1086
vn 0.0768 0.9908 0.1115
vn 0.1028 0.9895 0.1016
vn 0.1039 0.9893 0.1023
vn 0.0916 0.9897 0.1103
vn 0.1223 0.9875 0.0996
vn 0.0651 0.9921 0.1073
vn 0.0778 0.9913 0.1064
vn 0.1010 0.9893 0.1054
vn 0.1249 0.9869 0.1026
vn 0.1447 0.9843 0.1009
vn 0.1369 0.9856 0.0991
vn 0.0745 0.9916 0.1062
vn 0.0865 0.9903 0.1086
vn 0.1083 0.9879 0.1106
vn 0.1268 0.9861 0.1077
vn 0.1438 0.9840 0.1056
vn 0.1564 0.9823 0.1029
vn 0.1610 0.9820 0.0988
vn 0.1600 0.9823 0.0976
vn 0.1265 0.9854 0.1136
vn 0.1420 0.9838 0.1098
vn 0.1542 0.9823 0.1068
vn 0.1558 0.9824 0.1031
vn 0.1671 0.9809 0.0998
vn 0.1501 0.9823 0.1123
vn 0.3889 0.9108 0.1388
vn 0.4041 0.9046 0.1357
vn 0.4198 0.8981 0.1313
vn 0.1726 0.9804 0.0951
vn 0.6096 0.7763 0.1606
vn 0.4408 0.8884 0.1283
vn 0.6543 0.7410 0.1509
vn 0.6279 0.7631 0.1529
vn 0.6121 0.7771 0.1465
vn 0.5829 0.7991 0.1475
vn 0.5288 0.8388 0.1293
vn 0.4576 0.8783 0.1385
vn 0.3683 0.9186 0.1431
vn 0.4617 0.8788 0.1206
vn 0.6920 0.7068 0.1468
vn 0.7037 0.6952 0.1468
vn 0.4530 0.8829 0.1234
vn 0.6764 0.7212 0.1494
vn 0.6866 0.7128 0.1429
vn 0.6762 0.7234 0.1393
vn 0.6562 0.7422 0.1363
vn 0.6339 0.7615 0.1352
vn 0.6123 0.7794 0.1328
vn 0.5833 0.8017 0.1307
vn 0.5054 0.8561 0.1080
vn 0.6837 0.7166 0.1379
vn 0.6790 0.7230 0.1275
vn 0.6604 0.7414 0.1189
vn 0.6330 0.7649 0.1193
vn 0.5731 0.8109 0.1184
vn 0.5073 0.8557 0.1023
vn 0.4356 0.8949 0.0969
vn 0.4473 0.8873 0.1119
vn 0.3752 0.9193 0.1187
vn 0.3272 0.9397 0.0997
vn 0.6516 0.7502 0.1129
vn 0.6145 0.7801 0.1180
vn 0.5371 0.8361 0.1117
vn 0.4771 0.8734 0.0978
vn 0.7005 0.7089 0.0816
vn 0.5048 0.8587 0.0890
vn 0.1681 0.9807 0.1000
vn 0.3832 0.9185 0.0970
vn 0.0950 0.9891 0.1121
vn 0.0514 0.9923 0.1125
vn 0.0420 0.9902 0.1330
vn 0.9837 0.1750 0.0407
vn 0.9839 0.1729 0.0442
vn 0.9831 0.1770 0.0460
vn 0.9818 0.1825 0.0530
vn 0.9746 0.2167 0.0560
vn 0.9678 0.2438 0.0620
vn 0.9510 0.3031 0.0617
vn 0.9406 0.3336 0.0637
vn 0.9077 0.4148 0.0635
vn 0.8511 0.5212 0.0630
vn 0.7726 0.6310 0.0702
vn 0.5951 0.7996 0.0806
vn 0.5295 0.8435 0.0902
vn 0.6210 0.7770 0.1030
vn 0.6487 0.7532 0.1093
vn 0.6892 0.7155 0.1144
vn 0.6973 0.7060 0.1240
vn 0.7032 0.6988 0.1309
vn 0.7022 0.6971 0.1449
vn 0.7109 0.6866 0.1523
vn 0.7339 0.6595 0.1628
vn 0.7347 0.6580 0.1648
vn 0.7541 0.6350 0.1680
vn 0.7636 0.6240 0.1661
vn 0.7638 0.5792 0.2848
vn 0.7520 0.5261 0.3971
vn 0.7289 0.4670 0.5006
vn 0.0131 0.9907 0.1352
vn 0.0441 0.9870 0.1547
vn 0.0420 0.9858 0.1623
vn 0.0473 0.9833 0.1760
vn 0.0420 0.9830 0.1785
vn 0.0415 0.9801 0.1940
vn 0.0416 0.9819 0.1846
vn 0.0324 0.9800 0.1963
vn 0.0304 0.9784 0.2046
vn 0.0443 0.9774 0.2069
vn 0.0467 0.9772 0.2073
vn 0.0516 0.9763 0.2100
vn 0.0560 0.9753 0.2135
vn 0.0580 0.9740 0.2188
vn 0.7299 0.4691 0.4971
vn 0.7465 0.4740 0.4670
vn 0.7444 0.4799 0.4643
vn 0.7766 0.4740 0.4150
vn 0.7956 0.4604 0.3937
vn 0.8144 0.4552 0.3599
vn 0.8211 0.4484 0.3532
vn 0.8242 0.4482 0.3460
vn 0.8222 0.4511 0.3472
vn 0.8190 0.4534 0.3515
vn 0.8137 0.4609 0.3542
vn 0.8088 0.4628 0.3628
vn 0.8048 0.4656 0.3682
vn 0.8020 0.4621 0.3784
vn 0.0582 0.9732 0.2225
vn 0.0608 0.9707 0.2324
vn 0.0675 0.9689 0.2382
vn 0.0753 0.9658 0.2480
vn 0.0881 0.9623 0.2575
vn 0.0889 0.9593 0.2679
vn 0.1005 0.9551 0.2789
vn 0.1036 0.9512 0.2907
vn 0.1140 0.9471 0.3001
vn 0.1158 0.9439 0.3093
vn 0.1227 0.9405 0.3170
vn 0.1282 0.9359 0.3282
vn 0.1384 0.9309 0.3380
vn 0.1389 0.9263 0.3503
vn 0.8010 0.4602 0.3829
vn 0.7986 0.4573 0.3913
vn 0.7964 0.4580 0.3950
vn 0.7923 0.4573 0.4038
vn 0.7858 0.4642 0.4086
vn 0.7785 0.4668 0.4195
vn 0.7674 0.4804 0.4247
vn 0.7572 0.4847 0.4378
vn 0.7476 0.4935 0.4445
vn 0.7407 0.4905 0.4590
vn 0.7440 0.4785 0.4664
vn 0.1474 0.9212 0.3602
vn 0.1466 0.9153 0.3751
vn 0.1523 0.9098 0.3860
vn 0.1541 0.9016 0.4042
vn 0.1629 0.8941 0.4172
vn 0.1711 0.8854 0.4323
vn 0.1801 0.8794 0.4407
vn 0.1337 0.9407 0.3117
vn 0.1188 0.9490 0.2919
vn 0.1635 0.9409 0.2967
vn 0.2313 0.9228 0.3082
vn 0.1483 0.9497 0.2757
vn 0.2215 0.9318 0.2875
vn 0.1038 0.9571 0.2705
vn 0.1346 0.9575 0.2552
vn 0.0911 0.9640 0.2497
vn 0.0750 0.9701 0.2307
vn 0.1225 0.9638 0.2367
vn 0.0645 0.9744 0.2152
vn 0.1054 0.9702 0.2180
vn 0.0585 0.9765 0.2076
vn 0.0515 0.9784 0.2004
vn 0.0917 0.9755 0.1998
vn 0.0574 0.9810 0.1855
vn 0.0493 0.9854 0.1632
vn 0.0599 0.9825 0.1764
vn 0.1797 0.9596 0.2164
vn 0.1889 0.9540 0.2329
vn 0.1980 0.9478 0.2499
vn 0.2093 0.9405 0.2678
vn 0.0551 0.9760 0.2105
vn 0.0358 0.9767 0.2114
vn 0.0194 0.9775 0.2098
vn 0.0586 0.9765 0.2074
vn -0.2389 0.8236 -0.5144
vn -0.3096 0.8073 -0.5025
vn -0.4166 0.7936 -0.4435
vn -0.4427 0.8028 -0.3993
vn -0.5261 0.7927 -0.3081
vn -0.5390 0.8061 -0.2442
vn -0.6212 0.7722 -0.1335
vn -0.6335 0.7708 -0.0671
vn -0.6677 0.7442 0.0180
vn -0.6579 0.7518 0.0448
vn -0.6568 0.7513 0.0642
vn -0.6544 0.7539 0.0575
vn -0.6502 0.7580 0.0516
vn -0.6530 0.7556 0.0517
vn -0.6594 0.7500 0.0521
vn -0.6683 0.7421 0.0517
vn -0.6713 0.7390 0.0576
vn 0.0137 0.9776 0.2101
vn -0.0064 0.9762 0.2168
vn 0.0008 0.9740 0.2265
vn -0.0317 0.9740 0.2243
vn -0.0358 0.9755 0.2172
vn -0.0192 0.9742 0.2250
vn 0.0312 0.9747 0.2212
vn -0.0181 0.9684 0.2489
vn 0.0265 0.9688 0.2464
vn 0.0776 0.9732 0.2163
vn 0.0661 0.9684 0.2405
vn 0.0904 0.9720 0.2169
vn 0.0817 0.9683 0.2361
vn 0.0794 0.9771 0.1976
vn 0.0674 0.9772 0.2013
vn 0.0896 0.9761 0.1979
vn 0.0841 0.9799 0.1811
vn 0.0755 0.9762 0.2032
vn 0.0643 0.9805 0.1856
vn 0.0402 0.9786 0.2016
vn 0.0062 0.9796 0.2008
vn -0.0192 0.9778 0.2086
vn -0.0143 0.9774 0.2110
vn -0.0108 0.9772 0.2119
vn 0.0308 0.9819 0.1869
vn 0.0053 0.9849 0.1732
vn 0.0020 0.9824 0.1867
vn -0.0099 0.9847 0.1739
vn -0.0092 0.9798 0.1996
vn -0.0093 0.9824 0.1865
vn -0.0130 0.9799 0.1990
vn -0.0189 0.9803 0.1967
vn -0.0137 0.9823 0.1867
vn -0.0217 0.9797 0.1991
vn -0.0224 0.9822 0.1867
vn -0.0179 0.9796 0.2002
vn -0.0189 0.9822 0.1867
vn -0.0117 0.9822 0.1874
vn 0.0000 0.9816 0.1909
vn -0.0195 0.9825 0.1853
vn -0.0184 0.9844 0.1749
vn -0.0213 0.9841 0.1761
vn -0.0190 0.9842 0.1762
vn -0.0138 0.9844 0.1752
vn -0.0164 0.9863 0.1643
vn -0.0124 0.9866 0.1624
vn -0.0202 0.9877 0.1548
vn -0.0170 0.9881 0.1526
vn 0.0022 0.9871 0.1603
vn -0.0038 0.9888 0.1491
vn 0.0292 0.9872 0.1567
vn -0.0239 0.9873 0.1568
vn -0.0205 0.9859 0.1662
vn -0.0212 0.9857 0.1673
vn -0.0170 0.9859 0.1666
vn -0.0107 0.9863 0.1647
vn -0.0118 0.9847 0.1739
vn 0.0000 0.9863 0.1651
vn 0.0000 0.9845 0.1756
vn 0.0118 0.9847 0.1739
vn 0.0116 0.9822 0.1874
vn 0.0189 0.9822 0.1867
vn -0.0229 0.9872 0.1581
vn -0.0242 0.9890 0.1461
vn -0.0159 0.9873 0.1581
vn -0.0157 0.9891 0.1461
vn -0.0088 0.9876 0.1565
vn 0.0000 0.9876 0.1567
vn 0.0107 0.9863 0.1647
vn 0.0183 0.9845 0.1745
vn 0.0223 0.9822 0.1867
vn 0.0218 0.9797 0.1991
vn -0.0073 0.9893 0.1459
vn 0.0000 0.9891 0.1472
vn 0.0089 0.9876 0.1565
vn 0.0170 0.9859 0.1666
vn 0.0213 0.9842 0.1760
vn 0.0195 0.9824 0.1856
vn 0.0189 0.9803 0.1967
vn 0.0192 0.9778 0.2086
vn -0.0159 0.9909 0.1340
vn -0.0073 0.9909 0.1342
vn 0.0000 0.9907 0.1360
vn 0.0073 0.9893 0.1459
vn 0.0159 0.9873 0.1581
vn 0.0157 0.9892 0.1460
vn 0.0210 0.9857 0.1673
vn 0.0229 0.9872 0.1581
vn 0.0189 0.9842 0.1761
vn 0.0205 0.9859 0.1662
vn 0.0137 0.9823 0.1867
vn 0.0138 0.9844 0.1752
vn -0.0243 0.9907 0.1340
vn 0.0241 0.9890 0.1461
vn 0.0239 0.9873 0.1568
vn 0.0164 0.9863 0.1643
vn -0.0437 0.9754 0.2160
vn -0.0055 0.9769 0.2137
vn -0.0030 0.9740 0.2265
vn -0.0402 0.9786 0.2016
vn -0.0062 0.9796 0.2008
vn 0.0107 0.9772 0.2120
vn -0.0308 0.9819 0.1869
vn -0.0020 0.9824 0.1866
vn 0.0092 0.9798 0.1996
vn -0.0054 0.9849 0.1732
vn 0.0099 0.9847 0.1739
vn 0.0093 0.9824 0.1865
vn 0.0124 0.9867 0.1622
vn -0.0022 0.9871 0.1603
vn -0.0326 0.9846 0.1716
vn -0.0643 0.9805 0.1857
vn -0.0756 0.9762 0.2032
vn -0.0898 0.9761 0.1980
vn 0.0039 0.9888 0.1491
vn -0.0288 0.9872 0.1568
vn -0.0577 0.9839 0.1690
vn -0.0525 0.9868 0.1532
vn -0.0840 0.9799 0.1811
vn -0.0755 0.9834 0.1653
vn -0.0459 0.9894 0.1379
vn -0.0375 0.9915 0.1249
vn -0.0266 0.9932 0.1136
vn -0.0229 0.9936 0.1104
vn -0.0081 0.9940 0.1088
vn 0.0063 0.9942 0.1070
vn 0.0307 0.9939 0.1062
vn 0.0074 0.9942 0.1077
vn 0.0643 0.9939 0.0898
vn 0.0495 0.9942 0.0950
vn 0.0131 0.9799 0.1990
vn 0.0143 0.9774 0.2110
vn 0.0179 0.9796 0.2002
vn 0.0208 0.9774 0.2105
vn 0.0197 0.9753 0.2202
vn 0.0154 0.9747 0.2231
vn 0.0131 0.9745 0.2242
vn 0.0176 0.9712 0.2377
vn 0.0159 0.9709 0.2391
vn 0.0205 0.9668 0.2549
vn 0.0196 0.9668 0.2549
vn 0.0016 0.9703 0.2418
vn 0.0203 0.9719 0.2343
vn 0.0210 0.9747 0.2224
vn 0.0165 0.9773 0.2113
vn 0.0108 0.9793 0.2022
vn 0.0255 0.9506 0.3093
vn 0.0746 0.9500 0.3032
vn 0.0534 0.9479 0.3139
vn 0.0390 0.9536 0.2986
vn 0.0047 0.9549 0.2970
vn -0.1115 0.9888 0.0988
vn -0.1072 0.9876 0.1150
vn -0.1266 0.9866 0.1028
vn -0.1196 0.9854 0.1214
vn -0.1415 0.9837 0.1113
vn -0.1094 0.9860 0.1259
vn -0.1168 0.9844 0.1319
vn -0.1516 0.9826 0.1071
vn -0.1397 0.9857 0.0940
vn -0.1559 0.9803 0.1214
vn -0.1417 0.9838 0.1095
vn -0.1436 0.9825 0.1185
vn -0.1475 0.9819 0.1186
vn -0.1287 0.9853 0.1123
vn -0.1088 0.9886 0.1038
vn -0.1231 0.9865 0.1078
vn -0.1309 0.9866 0.0970
vn -0.1102 0.9890 0.0986
vn -0.1232 0.9884 0.0891
vn -0.1079 0.9901 0.0899
vn -0.1245 0.9883 0.0882
vn -0.1087 0.9902 0.0872
vn -0.0979 0.9903 0.0982
vn -0.0926 0.9916 0.0904
vn -0.0935 0.9918 0.0867
vn -0.0996 0.9904 0.0959
vn -0.0965 0.9891 0.1111
vn -0.1020 0.9875 0.1203
vn -0.0943 0.9888 0.1154
vn -0.0879 0.9904 0.1065
vn -0.0897 0.9916 0.0932
vn -0.0830 0.9911 0.1040
vn -0.0771 0.9930 0.0900
vn -0.1026 0.9896 0.1010
vn -0.0726 0.9916 0.1074
vn -0.0063 0.9942 0.1070
vn -0.0101 0.9950 0.0997
vn 0.0080 0.9941 0.1086
vn -0.1077 0.9883 0.1080
vn -0.1161 0.9866 0.1145
vn 0.0261 0.9930 0.1148
vn 0.0070 0.9938 0.1111
vn 0.0211 0.9927 0.1190
vn -0.0236 0.9936 0.1109
vn -0.0212 0.9934 0.1124
vn -0.0706 0.9912 0.1124
vn -0.0699 0.9907 0.1166
vn 0.0079 0.9933 0.1153
vn 0.0299 0.9921 0.1220
vn 0.0351 0.9915 0.1256
vn -0.5296 0.6915 0.4912
vn -0.3808 0.6524 0.6553
vn -0.4356 0.6637 0.6081
vn 0.0407 0.9910 0.1273
vn 0.0317 0.9907 0.1326
vn -0.1816 0.6429 0.7441
vn -0.2519 0.6427 0.7235
vn 0.0299 0.9912 0.1290
vn -0.0341 0.6194 0.7843
vn -0.0708 0.6225 0.7794
vn 0.0228 0.9917 0.1268
vn -0.0026 0.6181 0.7861
vn 0.0018 0.6105 0.7920
vn 0.0137 0.9922 0.1240
vn -0.0225 0.6165 0.7870
vn -0.0136 0.6173 0.7866
vn -0.0138 0.9930 0.1171
vn -0.0545 0.6128 0.7884
vn -0.0430 0.6145 0.7878
vn -0.0604 0.9913 0.1166
vn -0.0836 0.6063 0.7908
vn -0.0752 0.6099 0.7889
vn -0.1124 0.9857 0.1257
vn -0.0518 0.6069 0.7931
vn -0.5748 0.6986 0.4261
vn 0.0602 0.9907 0.1223
vn 0.0469 0.9910 0.1257
vn -0.6363 0.7153 0.2887
vn -0.6651 0.7130 0.2220
vn 0.0469 0.9909 0.1265
vn -0.6802 0.7234 0.1180
vn -0.6825 0.7247 0.0946
vn 0.0580 0.9892 0.1345
vn 0.0480 0.9902 0.1312
vn -0.6782 0.7322 0.0628
vn 0.0443 0.9910 0.1260
vn 0.0525 0.9897 0.1335
vn 0.0441 0.9909 0.1274
vn 0.0376 0.9915 0.1245
vn 0.0377 0.9920 0.1208
vn 0.0397 0.9909 0.1286
vn 0.0228 0.9936 0.1104
vn 0.0048 0.9949 0.1006
vn -0.0260 0.9890 0.1458
vn -0.0268 0.9907 0.1337
vn -0.0240 0.9892 0.1446
vn -0.0270 0.9906 0.1338
vn 0.0230 0.9894 0.1435
vn 0.0459 0.9894 0.1379
vn 0.0524 0.9868 0.1532
vn 0.0326 0.9846 0.1716
vn 0.0578 0.9839 0.1690
vn 0.0755 0.9834 0.1653
vn 0.0636 0.9867 0.1495
vn 0.0859 0.9805 0.1767
vn 0.0759 0.9840 0.1611
vn 0.0652 0.9871 0.1461
vn 0.0790 0.9861 0.1463
vn 0.0710 0.9847 0.1591
vn 0.0740 0.9815 0.1765
vn 0.0674 0.9850 0.1588
vn 0.0753 0.9802 0.1833
vn -0.1656 0.9823 0.0873
vn -0.1853 0.9791 0.0837
vn -0.1930 0.9776 0.0844
vn -0.1208 0.9879 0.0974
vn -0.1289 0.9877 0.0886
vn -0.1428 0.9861 0.0844
vn -0.1695 0.9816 0.0874
vn -0.1879 0.9786 0.0837
vn -0.1921 0.9775 0.0871
vn -0.1920 0.9773 0.0900
vn -0.1922 0.9774 0.0876
vn -0.1955 0.9773 0.0813
vn 0.3784 0.4773 -0.7931
vn 0.3986 0.4796 -0.7817
vn 0.4367 0.4818 -0.7597
vn 0.4540 0.4849 -0.7475
vn 0.4869 0.4858 -0.7259
vn 0.5017 0.4869 -0.7150
vn 0.5259 0.4830 -0.7001
vn 0.5345 0.4813 -0.6947
vn 0.5397 0.4807 -0.6912
vn 0.5381 0.4823 -0.6912
vn 0.5360 0.4828 -0.6925
vn 0.5397 0.4807 -0.6911
vn 0.5389 0.4804 -0.6919
vn -0.7860 0.5097 -0.3499
vn -0.7780 0.5131 -0.3626
vn -0.7711 0.5367 -0.3425
vn -0.7884 0.5105 -0.3431
vn -0.7302 0.6103 -0.3070
vn -0.6821 0.6776 -0.2751
vn -0.1942 0.9774 0.0835
vn -0.6627 0.7068 -0.2475
vn -0.7798 0.5884 -0.2137
vn -0.6798 0.7325 -0.0352
vn -0.9508 0.2820 -0.1280
vn -0.8645 0.5027 0.0051
vn -0.9624 0.2337 -0.1387
vn -0.8253 0.5624 0.0500
vn -0.6964 0.7034 0.1421
vn -0.6998 0.7003 0.1407
vn -0.9720 0.1990 -0.1247
vn -0.9766 0.1841 -0.1108
vn -0.9828 0.1697 -0.0725
vn -0.7057 0.6939 0.1435
vn -0.6956 0.7045 0.1408
vn -0.6866 0.7129 0.1428
vn -0.6852 0.7145 0.1413
vn -0.2570 0.8700 0.4207
vn -0.2095 0.8865 0.4126
vn -0.2003 0.9010 0.3849
vn -0.2549 0.8827 0.3948
vn -0.2508 0.8940 0.3712
vn -0.2915 0.8679 0.4022
vn -0.2939 0.8774 0.3793
vn -0.2860 0.8575 0.4277
vn -0.3051 0.8611 0.4067
vn -0.3115 0.8695 0.3833
vn -0.2965 0.8514 0.4328
vn -0.3016 0.8614 0.4087
vn -0.3100 0.8693 0.3850
vn -0.2921 0.8513 0.4358
vn -0.2932 0.8637 0.4099
vn -0.3020 0.8716 0.3862
vn -0.2859 0.8523 0.4379
vn -0.2927 0.8607 0.4166
vn -0.2991 0.8701 0.3917
vn -0.2810 0.8504 0.4449
vn -0.2193 0.8780 0.4255
vn -0.2248 0.8901 0.3965
vn -0.1484 0.8915 0.4280
vn -0.2125 0.8688 0.4473
vn -0.2754 0.8417 0.4644
vn -0.2771 0.8441 0.4591
vn -0.2816 0.8444 0.4558
vn -0.2844 0.8456 0.4517
vn -0.1433 0.8906 0.4317
vn -0.1454 0.9023 0.4058
vn -0.1271 0.8933 0.4311
vn -0.1273 0.9077 0.3999
vn -0.1061 0.8970 0.4290
vn -0.1037 0.9083 0.4052
vn -0.0862 0.9009 0.4255
vn -0.0828 0.9119 0.4019
vn -0.0637 0.9165 0.3949
vn -0.0410 0.9364 0.3485
vn -0.0463 0.9361 0.3487
vn -0.0495 0.9354 0.3501
vn -0.0508 0.9322 0.3585
vn -0.0624 0.9265 0.3711
vn -0.0801 0.9235 0.3752
vn -0.0770 0.9313 0.3560
vn -0.0661 0.9340 0.3512
vn -0.0620 0.9315 0.3584
vn -0.0624 0.9316 0.3581
vn -0.0635 0.9311 0.3592
vn -0.0805 0.9275 0.3652
vn -0.0990 0.9213 0.3760
vn -0.0943 0.9253 0.3674
vn -0.1151 0.9222 0.3693
vn -0.1105 0.9246 0.3645
vn -0.0904 0.9264 0.3655
vn -0.1088 0.9260 0.3615
vn -0.0868 0.9281 0.3620
vn -0.0752 0.9293 0.3616
vn -0.1349 0.9190 0.3704
vn -0.1497 0.9035 0.4016
vn -0.0250 0.9371 0.3482
vn -0.0111 0.9370 0.3492
vn 0.0000 0.9346 0.3556
vn -0.0366 0.9365 0.3487
vn 0.1768 0.9802 0.0890
vn 0.1696 0.9810 0.0946
vn 0.1839 0.9791 0.0870
vn 0.1910 0.9782 0.0815
vn 0.1874 0.9786 0.0847
vn 0.1767 0.9798 0.0933
vn 0.1735 0.9806 0.0915
vn 0.1516 0.9836 0.0973
vn 0.1890 0.9784 0.0838
vn 0.1707 0.9811 0.0913
vn 0.1921 0.9779 0.0823
vn 0.4654 0.8771 0.1184
vn 0.1944 0.9775 0.0819
vn 0.1862 0.9788 0.0853
vn 0.1197 0.9879 0.0989
vn 0.1059 0.9894 0.0994
vn 0.1316 0.9866 0.0962
vn 0.1208 0.9879 0.0974
vn 0.1437 0.9855 0.0903
vn 0.1289 0.9877 0.0886
vn 0.1656 0.9823 0.0872
vn 0.1428 0.9861 0.0844
vn 0.1853 0.9791 0.0837
vn 0.1695 0.9816 0.0874
vn 0.1930 0.9776 0.0844
vn -0.2255 0.4226 -0.8778
vn -0.2378 0.4301 -0.8709
vn -0.2628 0.4353 -0.8611
vn -0.2742 0.4474 -0.8513
vn -0.2961 0.4557 -0.8395
vn -0.3050 0.4655 -0.8308
vn -0.3293 0.4700 -0.8189
vn -0.3434 0.4741 -0.8107
vn -0.3784 0.4773 -0.7931
vn -0.3986 0.4796 -0.7817
vn -0.4368 0.4818 -0.7597
vn -0.4540 0.4848 -0.7475
vn -0.4869 0.4857 -0.7260
vn -0.5017 0.4869 -0.7150
vn -0.5259 0.4830 -0.7001
vn -0.5345 0.4813 -0.6947
vn -0.5397 0.4806 -0.6912
vn -0.5381 0.4823 -0.6913
vn -0.5360 0.4828 -0.6925
vn -0.5390 0.4804 -0.6919
vn 0.7780 0.5131 -0.3626
vn 0.7859 0.5098 -0.3499
vn 0.7711 0.5367 -0.3424
vn 0.7884 0.5105 -0.3431
vn 0.7302 0.6104 -0.3070
vn 0.6821 0.6776 -0.2751
vn 0.6627 0.7068 -0.2475
vn 0.7799 0.5883 -0.2137
vn 0.6799 0.7325 -0.0352
vn 0.9508 0.2820 -0.1280
vn 0.1880 0.9786 0.0837
vn 0.1921 0.9775 0.0871
vn 0.1920 0.9773 0.0900
vn 0.1922 0.9774 0.0876
vn 0.1955 0.9773 0.0813
vn 0.1942 0.9774 0.0836
vn 0.8645 0.5027 0.0051
vn 0.8253 0.5624 0.0501
vn 0.9623 0.2338 -0.1387
vn 0.9720 0.1990 -0.1247
vn 0.9766 0.1841 -0.1108
vn 0.9828 0.1697 -0.0725
vn 0.9842 0.1699 -0.0497
vn 0.9866 0.1625 -0.0121
vn 0.9858 0.1679 0.0028
vn 0.9859 0.1656 0.0245
vn 0.9846 0.1718 0.0312
vn 0.9841 0.1733 0.0393
vn 0.7057 0.6939 0.1435
vn 0.6998 0.7003 0.1407
vn 0.6965 0.7034 0.1421
vn 0.6935 0.7073 0.1370
vn 0.6948 0.7061 0.1368
vn 0.6910 0.7096 0.1382
vn 0.6884 0.7121 0.1381
vn 0.6842 0.7168 0.1344
vn 0.6787 0.7244 0.1207
vn 0.6956 0.7045 0.1408
vn 0.6852 0.7145 0.1413
vn -0.0765 0.9284 0.3637
vn 0.1417 0.9606 0.2390
vn 0.1404 0.9640 0.2258
vn 0.1385 0.9648 0.2236
vn 0.1427 0.4353 0.8889
vn 0.1361 0.4376 0.8888
vn 0.1209 0.4407 0.8895
vn 0.1122 0.4399 0.8910
vn 0.0936 0.4409 0.8927
vn 0.0836 0.4404 0.8939
vn 0.0662 0.4425 0.8943
vn 0.0586 0.4426 0.8948
vn 0.0449 0.4426 0.8956
vn 0.0385 0.4408 0.8968
vn 0.0252 0.4399 0.8977
vn 0.0181 0.4388 0.8984
vn 0.0000 0.4389 0.8985
vn 0.0000 0.4388 0.8986
vn 0.0513 0.9031 0.4263
vn 0.0362 0.9016 0.4311
vn 0.0240 0.9014 0.4323
vn 0.0116 0.9041 0.4272
vn 0.0000 0.8994 0.4372
vn -0.0116 0.9041 0.4272
vn -0.0240 0.9014 0.4323
vn -0.0181 0.4388 0.8984
vn -0.0252 0.4399 0.8977
vn -0.0385 0.4408 0.8968
vn -0.0449 0.4426 0.8956
vn -0.0586 0.4426 0.8948
vn -0.0662 0.4425 0.8943
vn -0.0836 0.4404 0.8939
vn -0.0936 0.4409 0.8927
vn -0.1122 0.4400 0.8910
vn -0.1209 0.4408 0.8894
vn -0.1361 0.4376 0.8888
vn -0.1427 0.4353 0.8889
vn 0.5244 0.8499 -0.0508
vn 0.5324 0.8438 -0.0674
vn 0.4959 0.8590 -0.1269
vn 0.4675 0.8618 -0.1968
vn 0.3855 0.8780 -0.2837
vn 0.3551 0.8662 -0.3516
vn 0.2680 0.8647 -0.4248
vn 0.2253 0.8482 -0.4794
vn 0.1176 0.8436 -0.5240
vn 0.0598 0.8429 -0.5347
vn -0.0545 0.8435 -0.5343
vn -0.1144 0.8391 -0.5318
vn 0.2542 0.9591 0.1246
vn 0.1449 0.9832 0.1108
vn 0.1277 0.9835 0.1285
vn 0.0757 0.9871 0.1409
vn 0.0477 0.9880 0.1472
vn -0.1371 0.9709 0.1961
vn -0.1311 0.9757 0.1758
# 2368 vertex normals

vt 0.3150 0.7033 0.0000
vt 0.3162 0.7042 0.0000
vt 0.3163 0.7038 0.0000
vt 0.3240 0.7068 0.0000
vt 0.3241 0.7064 0.0000
vt 0.3309 0.7085 0.0000
vt 0.3310 0.7081 0.0000
vt 0.3383 0.7103 0.0000
vt 0.3384 0.7100 0.0000
vt 0.3462 0.7120 0.0000
vt 0.3463 0.7116 0.0000
vt 0.3498 0.7127 0.0000
vt 0.3499 0.7123 0.0000
vt 0.3511 0.7128 0.0000
vt 0.3512 0.7124 0.0000
vt 0.3525 0.7123 0.0000
vt 0.3524 0.7120 0.0000
vt 0.3511 0.7131 0.0000
vt 0.3499 0.7130 0.0000
vt 0.3510 0.7145 0.0000
vt 0.3461 0.7123 0.0000
vt 0.3459 0.7140 0.0000
vt 0.3382 0.7107 0.0000
vt 0.3380 0.7115 0.0000
vt 0.3308 0.7088 0.0000
vt 0.3306 0.7102 0.0000
vt 0.3239 0.7071 0.0000
vt 0.3236 0.7088 0.0000
vt 0.3162 0.7045 0.0000
vt 0.3162 0.7073 0.0000
vt 0.3527 0.7126 0.0000
vt 0.3547 0.7141 0.0000
vt 0.3537 0.7119 0.0000
vt 0.3535 0.7116 0.0000
vt 0.3561 0.7112 0.0000
vt 0.3545 0.7107 0.0000
vt 0.3377 0.7133 0.0000
vt 0.3456 0.7170 0.0000
vt 0.3544 0.7170 0.0000
vt 0.3635 0.7157 0.0000
vt 0.3631 0.7132 0.0000
vt 0.3629 0.7107 0.0000
vt 0.3564 0.7088 0.0000
vt 0.3627 0.7081 0.0000
vt 0.3564 0.7054 0.0000
vt 0.3548 0.7054 0.0000
vt 0.3626 0.7055 0.0000
vt 0.3625 0.7028 0.0000
vt 0.3564 0.7025 0.0000
vt 0.3454 0.7196 0.0000
vt 0.3544 0.7196 0.0000
vt 0.3638 0.7180 0.0000
vt 0.3724 0.7156 0.0000
vt 0.3717 0.7137 0.0000
vt 0.3710 0.7117 0.0000
vt 0.3705 0.7096 0.0000
vt 0.3701 0.7075 0.0000
vt 0.3698 0.7053 0.0000
vt 0.3370 0.7189 0.0000
vt 0.3452 0.7218 0.0000
vt 0.3544 0.7217 0.0000
vt 0.3642 0.7200 0.0000
vt 0.3732 0.7174 0.0000
vt 0.3791 0.7128 0.0000
vt 0.3780 0.7114 0.0000
vt 0.3771 0.7100 0.0000
vt 0.3766 0.7084 0.0000
vt 0.3837 0.7101 0.0000
vt 0.3801 0.7143 0.0000
vt 0.3850 0.7115 0.0000
vt 0.3742 0.7194 0.0000
vt 0.3813 0.7167 0.0000
vt 0.3654 0.7217 0.0000
vt 0.3686 0.7229 0.0000
vt 0.3545 0.7245 0.0000
vt 0.3664 0.7258 0.0000
vt 0.3450 0.7245 0.0000
vt 0.3547 0.7299 0.0000
vt 0.3368 0.7210 0.0000
vt 0.3293 0.7199 0.0000
vt 0.3295 0.7178 0.0000
vt 0.3225 0.7186 0.0000
vt 0.3359 0.7326 0.0000
vt 0.3448 0.7289 0.0000
vt 0.3363 0.7278 0.0000
vt 0.3662 0.7309 0.0000
vt 0.3759 0.7220 0.0000
vt 0.3832 0.7204 0.0000
vt 0.3765 0.7259 0.0000
vt 0.3778 0.7316 0.0000
vt 0.3671 0.7371 0.0000
vt 0.3794 0.7384 0.0000
vt 0.3679 0.7433 0.0000
vt 0.3811 0.7454 0.0000
vt 0.3688 0.7493 0.0000
vt 0.3826 0.7521 0.0000
vt 0.3827 0.7524 0.0000
vt 0.3947 0.7547 0.0000
vt 0.3947 0.7550 0.0000
vt 0.4042 0.7567 0.0000
vt 0.3548 0.7355 0.0000
vt 0.3551 0.7412 0.0000
vt 0.3553 0.7464 0.0000
vt 0.3688 0.7496 0.0000
vt 0.3827 0.7527 0.0000
vt 0.3828 0.7553 0.0000
vt 0.3948 0.7576 0.0000
vt 0.3694 0.7555 0.0000
vt 0.3692 0.7527 0.0000
vt 0.3564 0.7528 0.0000
vt 0.3688 0.7499 0.0000
vt 0.3559 0.7499 0.0000
vt 0.3553 0.7467 0.0000
vt 0.3554 0.7470 0.0000
vt 0.3444 0.7440 0.0000
vt 0.3444 0.7443 0.0000
vt 0.3445 0.7392 0.0000
vt 0.3354 0.7419 0.0000
vt 0.3446 0.7341 0.0000
vt 0.3356 0.7374 0.0000
vt 0.3568 0.7552 0.0000
vt 0.3444 0.7446 0.0000
vt 0.3449 0.7474 0.0000
vt 0.3453 0.7503 0.0000
vt 0.3457 0.7526 0.0000
vt 0.3461 0.7548 0.0000
vt 0.3568 0.7573 0.0000
vt 0.3465 0.7570 0.0000
vt 0.3369 0.7547 0.0000
vt 0.3372 0.7569 0.0000
vt 0.3289 0.7550 0.0000
vt 0.3287 0.7526 0.0000
vt 0.3365 0.7524 0.0000
vt 0.3285 0.7505 0.0000
vt 0.3362 0.7503 0.0000
vt 0.3359 0.7480 0.0000
vt 0.3357 0.7452 0.0000
vt 0.3354 0.7425 0.0000
vt 0.3354 0.7422 0.0000
vt 0.3278 0.7404 0.0000
vt 0.3278 0.7401 0.0000
vt 0.3210 0.7384 0.0000
vt 0.3281 0.7358 0.0000
vt 0.3284 0.7311 0.0000
vt 0.3213 0.7342 0.0000
vt 0.3287 0.7265 0.0000
vt 0.3216 0.7296 0.0000
vt 0.3365 0.7237 0.0000
vt 0.3291 0.7225 0.0000
vt 0.2942 0.7312 0.0000
vt 0.3015 0.7291 0.0000
vt 0.2945 0.7271 0.0000
vt 0.3019 0.7247 0.0000
vt 0.2949 0.7227 0.0000
vt 0.3087 0.7265 0.0000
vt 0.3091 0.7221 0.0000
vt 0.3024 0.7203 0.0000
vt 0.3155 0.7236 0.0000
vt 0.3158 0.7198 0.0000
vt 0.3095 0.7183 0.0000
vt 0.3223 0.7211 0.0000
vt 0.3219 0.7250 0.0000
vt 0.3161 0.7173 0.0000
vt 0.2875 0.7249 0.0000
vt 0.2871 0.7291 0.0000
vt 0.2801 0.7269 0.0000
vt 0.2871 0.7294 0.0000
vt 0.2942 0.7315 0.0000
vt 0.3227 0.7165 0.0000
vt 0.3162 0.7152 0.0000
vt 0.3097 0.7158 0.0000
vt 0.3028 0.7165 0.0000
vt 0.2954 0.7182 0.0000
vt 0.2879 0.7204 0.0000
vt 0.2806 0.7226 0.0000
vt 0.2735 0.7247 0.0000
vt 0.2885 0.7159 0.0000
vt 0.2959 0.7145 0.0000
vt 0.3031 0.7140 0.0000
vt 0.2963 0.7119 0.0000
vt 0.3099 0.7137 0.0000
vt 0.3033 0.7120 0.0000
vt 0.3165 0.7127 0.0000
vt 0.3102 0.7113 0.0000
vt 0.3229 0.7139 0.0000
vt 0.3232 0.7112 0.0000
vt 0.3298 0.7151 0.0000
vt 0.3302 0.7123 0.0000
vt 0.3373 0.7162 0.0000
vt 0.3164 0.7099 0.0000
vt 0.3106 0.7088 0.0000
vt 0.3036 0.7097 0.0000
vt 0.2965 0.7100 0.0000
vt 0.2894 0.7095 0.0000
vt 0.2890 0.7121 0.0000
vt 0.2753 0.7108 0.0000
vt 0.2824 0.7095 0.0000
vt 0.2762 0.7068 0.0000
vt 0.2828 0.7069 0.0000
vt 0.2897 0.7076 0.0000
vt 0.2968 0.7079 0.0000
vt 0.3039 0.7074 0.0000
vt 0.3109 0.7063 0.0000
vt 0.3144 0.7038 0.0000
vt 0.3147 0.7036 0.0000
vt 0.3136 0.7027 0.0000
vt 0.2708 0.7042 0.0000
vt 0.2767 0.7043 0.0000
vt 0.2831 0.7051 0.0000
vt 0.2899 0.7057 0.0000
vt 0.2971 0.7057 0.0000
vt 0.3042 0.7050 0.0000
vt 0.3111 0.7038 0.0000
vt 0.3133 0.7028 0.0000
vt 0.3114 0.7013 0.0000
vt 0.2772 0.7026 0.0000
vt 0.2779 0.7014 0.0000
vt 0.2835 0.7035 0.0000
vt 0.2902 0.7038 0.0000
vt 0.2974 0.7035 0.0000
vt 0.3045 0.7027 0.0000
vt 0.3047 0.7005 0.0000
vt 0.2980 0.6995 0.0000
vt 0.3049 0.6984 0.0000
vt 0.3116 0.6990 0.0000
vt 0.3116 0.6966 0.0000
vt 0.2726 0.7004 0.0000
vt 0.2738 0.6995 0.0000
vt 0.2754 0.6992 0.0000
vt 0.2785 0.7003 0.0000
vt 0.2838 0.7020 0.0000
vt 0.2842 0.7004 0.0000
vt 0.2906 0.7020 0.0000
vt 0.2844 0.6989 0.0000
vt 0.2909 0.7002 0.0000
vt 0.2977 0.7015 0.0000
vt 0.2912 0.6986 0.0000
vt 0.2847 0.6976 0.0000
vt 0.2788 0.6990 0.0000
vt 0.2914 0.6970 0.0000
vt 0.2982 0.6977 0.0000
vt 0.2983 0.6958 0.0000
vt 0.2915 0.6954 0.0000
vt 0.2983 0.6939 0.0000
vt 0.2914 0.6938 0.0000
vt 0.2982 0.6919 0.0000
vt 0.2913 0.6920 0.0000
vt 0.2980 0.6899 0.0000
vt 0.2911 0.6903 0.0000
vt 0.2848 0.6923 0.0000
vt 0.2847 0.6908 0.0000
vt 0.2793 0.6925 0.0000
vt 0.2978 0.6879 0.0000
vt 0.2909 0.6886 0.0000
vt 0.3046 0.6874 0.0000
vt 0.3045 0.6853 0.0000
vt 0.3048 0.6896 0.0000
vt 0.3113 0.6870 0.0000
vt 0.3049 0.6918 0.0000
vt 0.3114 0.6894 0.0000
vt 0.3050 0.6940 0.0000
vt 0.3115 0.6918 0.0000
vt 0.3050 0.6962 0.0000
vt 0.3116 0.6942 0.0000
vt 0.2976 0.6859 0.0000
vt 0.2907 0.6867 0.0000
vt 0.3246 0.6932 0.0000
vt 0.3168 0.6940 0.0000
vt 0.3246 0.6935 0.0000
vt 0.3174 0.6917 0.0000
vt 0.3148 0.6946 0.0000
vt 0.3167 0.6944 0.0000
vt 0.3137 0.6953 0.0000
vt 0.3151 0.6948 0.0000
vt 0.3129 0.6963 0.0000
vt 0.3140 0.6955 0.0000
vt 0.3122 0.6975 0.0000
vt 0.3125 0.6976 0.0000
vt 0.3119 0.6990 0.0000
vt 0.3121 0.7004 0.0000
vt 0.3122 0.6990 0.0000
vt 0.3126 0.7018 0.0000
vt 0.3124 0.7004 0.0000
vt 0.3129 0.7017 0.0000
vt 0.3132 0.6964 0.0000
vt 0.3140 0.7025 0.0000
vt 0.3132 0.7015 0.0000
vt 0.3128 0.7003 0.0000
vt 0.3126 0.6990 0.0000
vt 0.3129 0.6977 0.0000
vt 0.3135 0.6966 0.0000
vt 0.3143 0.6957 0.0000
vt 0.3154 0.6950 0.0000
vt 0.3167 0.6947 0.0000
vt 0.3247 0.6939 0.0000
vt 0.3317 0.6931 0.0000
vt 0.3316 0.6928 0.0000
vt 0.3391 0.6924 0.0000
vt 0.3391 0.6921 0.0000
vt 0.3470 0.6919 0.0000
vt 0.3470 0.6916 0.0000
vt 0.3316 0.6925 0.0000
vt 0.3315 0.6910 0.0000
vt 0.3391 0.6918 0.0000
vt 0.3469 0.6912 0.0000
vt 0.3469 0.6900 0.0000
vt 0.3505 0.6914 0.0000
vt 0.3507 0.6911 0.0000
vt 0.3562 0.6943 0.0000
vt 0.3539 0.6926 0.0000
vt 0.3545 0.6938 0.0000
vt 0.3552 0.6914 0.0000
vt 0.3530 0.6918 0.0000
vt 0.3528 0.6920 0.0000
vt 0.3517 0.6904 0.0000
vt 0.3517 0.6912 0.0000
vt 0.3389 0.6895 0.0000
vt 0.3244 0.6916 0.0000
vt 0.3516 0.6915 0.0000
vt 0.3537 0.6928 0.0000
vt 0.3542 0.6938 0.0000
vt 0.3544 0.6948 0.0000
vt 0.3547 0.6947 0.0000
vt 0.3544 0.6965 0.0000
vt 0.3548 0.6966 0.0000
vt 0.3544 0.6994 0.0000
vt 0.3548 0.6994 0.0000
vt 0.3563 0.6968 0.0000
vt 0.3564 0.6996 0.0000
vt 0.3548 0.7024 0.0000
vt 0.3548 0.7089 0.0000
vt 0.3545 0.7024 0.0000
vt 0.3545 0.7054 0.0000
vt 0.3545 0.7089 0.0000
vt 0.3542 0.7105 0.0000
vt 0.3542 0.6965 0.0000
vt 0.3542 0.6993 0.0000
vt 0.3542 0.7023 0.0000
vt 0.3542 0.7053 0.0000
vt 0.3543 0.7089 0.0000
vt 0.3540 0.7102 0.0000
vt 0.3534 0.7113 0.0000
vt 0.3505 0.6917 0.0000
vt 0.3517 0.6918 0.0000
vt 0.3526 0.6923 0.0000
vt 0.3534 0.6930 0.0000
vt 0.3539 0.6939 0.0000
vt 0.3541 0.6950 0.0000
vt 0.2622 0.5443 0.0000
vt 0.2677 0.5451 0.0000
vt 0.2679 0.5424 0.0000
vt 0.2461 0.5477 0.0000
vt 0.2513 0.5457 0.0000
vt 0.2514 0.5454 0.0000
vt 0.2510 0.5483 0.0000
vt 0.2566 0.5463 0.0000
vt 0.2569 0.5437 0.0000
vt 0.2569 0.5433 0.0000
vt 0.2624 0.5417 0.0000
vt 0.2624 0.5414 0.0000
vt 0.2680 0.5397 0.0000
vt 0.2681 0.5394 0.0000
vt 0.2739 0.5404 0.0000
vt 0.2739 0.5377 0.0000
vt 0.2739 0.5374 0.0000
vt 0.2871 0.5412 0.0000
vt 0.2870 0.5390 0.0000
vt 0.2802 0.5411 0.0000
vt 0.2802 0.5383 0.0000
vt 0.2869 0.5362 0.0000
vt 0.2801 0.5357 0.0000
vt 0.2868 0.5335 0.0000
vt 0.2868 0.5332 0.0000
vt 0.2801 0.5353 0.0000
vt 0.2738 0.5431 0.0000
vt 0.2802 0.5433 0.0000
vt 0.2737 0.5453 0.0000
vt 0.2801 0.5453 0.0000
vt 0.2871 0.5432 0.0000
vt 0.2736 0.5473 0.0000
vt 0.2801 0.5473 0.0000
vt 0.2871 0.5452 0.0000
vt 0.2736 0.5494 0.0000
vt 0.2801 0.5496 0.0000
vt 0.2871 0.5475 0.0000
vt 0.2735 0.5517 0.0000
vt 0.2801 0.5523 0.0000
vt 0.2871 0.5501 0.0000
vt 0.2735 0.5544 0.0000
vt 0.2735 0.5576 0.0000
vt 0.2801 0.5551 0.0000
vt 0.2735 0.5573 0.0000
vt 0.2801 0.5548 0.0000
vt 0.2735 0.5570 0.0000
vt 0.2871 0.5526 0.0000
vt 0.2942 0.5454 0.0000
vt 0.2942 0.5480 0.0000
vt 0.3012 0.5460 0.0000
vt 0.2942 0.5504 0.0000
vt 0.3012 0.5485 0.0000
vt 0.2871 0.5529 0.0000
vt 0.2942 0.5507 0.0000
vt 0.2801 0.5554 0.0000
vt 0.2871 0.5532 0.0000
vt 0.2806 0.5597 0.0000
vt 0.2875 0.5574 0.0000
vt 0.2739 0.5621 0.0000
vt 0.2811 0.5643 0.0000
vt 0.2879 0.5619 0.0000
vt 0.2745 0.5668 0.0000
vt 0.2817 0.5689 0.0000
vt 0.2885 0.5664 0.0000
vt 0.2753 0.5715 0.0000
vt 0.2717 0.5842 0.0000
vt 0.2726 0.5819 0.0000
vt 0.2699 0.5835 0.0000
vt 0.2718 0.5804 0.0000
vt 0.2685 0.5823 0.0000
vt 0.2767 0.5780 0.0000
vt 0.2708 0.5780 0.0000
vt 0.2762 0.5755 0.0000
vt 0.2694 0.5742 0.0000
vt 0.2668 0.5804 0.0000
vt 0.2680 0.5696 0.0000
vt 0.2639 0.5772 0.0000
vt 0.2673 0.5646 0.0000
vt 0.2606 0.5676 0.0000
vt 0.2671 0.5599 0.0000
vt 0.2607 0.5622 0.0000
vt 0.2671 0.5595 0.0000
vt 0.2824 0.5728 0.0000
vt 0.2890 0.5702 0.0000
vt 0.2828 0.5753 0.0000
vt 0.2894 0.5727 0.0000
vt 0.2831 0.5772 0.0000
vt 0.2897 0.5746 0.0000
vt 0.2772 0.5797 0.0000
vt 0.2779 0.5809 0.0000
vt 0.2738 0.5828 0.0000
vt 0.2745 0.5842 0.0000
vt 0.2754 0.5830 0.0000
vt 0.2742 0.5853 0.0000
vt 0.2788 0.5846 0.0000
vt 0.2788 0.5833 0.0000
vt 0.2789 0.5856 0.0000
vt 0.2847 0.5847 0.0000
vt 0.2914 0.5853 0.0000
vt 0.2982 0.5846 0.0000
vt 0.2980 0.5827 0.0000
vt 0.2983 0.5865 0.0000
vt 0.3049 0.5839 0.0000
vt 0.2912 0.5837 0.0000
vt 0.2849 0.5860 0.0000
vt 0.2849 0.5872 0.0000
vt 0.2790 0.5866 0.0000
vt 0.2791 0.5876 0.0000
vt 0.2740 0.5863 0.0000
vt 0.2740 0.5871 0.0000
vt 0.2709 0.5853 0.0000
vt 0.2703 0.5865 0.0000
vt 0.2684 0.5848 0.0000
vt 0.2844 0.5834 0.0000
vt 0.2909 0.5821 0.0000
vt 0.2906 0.5803 0.0000
vt 0.2977 0.5808 0.0000
vt 0.2974 0.5788 0.0000
vt 0.3045 0.5796 0.0000
vt 0.3047 0.5818 0.0000
vt 0.3114 0.5810 0.0000
vt 0.3116 0.5833 0.0000
vt 0.3121 0.5819 0.0000
vt 0.2842 0.5819 0.0000
vt 0.2835 0.5788 0.0000
vt 0.2971 0.5766 0.0000
vt 0.2902 0.5785 0.0000
vt 0.2838 0.5803 0.0000
vt 0.2785 0.5820 0.0000
vt 0.2899 0.5766 0.0000
vt 0.2968 0.5744 0.0000
vt 0.3102 0.5709 0.0000
vt 0.3033 0.5703 0.0000
vt 0.3036 0.5725 0.0000
vt 0.2965 0.5723 0.0000
vt 0.2963 0.5703 0.0000
vt 0.2959 0.5678 0.0000
vt 0.2954 0.5640 0.0000
vt 0.3099 0.5686 0.0000
vt 0.3031 0.5683 0.0000
vt 0.3028 0.5658 0.0000
vt 0.3024 0.5620 0.0000
vt 0.3097 0.5665 0.0000
vt 0.3095 0.5640 0.0000
vt 0.3162 0.5671 0.0000
vt 0.3161 0.5650 0.0000
vt 0.3165 0.5696 0.0000
vt 0.3229 0.5684 0.0000
vt 0.3227 0.5658 0.0000
vt 0.2949 0.5596 0.0000
vt 0.3298 0.5671 0.0000
vt 0.3295 0.5645 0.0000
vt 0.3225 0.5637 0.0000
vt 0.3158 0.5625 0.0000
vt 0.3091 0.5602 0.0000
vt 0.3019 0.5576 0.0000
vt 0.2945 0.5552 0.0000
vt 0.3293 0.5624 0.0000
vt 0.3223 0.5611 0.0000
vt 0.3155 0.5587 0.0000
vt 0.3087 0.5558 0.0000
vt 0.3015 0.5532 0.0000
vt 0.2942 0.5511 0.0000
vt 0.3291 0.5598 0.0000
vt 0.3219 0.5572 0.0000
vt 0.3152 0.5542 0.0000
vt 0.3083 0.5514 0.0000
vt 0.3012 0.5491 0.0000
vt 0.3012 0.5488 0.0000
vt 0.3288 0.5558 0.0000
vt 0.3216 0.5527 0.0000
vt 0.3148 0.5497 0.0000
vt 0.3080 0.5473 0.0000
vt 0.3080 0.5469 0.0000
vt 0.3080 0.5466 0.0000
vt 0.3213 0.5481 0.0000
vt 0.3145 0.5455 0.0000
vt 0.3145 0.5452 0.0000
vt 0.3145 0.5449 0.0000
vt 0.3081 0.5441 0.0000
vt 0.3013 0.5433 0.0000
vt 0.2942 0.5431 0.0000
vt 0.3013 0.5411 0.0000
vt 0.2942 0.5411 0.0000
vt 0.3210 0.5436 0.0000
vt 0.3210 0.5433 0.0000
vt 0.3146 0.5424 0.0000
vt 0.3081 0.5415 0.0000
vt 0.2941 0.5391 0.0000
vt 0.3013 0.5390 0.0000
vt 0.3082 0.5392 0.0000
vt 0.3147 0.5397 0.0000
vt 0.3211 0.5407 0.0000
vt 0.3278 0.5416 0.0000
vt 0.3278 0.5419 0.0000
vt 0.3210 0.5439 0.0000
vt 0.2941 0.5368 0.0000
vt 0.3013 0.5370 0.0000
vt 0.3082 0.5371 0.0000
vt 0.3148 0.5374 0.0000
vt 0.3212 0.5380 0.0000
vt 0.3280 0.5390 0.0000
vt 0.3354 0.5397 0.0000
vt 0.2939 0.5340 0.0000
vt 0.3012 0.5348 0.0000
vt 0.3082 0.5351 0.0000
vt 0.3148 0.5353 0.0000
vt 0.3213 0.5357 0.0000
vt 0.3281 0.5362 0.0000
vt 0.3357 0.5371 0.0000
vt 0.2938 0.5310 0.0000
vt 0.2938 0.5313 0.0000
vt 0.3010 0.5288 0.0000
vt 0.3011 0.5319 0.0000
vt 0.3010 0.5292 0.0000
vt 0.3081 0.5328 0.0000
vt 0.3078 0.5300 0.0000
vt 0.3148 0.5333 0.0000
vt 0.3144 0.5311 0.0000
vt 0.3214 0.5336 0.0000
vt 0.3215 0.5315 0.0000
vt 0.3283 0.5339 0.0000
vt 0.3285 0.5318 0.0000
vt 0.3359 0.5343 0.0000
vt 0.3362 0.5320 0.0000
vt 0.3011 0.5283 0.0000
vt 0.3075 0.5264 0.0000
vt 0.3074 0.5269 0.0000
vt 0.3119 0.5251 0.0000
vt 0.3122 0.5258 0.0000
vt 0.3075 0.5272 0.0000
vt 0.3134 0.5284 0.0000
vt 0.3172 0.5269 0.0000
vt 0.3209 0.5289 0.0000
vt 0.3287 0.5297 0.0000
vt 0.3365 0.5298 0.0000
vt 0.3457 0.5297 0.0000
vt 0.3453 0.5320 0.0000
vt 0.3564 0.5295 0.0000
vt 0.3559 0.5324 0.0000
vt 0.3692 0.5296 0.0000
vt 0.3369 0.5276 0.0000
vt 0.3461 0.5275 0.0000
vt 0.3465 0.5252 0.0000
vt 0.3568 0.5271 0.0000
vt 0.3694 0.5268 0.0000
vt 0.3828 0.5270 0.0000
vt 0.3827 0.5296 0.0000
vt 0.3947 0.5273 0.0000
vt 0.3827 0.5299 0.0000
vt 0.3947 0.5276 0.0000
vt 0.3826 0.5302 0.0000
vt 0.3946 0.5279 0.0000
vt 0.3924 0.5353 0.0000
vt 0.3568 0.5250 0.0000
vt 0.3563 0.5231 0.0000
vt 0.3683 0.5226 0.0000
vt 0.3694 0.5244 0.0000
vt 0.3827 0.5243 0.0000
vt 0.3948 0.5247 0.0000
vt 0.3948 0.5222 0.0000
vt 0.4042 0.5256 0.0000
vt 0.4042 0.5259 0.0000
vt 0.4041 0.5262 0.0000
vt 0.3824 0.5220 0.0000
vt 0.3820 0.5197 0.0000
vt 0.3946 0.5204 0.0000
vt 0.3943 0.5193 0.0000
vt 0.4042 0.5194 0.0000
vt 0.4045 0.5206 0.0000
vt 0.4100 0.5187 0.0000
vt 0.4044 0.5230 0.0000
vt 0.4106 0.5245 0.0000
vt 0.4106 0.5247 0.0000
vt 0.4105 0.5250 0.0000
vt 0.4095 0.5335 0.0000
vt 0.4162 0.5324 0.0000
vt 0.4175 0.5418 0.0000
vt 0.4262 0.5355 0.0000
vt 0.4229 0.5298 0.0000
vt 0.4289 0.5268 0.0000
vt 0.4325 0.5305 0.0000
vt 0.4333 0.5242 0.0000
vt 0.4107 0.5218 0.0000
vt 0.4155 0.5236 0.0000
vt 0.4154 0.5211 0.0000
vt 0.4156 0.5239 0.0000
vt 0.4156 0.5242 0.0000
vt 0.4210 0.5232 0.0000
vt 0.4269 0.5222 0.0000
vt 0.4268 0.5220 0.0000
vt 0.4334 0.5212 0.0000
vt 0.4371 0.5258 0.0000
vt 0.4403 0.5201 0.0000
vt 0.4375 0.5334 0.0000
vt 0.4209 0.5229 0.0000
vt 0.4269 0.5217 0.0000
vt 0.4335 0.5206 0.0000
vt 0.4334 0.5209 0.0000
vt 0.4394 0.5197 0.0000
vt 0.4208 0.5227 0.0000
vt 0.4202 0.5205 0.0000
vt 0.4243 0.5200 0.0000
vt 0.4105 0.5197 0.0000
vt 0.4275 0.5182 0.0000
vt 0.4236 0.5182 0.0000
vt 0.4195 0.5183 0.0000
vt 0.4153 0.5184 0.0000
vt 0.4044 0.5189 0.0000
vt 0.4338 0.5182 0.0000
vt 0.4310 0.5182 0.0000
vt 0.4338 0.5184 0.0000
vt 0.4312 0.5180 0.0000
vt 0.4276 0.5180 0.0000
vt 0.4235 0.5180 0.0000
vt 0.4195 0.5181 0.0000
vt 0.4153 0.5182 0.0000
vt 0.4109 0.5184 0.0000
vt 0.4045 0.5186 0.0000
vt 0.3943 0.5190 0.0000
vt 0.4056 0.5183 0.0000
vt 0.3987 0.5185 0.0000
vt 0.4109 0.5182 0.0000
vt 0.4153 0.5181 0.0000
vt 0.4196 0.5179 0.0000
vt 0.4237 0.5179 0.0000
vt 0.4278 0.5178 0.0000
vt 0.4314 0.5179 0.0000
vt 0.4341 0.5181 0.0000
vt 0.3910 0.5187 0.0000
vt 0.3820 0.5194 0.0000
vt 0.3832 0.5189 0.0000
vt 0.3696 0.5199 0.0000
vt 0.3750 0.5192 0.0000
vt 0.3663 0.5196 0.0000
vt 0.3580 0.5204 0.0000
vt 0.3573 0.5199 0.0000
vt 0.3479 0.5209 0.0000
vt 0.3482 0.5204 0.0000
vt 0.3385 0.5214 0.0000
vt 0.3389 0.5208 0.0000
vt 0.3289 0.5220 0.0000
vt 0.3687 0.5203 0.0000
vt 0.3578 0.5208 0.0000
vt 0.3470 0.5213 0.0000
vt 0.3383 0.5217 0.0000
vt 0.3289 0.5223 0.0000
vt 0.3193 0.5228 0.0000
vt 0.3652 0.5216 0.0000
vt 0.3462 0.5234 0.0000
vt 0.3372 0.5254 0.0000
vt 0.3442 0.5224 0.0000
vt 0.3372 0.5235 0.0000
vt 0.3289 0.5247 0.0000
vt 0.3289 0.5273 0.0000
vt 0.3219 0.5256 0.0000
vt 0.3186 0.5255 0.0000
vt 0.3176 0.5238 0.0000
vt 0.3174 0.5235 0.0000
vt 0.3154 0.5247 0.0000
vt 0.3187 0.5227 0.0000
vt 0.3190 0.5226 0.0000
vt 0.3194 0.5225 0.0000
vt 0.3120 0.5255 0.0000
vt 0.3151 0.5240 0.0000
vt 0.3152 0.5245 0.0000
vt 0.3174 0.5229 0.0000
vt 0.3190 0.5220 0.0000
vt 0.3193 0.5218 0.0000
vt 0.3196 0.5218 0.0000
vt 0.3292 0.5213 0.0000
vt 0.3765 0.6986 0.0000
vt 0.3800 0.6983 0.0000
vt 0.3768 0.6973 0.0000
vt 0.3710 0.6955 0.0000
vt 0.3717 0.6939 0.0000
vt 0.3775 0.6961 0.0000
vt 0.3816 0.6980 0.0000
vt 0.3810 0.6995 0.0000
vt 0.3840 0.6994 0.0000
vt 0.3814 0.7007 0.0000
vt 0.3852 0.7007 0.0000
vt 0.3816 0.7021 0.0000
vt 0.3860 0.7021 0.0000
vt 0.3762 0.7017 0.0000
vt 0.3761 0.7033 0.0000
vt 0.3764 0.7001 0.0000
vt 0.3764 0.7068 0.0000
vt 0.3762 0.7050 0.0000
vt 0.3697 0.7031 0.0000
vt 0.3698 0.7010 0.0000
vt 0.3702 0.6990 0.0000
vt 0.3705 0.6972 0.0000
vt 0.3817 0.7034 0.0000
vt 0.3817 0.7048 0.0000
vt 0.3860 0.7048 0.0000
vt 0.3815 0.7062 0.0000
vt 0.3853 0.7062 0.0000
vt 0.3813 0.7076 0.0000
vt 0.3804 0.7089 0.0000
vt 0.3823 0.7092 0.0000
vt 0.3844 0.7076 0.0000
vt 0.3865 0.7082 0.0000
vt 0.3868 0.7141 0.0000
vt 0.3881 0.7094 0.0000
vt 0.3881 0.7067 0.0000
vt 0.3898 0.7035 0.0000
vt 0.3893 0.7051 0.0000
vt 0.3916 0.7056 0.0000
vt 0.3901 0.7076 0.0000
vt 0.3906 0.7121 0.0000
vt 0.3899 0.7187 0.0000
vt 0.3854 0.7255 0.0000
vt 0.3877 0.7321 0.0000
vt 0.3901 0.7394 0.0000
vt 0.3878 0.6978 0.0000
vt 0.3897 0.6959 0.0000
vt 0.3867 0.6936 0.0000
vt 0.3901 0.6995 0.0000
vt 0.3922 0.6975 0.0000
vt 0.3925 0.6927 0.0000
vt 0.3917 0.7015 0.0000
vt 0.3941 0.7003 0.0000
vt 0.3974 0.6978 0.0000
vt 0.3923 0.7035 0.0000
vt 0.3950 0.7037 0.0000
vt 0.3990 0.7039 0.0000
vt 0.3947 0.7071 0.0000
vt 0.3932 0.7099 0.0000
vt 0.3955 0.7172 0.0000
vt 0.3935 0.7250 0.0000
vt 0.3952 0.6934 0.0000
vt 0.3844 0.6959 0.0000
vt 0.3860 0.6988 0.0000
vt 0.3880 0.7003 0.0000
vt 0.3830 0.6971 0.0000
vt 0.3796 0.6933 0.0000
vt 0.3785 0.6948 0.0000
vt 0.4028 0.6955 0.0000
vt 0.3981 0.6854 0.0000
vt 0.3906 0.6896 0.0000
vt 0.3842 0.6859 0.0000
vt 0.3813 0.6907 0.0000
vt 0.3740 0.6875 0.0000
vt 0.3731 0.6904 0.0000
vt 0.3649 0.6875 0.0000
vt 0.3644 0.6894 0.0000
vt 0.3555 0.6870 0.0000
vt 0.3469 0.6853 0.0000
vt 0.3559 0.6850 0.0000
vt 0.3656 0.6846 0.0000
vt 0.3755 0.6824 0.0000
vt 0.3868 0.6794 0.0000
vt 0.3976 0.6733 0.0000
vt 0.3564 0.6822 0.0000
vt 0.3663 0.6797 0.0000
vt 0.3766 0.6759 0.0000
vt 0.3871 0.6712 0.0000
vt 0.3966 0.6627 0.0000
vt 0.4065 0.6633 0.0000
vt 0.4058 0.6522 0.0000
vt 0.4152 0.6525 0.0000
vt 0.4149 0.6411 0.0000
vt 0.3473 0.6805 0.0000
vt 0.3570 0.6777 0.0000
vt 0.3477 0.6762 0.0000
vt 0.3669 0.6737 0.0000
vt 0.3574 0.6722 0.0000
vt 0.3767 0.6690 0.0000
vt 0.3669 0.6676 0.0000
vt 0.3864 0.6619 0.0000
vt 0.3763 0.6611 0.0000
vt 0.3960 0.6520 0.0000
vt 0.3859 0.6517 0.0000
vt 0.4055 0.6411 0.0000
vt 0.3957 0.6411 0.0000
vt 0.4058 0.6301 0.0000
vt 0.3960 0.6303 0.0000
vt 0.4152 0.6298 0.0000
vt 0.4065 0.6190 0.0000
vt 0.4028 0.5868 0.0000
vt 0.3981 0.5969 0.0000
vt 0.4092 0.5974 0.0000
vt 0.4077 0.6080 0.0000
vt 0.3976 0.6090 0.0000
vt 0.3966 0.6196 0.0000
vt 0.3666 0.6605 0.0000
vt 0.3760 0.6515 0.0000
vt 0.3664 0.6513 0.0000
vt 0.3857 0.6411 0.0000
vt 0.3759 0.6411 0.0000
vt 0.3859 0.6306 0.0000
vt 0.3760 0.6308 0.0000
vt 0.3864 0.6204 0.0000
vt 0.3763 0.6212 0.0000
vt 0.3871 0.6111 0.0000
vt 0.3767 0.6133 0.0000
vt 0.3868 0.6029 0.0000
vt 0.3766 0.6064 0.0000
vt 0.3906 0.5927 0.0000
vt 0.3842 0.5964 0.0000
vt 0.3952 0.5889 0.0000
vt 0.3925 0.5896 0.0000
vt 0.3974 0.5845 0.0000
vt 0.3922 0.5848 0.0000
vt 0.3867 0.5887 0.0000
vt 0.3755 0.5999 0.0000
vt 0.3816 0.5843 0.0000
vt 0.3830 0.5852 0.0000
vt 0.3840 0.5828 0.0000
vt 0.3785 0.5875 0.0000
vt 0.3796 0.5890 0.0000
vt 0.3731 0.5919 0.0000
vt 0.3740 0.5948 0.0000
vt 0.3649 0.5948 0.0000
vt 0.3656 0.5977 0.0000
vt 0.3813 0.5916 0.0000
vt 0.3844 0.5864 0.0000
vt 0.3564 0.6001 0.0000
vt 0.3559 0.5973 0.0000
vt 0.3555 0.5953 0.0000
vt 0.3644 0.5929 0.0000
vt 0.3724 0.5901 0.0000
vt 0.3775 0.5862 0.0000
vt 0.3800 0.5840 0.0000
vt 0.3810 0.5828 0.0000
vt 0.3814 0.5815 0.0000
vt 0.3852 0.5816 0.0000
vt 0.3639 0.5908 0.0000
vt 0.3717 0.5884 0.0000
vt 0.3768 0.5850 0.0000
vt 0.3765 0.5837 0.0000
vt 0.3764 0.5822 0.0000
vt 0.3762 0.5806 0.0000
vt 0.3816 0.5802 0.0000
vt 0.3860 0.5802 0.0000
vt 0.3880 0.5820 0.0000
vt 0.3702 0.5833 0.0000
vt 0.3698 0.5813 0.0000
vt 0.3626 0.5821 0.0000
vt 0.3761 0.5790 0.0000
vt 0.3697 0.5792 0.0000
vt 0.3817 0.5789 0.0000
vt 0.3762 0.5773 0.0000
vt 0.3862 0.5789 0.0000
vt 0.3860 0.5775 0.0000
vt 0.3893 0.5805 0.0000
vt 0.3898 0.5788 0.0000
vt 0.3893 0.5772 0.0000
vt 0.3917 0.5808 0.0000
vt 0.3923 0.5787 0.0000
vt 0.3916 0.5767 0.0000
vt 0.3941 0.5820 0.0000
vt 0.3950 0.5786 0.0000
vt 0.3901 0.5828 0.0000
vt 0.3990 0.5784 0.0000
vt 0.4050 0.5781 0.0000
vt 0.4000 0.5724 0.0000
vt 0.4073 0.5698 0.0000
vt 0.3992 0.5676 0.0000
vt 0.4086 0.5606 0.0000
vt 0.4010 0.5582 0.0000
vt 0.3947 0.5752 0.0000
vt 0.3932 0.5723 0.0000
vt 0.3955 0.5650 0.0000
vt 0.3906 0.5702 0.0000
vt 0.3935 0.5573 0.0000
vt 0.3899 0.5635 0.0000
vt 0.3966 0.5501 0.0000
vt 0.3877 0.5502 0.0000
vt 0.3854 0.5567 0.0000
vt 0.3901 0.5429 0.0000
vt 0.3794 0.5439 0.0000
vt 0.3778 0.5506 0.0000
vt 0.3811 0.5369 0.0000
vt 0.3679 0.5390 0.0000
vt 0.3671 0.5452 0.0000
vt 0.4050 0.5504 0.0000
vt 0.3994 0.5423 0.0000
vt 0.3688 0.5330 0.0000
vt 0.3688 0.5327 0.0000
vt 0.3688 0.5324 0.0000
vt 0.3553 0.5359 0.0000
vt 0.3551 0.5411 0.0000
vt 0.3553 0.5355 0.0000
vt 0.3444 0.5383 0.0000
vt 0.3554 0.5353 0.0000
vt 0.3444 0.5380 0.0000
vt 0.3449 0.5349 0.0000
vt 0.3444 0.5377 0.0000
vt 0.3354 0.5401 0.0000
vt 0.3354 0.5404 0.0000
vt 0.3445 0.5431 0.0000
vt 0.3548 0.5467 0.0000
vt 0.3662 0.5514 0.0000
vt 0.3765 0.5564 0.0000
vt 0.3832 0.5619 0.0000
vt 0.3278 0.5422 0.0000
vt 0.3356 0.5449 0.0000
vt 0.3446 0.5482 0.0000
vt 0.3547 0.5524 0.0000
vt 0.3545 0.5578 0.0000
vt 0.3664 0.5565 0.0000
vt 0.3686 0.5594 0.0000
vt 0.3759 0.5603 0.0000
vt 0.3281 0.5465 0.0000
vt 0.3359 0.5497 0.0000
vt 0.3448 0.5534 0.0000
vt 0.3450 0.5577 0.0000
vt 0.3544 0.5606 0.0000
vt 0.3642 0.5623 0.0000
vt 0.3544 0.5627 0.0000
vt 0.3638 0.5643 0.0000
vt 0.3544 0.5653 0.0000
vt 0.3635 0.5666 0.0000
vt 0.3547 0.5682 0.0000
vt 0.3510 0.5678 0.0000
vt 0.3527 0.5697 0.0000
vt 0.3459 0.5682 0.0000
vt 0.3499 0.5693 0.0000
vt 0.3456 0.5653 0.0000
vt 0.3377 0.5690 0.0000
vt 0.3454 0.5626 0.0000
vt 0.3373 0.5661 0.0000
vt 0.3452 0.5605 0.0000
vt 0.3370 0.5634 0.0000
vt 0.3368 0.5613 0.0000
vt 0.3365 0.5586 0.0000
vt 0.3380 0.5708 0.0000
vt 0.3461 0.5700 0.0000
vt 0.3306 0.5721 0.0000
vt 0.3382 0.5716 0.0000
vt 0.3302 0.5700 0.0000
vt 0.3236 0.5735 0.0000
vt 0.3308 0.5735 0.0000
vt 0.3232 0.5711 0.0000
vt 0.3162 0.5750 0.0000
vt 0.3239 0.5752 0.0000
vt 0.3511 0.5692 0.0000
vt 0.3537 0.5704 0.0000
vt 0.3561 0.5711 0.0000
vt 0.3545 0.5716 0.0000
vt 0.3548 0.5769 0.0000
vt 0.3548 0.5734 0.0000
vt 0.3545 0.5733 0.0000
vt 0.3542 0.5718 0.0000
vt 0.3540 0.5721 0.0000
vt 0.3535 0.5707 0.0000
vt 0.3534 0.5710 0.0000
vt 0.3525 0.5699 0.0000
vt 0.3511 0.5695 0.0000
vt 0.3498 0.5696 0.0000
vt 0.3462 0.5703 0.0000
vt 0.3524 0.5703 0.0000
vt 0.3512 0.5699 0.0000
vt 0.3499 0.5700 0.0000
vt 0.3463 0.5707 0.0000
vt 0.3384 0.5723 0.0000
vt 0.3383 0.5719 0.0000
vt 0.3310 0.5742 0.0000
vt 0.3309 0.5738 0.0000
vt 0.3241 0.5759 0.0000
vt 0.3240 0.5755 0.0000
vt 0.3162 0.5781 0.0000
vt 0.3162 0.5778 0.0000
vt 0.3147 0.5787 0.0000
vt 0.3144 0.5785 0.0000
vt 0.3136 0.5796 0.0000
vt 0.3133 0.5795 0.0000
vt 0.3129 0.5806 0.0000
vt 0.3126 0.5805 0.0000
vt 0.3124 0.5819 0.0000
vt 0.3122 0.5833 0.0000
vt 0.3119 0.5833 0.0000
vt 0.3111 0.5785 0.0000
vt 0.3109 0.5760 0.0000
vt 0.3042 0.5773 0.0000
vt 0.3106 0.5735 0.0000
vt 0.3164 0.5723 0.0000
vt 0.3039 0.5749 0.0000
vt 0.2871 0.7348 0.0000
vt 0.2871 0.7371 0.0000
vt 0.2942 0.7369 0.0000
vt 0.2801 0.7349 0.0000
vt 0.2612 0.7263 0.0000
vt 0.2614 0.7287 0.0000
vt 0.2673 0.7284 0.0000
vt 0.2674 0.7308 0.0000
vt 0.2735 0.7305 0.0000
vt 0.2736 0.7329 0.0000
vt 0.2801 0.7327 0.0000
vt 0.2871 0.7322 0.0000
vt 0.2942 0.7343 0.0000
vt 0.2942 0.7319 0.0000
vt 0.3012 0.7338 0.0000
vt 0.3012 0.7335 0.0000
vt 0.2610 0.7235 0.0000
vt 0.2672 0.7257 0.0000
vt 0.2671 0.7231 0.0000
vt 0.2735 0.7279 0.0000
vt 0.2735 0.7253 0.0000
vt 0.2801 0.7300 0.0000
vt 0.2801 0.7275 0.0000
vt 0.2871 0.7297 0.0000
vt 0.2801 0.7272 0.0000
vt 0.2608 0.7208 0.0000
vt 0.2548 0.7212 0.0000
vt 0.2735 0.7250 0.0000
vt 0.2671 0.7228 0.0000
vt 0.2607 0.7204 0.0000
vt 0.2544 0.7180 0.0000
vt 0.2544 0.7183 0.0000
vt 0.2551 0.7241 0.0000
vt 0.2479 0.7153 0.0000
vt 0.2478 0.7150 0.0000
vt 0.2544 0.7177 0.0000
vt 0.2607 0.7201 0.0000
vt 0.2671 0.7224 0.0000
vt 0.2739 0.7202 0.0000
vt 0.2811 0.7180 0.0000
vt 0.2468 0.7087 0.0000
vt 0.2537 0.7116 0.0000
vt 0.2538 0.7046 0.0000
vt 0.2606 0.7147 0.0000
vt 0.2613 0.7094 0.0000
vt 0.2673 0.7176 0.0000
vt 0.2680 0.7127 0.0000
vt 0.2745 0.7155 0.0000
vt 0.2817 0.7134 0.0000
vt 0.2457 0.7021 0.0000
vt 0.2517 0.6971 0.0000
vt 0.2448 0.6956 0.0000
vt 0.2512 0.6761 0.0000
vt 0.2504 0.6839 0.0000
vt 0.2592 0.6832 0.0000
vt 0.2573 0.6871 0.0000
vt 0.2628 0.6903 0.0000
vt 0.2509 0.6906 0.0000
vt 0.2571 0.6920 0.0000
vt 0.2576 0.6970 0.0000
vt 0.2618 0.6932 0.0000
vt 0.2597 0.7016 0.0000
vt 0.2623 0.6964 0.0000
vt 0.2639 0.7051 0.0000
vt 0.2639 0.6994 0.0000
vt 0.2694 0.7081 0.0000
vt 0.2668 0.7019 0.0000
vt 0.2648 0.6881 0.0000
vt 0.2635 0.6811 0.0000
vt 0.2593 0.6740 0.0000
vt 0.2659 0.6920 0.0000
vt 0.2648 0.6939 0.0000
vt 0.2651 0.6960 0.0000
vt 0.2664 0.6982 0.0000
vt 0.2685 0.6999 0.0000
vt 0.2718 0.7018 0.0000
vt 0.2695 0.6917 0.0000
vt 0.2680 0.6929 0.0000
vt 0.2707 0.6937 0.0000
vt 0.2678 0.6906 0.0000
vt 0.2672 0.6943 0.0000
vt 0.2674 0.6959 0.0000
vt 0.2684 0.6974 0.0000
vt 0.2699 0.6988 0.0000
vt 0.2717 0.6981 0.0000
vt 0.2702 0.6947 0.0000
vt 0.2703 0.6958 0.0000
vt 0.2709 0.6970 0.0000
vt 0.2742 0.6970 0.0000
vt 0.2745 0.6981 0.0000
vt 0.2740 0.6952 0.0000
vt 0.2743 0.6943 0.0000
vt 0.2740 0.6960 0.0000
vt 0.2790 0.6957 0.0000
vt 0.2789 0.6967 0.0000
vt 0.2788 0.6977 0.0000
vt 0.2716 0.6928 0.0000
vt 0.2746 0.6935 0.0000
vt 0.2727 0.6919 0.0000
vt 0.2751 0.6925 0.0000
vt 0.2748 0.6910 0.0000
vt 0.2762 0.6916 0.0000
vt 0.2789 0.6902 0.0000
vt 0.2792 0.6913 0.0000
vt 0.2712 0.6909 0.0000
vt 0.2739 0.6900 0.0000
vt 0.2784 0.6889 0.0000
vt 0.2842 0.6878 0.0000
vt 0.2844 0.6894 0.0000
vt 0.2677 0.6866 0.0000
vt 0.2699 0.6895 0.0000
vt 0.2718 0.6855 0.0000
vt 0.2731 0.6885 0.0000
vt 0.2779 0.6872 0.0000
vt 0.2770 0.6842 0.0000
vt 0.2839 0.6860 0.0000
vt 0.2833 0.6830 0.0000
vt 0.2905 0.6849 0.0000
vt 0.2692 0.6799 0.0000
vt 0.2756 0.6788 0.0000
vt 0.2741 0.6722 0.0000
vt 0.2668 0.6730 0.0000
vt 0.2815 0.6714 0.0000
vt 0.2808 0.6651 0.0000
vt 0.2731 0.6654 0.0000
vt 0.2824 0.6778 0.0000
vt 0.2892 0.6709 0.0000
vt 0.2888 0.6649 0.0000
vt 0.2967 0.6648 0.0000
vt 0.2966 0.6582 0.0000
vt 0.3039 0.6584 0.0000
vt 0.3038 0.6502 0.0000
vt 0.3106 0.6503 0.0000
vt 0.3106 0.6411 0.0000
vt 0.3169 0.6411 0.0000
vt 0.3106 0.6320 0.0000
vt 0.3169 0.6319 0.0000
vt 0.3107 0.6237 0.0000
vt 0.2885 0.6581 0.0000
vt 0.2803 0.6581 0.0000
vt 0.2964 0.6501 0.0000
vt 0.2883 0.6500 0.0000
vt 0.3038 0.6411 0.0000
vt 0.2964 0.6411 0.0000
vt 0.3038 0.6321 0.0000
vt 0.3039 0.6239 0.0000
vt 0.3040 0.6175 0.0000
vt 0.3108 0.6175 0.0000
vt 0.3041 0.6120 0.0000
vt 0.2964 0.6322 0.0000
vt 0.2883 0.6323 0.0000
vt 0.2966 0.6241 0.0000
vt 0.2885 0.6242 0.0000
vt 0.2967 0.6175 0.0000
vt 0.2969 0.6118 0.0000
vt 0.3042 0.6065 0.0000
vt 0.2972 0.6060 0.0000
vt 0.3044 0.6018 0.0000
vt 0.2974 0.6012 0.0000
vt 0.3044 0.5990 0.0000
vt 0.3112 0.5996 0.0000
vt 0.3112 0.5975 0.0000
vt 0.2888 0.6174 0.0000
vt 0.2808 0.6172 0.0000
vt 0.2892 0.6114 0.0000
vt 0.2815 0.6108 0.0000
vt 0.2898 0.6054 0.0000
vt 0.2824 0.6045 0.0000
vt 0.2902 0.6004 0.0000
vt 0.2833 0.5993 0.0000
vt 0.2975 0.5983 0.0000
vt 0.2905 0.5974 0.0000
vt 0.3045 0.5970 0.0000
vt 0.2976 0.5964 0.0000
vt 0.3113 0.5953 0.0000
vt 0.3046 0.5949 0.0000
vt 0.2978 0.5944 0.0000
vt 0.2980 0.5924 0.0000
vt 0.2839 0.5963 0.0000
vt 0.2779 0.5951 0.0000
vt 0.2907 0.5955 0.0000
vt 0.2842 0.5945 0.0000
vt 0.2909 0.5937 0.0000
vt 0.2844 0.5929 0.0000
vt 0.2911 0.5920 0.0000
vt 0.2847 0.5915 0.0000
vt 0.2913 0.5902 0.0000
vt 0.2848 0.5900 0.0000
vt 0.2982 0.5904 0.0000
vt 0.2914 0.5885 0.0000
vt 0.2849 0.5886 0.0000
vt 0.2983 0.5884 0.0000
vt 0.2915 0.5869 0.0000
vt 0.2784 0.5934 0.0000
vt 0.2789 0.5921 0.0000
vt 0.2792 0.5910 0.0000
vt 0.2793 0.5898 0.0000
vt 0.2792 0.5886 0.0000
vt 0.2746 0.5888 0.0000
vt 0.2743 0.5880 0.0000
vt 0.2716 0.5895 0.0000
vt 0.2727 0.5904 0.0000
vt 0.2712 0.5914 0.0000
vt 0.2751 0.5898 0.0000
vt 0.2748 0.5913 0.0000
vt 0.2762 0.5907 0.0000
vt 0.2739 0.5923 0.0000
vt 0.2731 0.5938 0.0000
vt 0.2699 0.5928 0.0000
vt 0.2718 0.5968 0.0000
vt 0.2677 0.5957 0.0000
vt 0.2692 0.6023 0.0000
vt 0.2635 0.6012 0.0000
vt 0.2668 0.6093 0.0000
vt 0.2593 0.6083 0.0000
vt 0.2655 0.6165 0.0000
vt 0.2770 0.5981 0.0000
vt 0.2756 0.6035 0.0000
vt 0.2741 0.6101 0.0000
vt 0.2731 0.6169 0.0000
vt 0.2726 0.6242 0.0000
vt 0.2649 0.6242 0.0000
vt 0.2722 0.6325 0.0000
vt 0.2644 0.6325 0.0000
vt 0.2803 0.6242 0.0000
vt 0.2801 0.6324 0.0000
vt 0.2799 0.6411 0.0000
vt 0.2720 0.6411 0.0000
vt 0.2722 0.6498 0.0000
vt 0.2883 0.6411 0.0000
vt 0.2801 0.6499 0.0000
vt 0.2726 0.6581 0.0000
vt 0.2649 0.6581 0.0000
vt 0.2655 0.6658 0.0000
vt 0.2575 0.6664 0.0000
vt 0.3145 0.7367 0.0000
vt 0.3210 0.7387 0.0000
vt 0.3145 0.7371 0.0000
vt 0.3080 0.7350 0.0000
vt 0.3080 0.7354 0.0000
vt 0.3012 0.7332 0.0000
vt 0.3278 0.7407 0.0000
vt 0.3210 0.7390 0.0000
vt 0.3145 0.7374 0.0000
vt 0.3080 0.7357 0.0000
vt 0.3280 0.7433 0.0000
vt 0.3211 0.7416 0.0000
vt 0.3146 0.7399 0.0000
vt 0.3081 0.7382 0.0000
vt 0.3012 0.7363 0.0000
vt 0.3281 0.7461 0.0000
vt 0.3212 0.7443 0.0000
vt 0.3147 0.7426 0.0000
vt 0.3081 0.7408 0.0000
vt 0.3013 0.7389 0.0000
vt 0.3283 0.7484 0.0000
vt 0.3213 0.7466 0.0000
vt 0.3214 0.7487 0.0000
vt 0.3148 0.7449 0.0000
vt 0.3148 0.7470 0.0000
vt 0.3082 0.7431 0.0000
vt 0.3013 0.7412 0.0000
vt 0.2942 0.7392 0.0000
vt 0.3082 0.7452 0.0000
vt 0.3013 0.7433 0.0000
vt 0.2942 0.7412 0.0000
vt 0.2871 0.7391 0.0000
vt 0.2801 0.7370 0.0000
vt 0.2736 0.7350 0.0000
vt 0.2675 0.7330 0.0000
vt 0.2802 0.7390 0.0000
vt 0.2737 0.7369 0.0000
vt 0.2676 0.7350 0.0000
vt 0.2618 0.7330 0.0000
vt 0.2616 0.7309 0.0000
vt 0.2802 0.7412 0.0000
vt 0.2738 0.7392 0.0000
vt 0.2739 0.7419 0.0000
vt 0.2677 0.7372 0.0000
vt 0.2679 0.7399 0.0000
vt 0.2620 0.7353 0.0000
vt 0.2622 0.7380 0.0000
vt 0.2563 0.7333 0.0000
vt 0.2566 0.7360 0.0000
vt 0.2560 0.7310 0.0000
vt 0.2558 0.7288 0.0000
vt 0.2555 0.7266 0.0000
vt 0.2506 0.7313 0.0000
vt 0.2510 0.7340 0.0000
vt 0.2502 0.7289 0.0000
vt 0.2498 0.7266 0.0000
vt 0.2494 0.7243 0.0000
vt 0.2490 0.7217 0.0000
vt 0.2484 0.7186 0.0000
vt 0.2479 0.7157 0.0000
vt 0.2456 0.7320 0.0000
vt 0.2461 0.7346 0.0000
vt 0.2451 0.7293 0.0000
vt 0.2446 0.7268 0.0000
vt 0.2441 0.7245 0.0000
vt 0.2436 0.7221 0.0000
vt 0.2430 0.7194 0.0000
vt 0.2423 0.7161 0.0000
vt 0.2416 0.7130 0.0000
vt 0.2453 0.7319 0.0000
vt 0.2448 0.7292 0.0000
vt 0.2448 0.7304 0.0000
vt 0.2443 0.7267 0.0000
vt 0.2438 0.7244 0.0000
vt 0.2437 0.7252 0.0000
vt 0.2433 0.7220 0.0000
vt 0.2427 0.7193 0.0000
vt 0.2429 0.7216 0.0000
vt 0.2420 0.7160 0.0000
vt 0.2413 0.7129 0.0000
vt 0.2412 0.7125 0.0000
vt 0.2456 0.7349 0.0000
vt 0.2458 0.7345 0.0000
vt 0.2458 0.7348 0.0000
vt 0.2457 0.7352 0.0000
vt 0.2462 0.7349 0.0000
vt 0.2460 0.7354 0.0000
vt 0.2513 0.7374 0.0000
vt 0.2514 0.7369 0.0000
vt 0.2420 0.7173 0.0000
vt 0.2409 0.7125 0.0000
vt 0.2408 0.7121 0.0000
vt 0.2407 0.7118 0.0000
vt 0.2411 0.7122 0.0000
vt 0.2398 0.7059 0.0000
vt 0.2394 0.7056 0.0000
vt 0.2385 0.6995 0.0000
vt 0.2381 0.6992 0.0000
vt 0.2375 0.6934 0.0000
vt 0.2371 0.6932 0.0000
vt 0.2352 0.6741 0.0000
vt 0.2360 0.6810 0.0000
vt 0.2424 0.6747 0.0000
vt 0.2357 0.6809 0.0000
vt 0.2365 0.6873 0.0000
vt 0.2368 0.6874 0.0000
vt 0.2432 0.6820 0.0000
vt 0.2378 0.6935 0.0000
vt 0.2440 0.6890 0.0000
vt 0.2388 0.6996 0.0000
vt 0.2401 0.7061 0.0000
vt 0.2415 0.7123 0.0000
vt 0.2415 0.7127 0.0000
vt 0.2495 0.6667 0.0000
vt 0.2419 0.6667 0.0000
vt 0.2569 0.6582 0.0000
vt 0.2490 0.6583 0.0000
vt 0.2644 0.6498 0.0000
vt 0.2565 0.6498 0.0000
vt 0.2642 0.6411 0.0000
vt 0.2347 0.6664 0.0000
vt 0.2414 0.6583 0.0000
vt 0.2342 0.6583 0.0000
vt 0.2411 0.6498 0.0000
vt 0.2486 0.6498 0.0000
vt 0.2485 0.6411 0.0000
vt 0.2410 0.6411 0.0000
vt 0.2411 0.6325 0.0000
vt 0.2486 0.6325 0.0000
vt 0.2414 0.6240 0.0000
vt 0.2490 0.6240 0.0000
vt 0.2419 0.6156 0.0000
vt 0.2495 0.6155 0.0000
vt 0.2424 0.6076 0.0000
vt 0.2512 0.6062 0.0000
vt 0.2432 0.6002 0.0000
vt 0.2340 0.6498 0.0000
vt 0.2339 0.6411 0.0000
vt 0.2340 0.6325 0.0000
vt 0.2342 0.6240 0.0000
vt 0.2347 0.6159 0.0000
vt 0.2344 0.6159 0.0000
vt 0.2352 0.6082 0.0000
vt 0.2350 0.6082 0.0000
vt 0.2360 0.6013 0.0000
vt 0.2357 0.6013 0.0000
vt 0.2368 0.5949 0.0000
vt 0.2365 0.5950 0.0000
vt 0.2411 0.5701 0.0000
vt 0.2401 0.5762 0.0000
vt 0.2415 0.5700 0.0000
vt 0.2398 0.5764 0.0000
vt 0.2388 0.5827 0.0000
vt 0.2385 0.5828 0.0000
vt 0.2378 0.5888 0.0000
vt 0.2375 0.5889 0.0000
vt 0.2371 0.5891 0.0000
vt 0.2381 0.5831 0.0000
vt 0.2394 0.5767 0.0000
vt 0.2407 0.5705 0.0000
vt 0.2412 0.5698 0.0000
vt 0.2408 0.5702 0.0000
vt 0.2413 0.5694 0.0000
vt 0.2409 0.5698 0.0000
vt 0.2420 0.5650 0.0000
vt 0.2420 0.5663 0.0000
vt 0.2427 0.5630 0.0000
vt 0.2429 0.5607 0.0000
vt 0.2415 0.5696 0.0000
vt 0.2416 0.5693 0.0000
vt 0.2423 0.5662 0.0000
vt 0.2430 0.5629 0.0000
vt 0.2433 0.5603 0.0000
vt 0.2436 0.5602 0.0000
vt 0.2438 0.5579 0.0000
vt 0.2441 0.5578 0.0000
vt 0.2443 0.5556 0.0000
vt 0.2437 0.5571 0.0000
vt 0.2448 0.5519 0.0000
vt 0.2448 0.5531 0.0000
vt 0.2453 0.5504 0.0000
vt 0.2456 0.5474 0.0000
vt 0.2458 0.5478 0.0000
vt 0.2458 0.5475 0.0000
vt 0.2457 0.5470 0.0000
vt 0.2462 0.5473 0.0000
vt 0.2460 0.5469 0.0000
vt 0.2513 0.5449 0.0000
vt 0.2456 0.5502 0.0000
vt 0.2451 0.5530 0.0000
vt 0.2506 0.5510 0.0000
vt 0.2446 0.5555 0.0000
vt 0.2502 0.5534 0.0000
vt 0.2498 0.5557 0.0000
vt 0.2569 0.5428 0.0000
vt 0.2625 0.5408 0.0000
vt 0.2682 0.5389 0.0000
vt 0.2740 0.5369 0.0000
vt 0.2802 0.5348 0.0000
vt 0.2869 0.5327 0.0000
vt 0.2939 0.5305 0.0000
vt 0.3860 0.5835 0.0000
vt 0.3878 0.5845 0.0000
vt 0.3897 0.5864 0.0000
vt 0.4399 0.5198 0.0000
vt 0.4226 0.5528 0.0000
vt 0.4135 0.5512 0.0000
vt 0.4267 0.5454 0.0000
vt 0.4321 0.5391 0.0000
vt 0.4420 0.5281 0.0000
vt 0.4458 0.5232 0.0000
vt 0.4019 0.5342 0.0000
vt 0.4078 0.5421 0.0000
vt 0.4193 0.5608 0.0000
vt 0.4288 0.5619 0.0000
vt 0.4318 0.5546 0.0000
vt 0.4352 0.5477 0.0000
vt 0.4389 0.5414 0.0000
vt 0.4164 0.5691 0.0000
vt 0.4137 0.5779 0.0000
vt 0.4113 0.5873 0.0000
vt 0.4260 0.5695 0.0000
vt 0.4263 0.5695 0.0000
vt 0.4234 0.5777 0.0000
vt 0.4238 0.5777 0.0000
vt 0.4210 0.5869 0.0000
vt 0.4214 0.5869 0.0000
vt 0.4189 0.5970 0.0000
vt 0.4192 0.5970 0.0000
vt 0.4172 0.6076 0.0000
vt 0.4175 0.6076 0.0000
vt 0.4159 0.6186 0.0000
vt 0.4163 0.6186 0.0000
vt 0.4155 0.6298 0.0000
vt 0.4291 0.5620 0.0000
vt 0.4325 0.5549 0.0000
vt 0.4322 0.5546 0.0000
vt 0.4295 0.5622 0.0000
vt 0.4267 0.5696 0.0000
vt 0.4241 0.5778 0.0000
vt 0.4217 0.5870 0.0000
vt 0.4196 0.5970 0.0000
vt 0.4179 0.6076 0.0000
vt 0.4166 0.6186 0.0000
vt 0.4159 0.6298 0.0000
vt 0.4153 0.6411 0.0000
vt 0.4156 0.6411 0.0000
vt 0.4159 0.6525 0.0000
vt 0.4155 0.6525 0.0000
vt 0.4163 0.6637 0.0000
vt 0.4166 0.6637 0.0000
vt 0.4175 0.6747 0.0000
vt 0.4179 0.6746 0.0000
vt 0.4192 0.6853 0.0000
vt 0.4196 0.6852 0.0000
vt 0.4214 0.6954 0.0000
vt 0.4217 0.6953 0.0000
vt 0.4234 0.7046 0.0000
vt 0.4210 0.6953 0.0000
vt 0.4137 0.7044 0.0000
vt 0.4189 0.6853 0.0000
vt 0.4113 0.6950 0.0000
vt 0.4172 0.6747 0.0000
vt 0.4092 0.6849 0.0000
vt 0.4159 0.6636 0.0000
vt 0.4077 0.6743 0.0000
vt 0.4164 0.7132 0.0000
vt 0.4260 0.7128 0.0000
vt 0.4238 0.7046 0.0000
vt 0.4193 0.7215 0.0000
vt 0.4288 0.7204 0.0000
vt 0.4263 0.7128 0.0000
vt 0.4226 0.7295 0.0000
vt 0.4050 0.7042 0.0000
vt 0.4073 0.7125 0.0000
vt 0.4086 0.7217 0.0000
vt 0.4135 0.7310 0.0000
vt 0.4175 0.7405 0.0000
vt 0.4267 0.7369 0.0000
vt 0.4000 0.7099 0.0000
vt 0.3992 0.7147 0.0000
vt 0.4010 0.7241 0.0000
vt 0.4050 0.7319 0.0000
vt 0.4078 0.7402 0.0000
vt 0.4095 0.7488 0.0000
vt 0.4162 0.7499 0.0000
vt 0.4262 0.7467 0.0000
vt 0.3966 0.7322 0.0000
vt 0.3994 0.7400 0.0000
vt 0.4019 0.7481 0.0000
vt 0.4041 0.7561 0.0000
vt 0.4105 0.7573 0.0000
vt 0.3924 0.7470 0.0000
vt 0.3946 0.7544 0.0000
vt 0.4042 0.7564 0.0000
vt 0.4106 0.7576 0.0000
vt 0.4156 0.7584 0.0000
vt 0.4156 0.7581 0.0000
vt 0.4106 0.7578 0.0000
vt 0.4209 0.7594 0.0000
vt 0.4208 0.7596 0.0000
vt 0.4155 0.7587 0.0000
vt 0.4107 0.7605 0.0000
vt 0.4044 0.7593 0.0000
vt 0.3948 0.7601 0.0000
vt 0.3827 0.7580 0.0000
vt 0.3694 0.7579 0.0000
vt 0.4334 0.7614 0.0000
vt 0.4335 0.7617 0.0000
vt 0.4394 0.7626 0.0000
vt 0.4268 0.7603 0.0000
vt 0.4269 0.7606 0.0000
vt 0.4297 0.7626 0.0000
vt 0.4243 0.7623 0.0000
vt 0.4202 0.7618 0.0000
vt 0.4154 0.7612 0.0000
vt 0.4105 0.7626 0.0000
vt 0.4045 0.7617 0.0000
vt 0.4042 0.7629 0.0000
vt 0.4275 0.7641 0.0000
vt 0.4236 0.7641 0.0000
vt 0.4195 0.7640 0.0000
vt 0.4153 0.7638 0.0000
vt 0.4100 0.7636 0.0000
vt 0.4044 0.7634 0.0000
vt 0.3943 0.7630 0.0000
vt 0.3946 0.7619 0.0000
vt 0.3824 0.7603 0.0000
vt 0.3820 0.7626 0.0000
vt 0.4195 0.7642 0.0000
vt 0.4153 0.7641 0.0000
vt 0.4109 0.7639 0.0000
vt 0.4045 0.7637 0.0000
vt 0.3943 0.7633 0.0000
vt 0.3820 0.7629 0.0000
vt 0.3687 0.7620 0.0000
vt 0.3696 0.7624 0.0000
vt 0.3578 0.7615 0.0000
vt 0.3580 0.7619 0.0000
vt 0.3470 0.7610 0.0000
vt 0.4237 0.7644 0.0000
vt 0.4196 0.7643 0.0000
vt 0.4153 0.7642 0.0000
vt 0.4109 0.7641 0.0000
vt 0.4056 0.7640 0.0000
vt 0.3987 0.7638 0.0000
vt 0.3910 0.7636 0.0000
vt 0.3832 0.7633 0.0000
vt 0.3750 0.7631 0.0000
vt 0.3663 0.7627 0.0000
vt 0.3573 0.7623 0.0000
vt 0.3479 0.7614 0.0000
vt 0.3482 0.7619 0.0000
vt 0.3385 0.7609 0.0000
vt 0.3389 0.7615 0.0000
vt 0.3289 0.7603 0.0000
vt 0.3292 0.7610 0.0000
vt 0.3196 0.7605 0.0000
vt 0.3194 0.7597 0.0000
vt 0.3193 0.7604 0.0000
vt 0.3190 0.7597 0.0000
vt 0.3190 0.7603 0.0000
vt 0.3383 0.7606 0.0000
vt 0.3289 0.7600 0.0000
vt 0.3193 0.7595 0.0000
vt 0.3187 0.7595 0.0000
vt 0.3174 0.7588 0.0000
vt 0.3176 0.7585 0.0000
vt 0.3154 0.7576 0.0000
vt 0.3152 0.7578 0.0000
vt 0.3122 0.7565 0.0000
vt 0.3174 0.7594 0.0000
vt 0.3151 0.7583 0.0000
vt 0.3120 0.7568 0.0000
vt 0.3119 0.7572 0.0000
vt 0.3074 0.7554 0.0000
vt 0.3075 0.7558 0.0000
vt 0.3010 0.7535 0.0000
vt 0.3011 0.7539 0.0000
vt 0.2938 0.7513 0.0000
vt 0.2939 0.7518 0.0000
vt 0.2868 0.7491 0.0000
vt 0.3075 0.7551 0.0000
vt 0.3010 0.7531 0.0000
vt 0.2938 0.7510 0.0000
vt 0.2868 0.7488 0.0000
vt 0.2801 0.7466 0.0000
vt 0.2801 0.7470 0.0000
vt 0.2739 0.7446 0.0000
vt 0.2739 0.7449 0.0000
vt 0.2680 0.7426 0.0000
vt 0.2869 0.7496 0.0000
vt 0.2802 0.7475 0.0000
vt 0.2740 0.7454 0.0000
vt 0.2681 0.7429 0.0000
vt 0.2682 0.7434 0.0000
vt 0.2624 0.7409 0.0000
vt 0.2625 0.7415 0.0000
vt 0.2569 0.7390 0.0000
vt 0.2569 0.7395 0.0000
vt 0.2624 0.7406 0.0000
vt 0.2569 0.7386 0.0000
vt 0.2513 0.7366 0.0000
vt 0.2802 0.7440 0.0000
vt 0.2869 0.7461 0.0000
vt 0.2870 0.7433 0.0000
vt 0.2871 0.7411 0.0000
vt 0.2941 0.7455 0.0000
vt 0.2941 0.7432 0.0000
vt 0.2939 0.7482 0.0000
vt 0.3012 0.7475 0.0000
vt 0.3011 0.7503 0.0000
vt 0.3078 0.7523 0.0000
vt 0.3081 0.7495 0.0000
vt 0.3134 0.7539 0.0000
vt 0.3144 0.7512 0.0000
vt 0.3172 0.7553 0.0000
vt 0.3186 0.7568 0.0000
vt 0.3209 0.7534 0.0000
vt 0.3219 0.7567 0.0000
vt 0.3372 0.7588 0.0000
vt 0.3289 0.7576 0.0000
vt 0.3215 0.7508 0.0000
vt 0.3148 0.7490 0.0000
vt 0.3082 0.7472 0.0000
vt 0.3013 0.7453 0.0000
vt 0.3148 0.5877 0.0000
vt 0.3151 0.5875 0.0000
vt 0.3137 0.5870 0.0000
vt 0.3167 0.5879 0.0000
vt 0.3129 0.5846 0.0000
vt 0.3125 0.5847 0.0000
vt 0.3135 0.5857 0.0000
vt 0.3132 0.5859 0.0000
vt 0.3143 0.5866 0.0000
vt 0.3140 0.5868 0.0000
vt 0.3154 0.5872 0.0000
vt 0.3167 0.5875 0.0000
vt 0.3247 0.5884 0.0000
vt 0.3246 0.5888 0.0000
vt 0.3317 0.5892 0.0000
vt 0.3316 0.5895 0.0000
vt 0.3391 0.5899 0.0000
vt 0.3391 0.5902 0.0000
vt 0.3470 0.5904 0.0000
vt 0.3129 0.5860 0.0000
vt 0.3122 0.5848 0.0000
vt 0.3116 0.5857 0.0000
vt 0.3116 0.5881 0.0000
vt 0.3050 0.5861 0.0000
vt 0.3050 0.5883 0.0000
vt 0.3115 0.5905 0.0000
vt 0.3049 0.5905 0.0000
vt 0.3114 0.5929 0.0000
vt 0.3048 0.5927 0.0000
vt 0.3174 0.5905 0.0000
vt 0.3168 0.5882 0.0000
vt 0.3177 0.5930 0.0000
vt 0.3242 0.5931 0.0000
vt 0.3176 0.5956 0.0000
vt 0.3241 0.5957 0.0000
vt 0.3176 0.5979 0.0000
vt 0.3175 0.6000 0.0000
vt 0.3108 0.6121 0.0000
vt 0.3110 0.6068 0.0000
vt 0.3111 0.6023 0.0000
vt 0.3241 0.5982 0.0000
vt 0.3310 0.6004 0.0000
vt 0.3240 0.6003 0.0000
vt 0.3310 0.6031 0.0000
vt 0.3175 0.6027 0.0000
vt 0.3239 0.6030 0.0000
vt 0.3173 0.6071 0.0000
vt 0.3172 0.6122 0.0000
vt 0.3238 0.6073 0.0000
vt 0.3171 0.6174 0.0000
vt 0.3236 0.6173 0.0000
vt 0.3170 0.6236 0.0000
vt 0.3235 0.6234 0.0000
vt 0.3235 0.6317 0.0000
vt 0.3234 0.6411 0.0000
vt 0.3237 0.6123 0.0000
vt 0.3308 0.6232 0.0000
vt 0.3308 0.6172 0.0000
vt 0.3309 0.6122 0.0000
vt 0.3309 0.6073 0.0000
vt 0.3388 0.6069 0.0000
vt 0.3387 0.6027 0.0000
vt 0.3477 0.6061 0.0000
vt 0.3473 0.6018 0.0000
vt 0.3386 0.6000 0.0000
vt 0.3471 0.5990 0.0000
vt 0.3386 0.5979 0.0000
vt 0.3479 0.6112 0.0000
vt 0.3389 0.6119 0.0000
vt 0.3388 0.6168 0.0000
vt 0.3388 0.6230 0.0000
vt 0.3388 0.6315 0.0000
vt 0.3307 0.6316 0.0000
vt 0.3388 0.6411 0.0000
vt 0.3307 0.6411 0.0000
vt 0.3307 0.6507 0.0000
vt 0.3235 0.6505 0.0000
vt 0.3235 0.6589 0.0000
vt 0.3479 0.6163 0.0000
vt 0.3574 0.6156 0.0000
vt 0.3478 0.6226 0.0000
vt 0.3572 0.6222 0.0000
vt 0.3477 0.6313 0.0000
vt 0.3477 0.6411 0.0000
vt 0.3388 0.6508 0.0000
vt 0.3308 0.6590 0.0000
vt 0.3236 0.6650 0.0000
vt 0.3171 0.6649 0.0000
vt 0.3571 0.6311 0.0000
vt 0.3570 0.6411 0.0000
vt 0.3477 0.6510 0.0000
vt 0.3388 0.6593 0.0000
vt 0.3308 0.6651 0.0000
vt 0.3237 0.6700 0.0000
vt 0.3172 0.6700 0.0000
vt 0.3108 0.6702 0.0000
vt 0.3666 0.6218 0.0000
vt 0.3664 0.6310 0.0000
vt 0.3664 0.6411 0.0000
vt 0.3571 0.6512 0.0000
vt 0.3478 0.6597 0.0000
vt 0.3572 0.6600 0.0000
vt 0.3388 0.6654 0.0000
vt 0.3479 0.6660 0.0000
vt 0.3309 0.6701 0.0000
vt 0.3389 0.6704 0.0000
vt 0.3238 0.6750 0.0000
vt 0.3309 0.6750 0.0000
vt 0.3669 0.6147 0.0000
vt 0.3574 0.6667 0.0000
vt 0.3479 0.6711 0.0000
vt 0.3388 0.6754 0.0000
vt 0.3112 0.6848 0.0000
vt 0.3112 0.6827 0.0000
vt 0.3044 0.6833 0.0000
vt 0.3176 0.6844 0.0000
vt 0.3175 0.6823 0.0000
vt 0.3111 0.6800 0.0000
vt 0.3241 0.6841 0.0000
vt 0.3240 0.6820 0.0000
vt 0.3175 0.6796 0.0000
vt 0.3310 0.6819 0.0000
vt 0.3310 0.6792 0.0000
vt 0.3239 0.6793 0.0000
vt 0.3387 0.6796 0.0000
vt 0.3386 0.6822 0.0000
vt 0.3310 0.6840 0.0000
vt 0.3241 0.6866 0.0000
vt 0.3176 0.6867 0.0000
vt 0.3177 0.6892 0.0000
vt 0.3471 0.6832 0.0000
vt 0.3386 0.6844 0.0000
vt 0.3311 0.6865 0.0000
vt 0.3387 0.6869 0.0000
vt 0.3242 0.6892 0.0000
vt 0.3313 0.6892 0.0000
vt 0.3469 0.6877 0.0000
vt 0.3553 0.6892 0.0000
vt 0.3639 0.6915 0.0000
vt 0.3635 0.6935 0.0000
vt 0.3632 0.6956 0.0000
vt 0.3629 0.6978 0.0000
vt 0.3626 0.7002 0.0000
vt 0.3724 0.6922 0.0000
vt 0.3862 0.7034 0.0000
vt 0.3893 0.7018 0.0000
vt 0.3173 0.6752 0.0000
vt 0.3110 0.6755 0.0000
vt 0.3170 0.6587 0.0000
vt 0.3108 0.6648 0.0000
vt 0.3041 0.6703 0.0000
vt 0.3042 0.6758 0.0000
vt 0.3044 0.6804 0.0000
vt 0.2972 0.6763 0.0000
vt 0.2974 0.6811 0.0000
vt 0.2898 0.6769 0.0000
vt 0.2902 0.6819 0.0000
vt 0.2975 0.6840 0.0000
vt 0.2969 0.6705 0.0000
vt 0.3040 0.6648 0.0000
vt 0.3107 0.6585 0.0000
vt 0.3169 0.6504 0.0000
vt 0.2792 0.6937 0.0000
vt 0.2849 0.6963 0.0000
vt 0.2791 0.6947 0.0000
vt 0.2849 0.6950 0.0000
vt 0.2849 0.6937 0.0000
vt 0.3837 0.5722 0.0000
vt 0.3801 0.5679 0.0000
vt 0.3791 0.5695 0.0000
vt 0.3732 0.5649 0.0000
vt 0.3724 0.5667 0.0000
vt 0.3742 0.5629 0.0000
vt 0.3654 0.5606 0.0000
vt 0.3717 0.5686 0.0000
vt 0.3780 0.5709 0.0000
vt 0.3631 0.5691 0.0000
vt 0.3710 0.5706 0.0000
vt 0.3629 0.5716 0.0000
vt 0.3564 0.5735 0.0000
vt 0.3627 0.5742 0.0000
vt 0.3701 0.5748 0.0000
vt 0.3705 0.5727 0.0000
vt 0.3771 0.5723 0.0000
vt 0.3766 0.5738 0.0000
vt 0.3804 0.5734 0.0000
vt 0.3813 0.5747 0.0000
vt 0.3823 0.5731 0.0000
vt 0.3844 0.5747 0.0000
vt 0.3764 0.5755 0.0000
vt 0.3815 0.5761 0.0000
vt 0.3853 0.5761 0.0000
vt 0.3865 0.5741 0.0000
vt 0.3850 0.5708 0.0000
vt 0.3813 0.5656 0.0000
vt 0.3868 0.5682 0.0000
vt 0.3881 0.5729 0.0000
vt 0.3881 0.5756 0.0000
vt 0.3901 0.5747 0.0000
vt 0.3817 0.5775 0.0000
vt 0.3698 0.5770 0.0000
vt 0.3625 0.5795 0.0000
vt 0.3629 0.5845 0.0000
vt 0.3705 0.5851 0.0000
vt 0.3632 0.5867 0.0000
vt 0.3626 0.5768 0.0000
vt 0.3564 0.5769 0.0000
vt 0.3562 0.5880 0.0000
vt 0.3563 0.5855 0.0000
vt 0.3547 0.5876 0.0000
vt 0.3564 0.5827 0.0000
vt 0.3548 0.5829 0.0000
vt 0.3564 0.5798 0.0000
vt 0.3548 0.5799 0.0000
vt 0.3548 0.5857 0.0000
vt 0.3545 0.5885 0.0000
vt 0.3539 0.5897 0.0000
vt 0.3528 0.5903 0.0000
vt 0.3537 0.5895 0.0000
vt 0.3534 0.5893 0.0000
vt 0.3542 0.5885 0.0000
vt 0.3539 0.5884 0.0000
vt 0.3544 0.5875 0.0000
vt 0.3541 0.5873 0.0000
vt 0.3544 0.5857 0.0000
vt 0.3542 0.5858 0.0000
vt 0.3544 0.5829 0.0000
vt 0.3542 0.5830 0.0000
vt 0.3545 0.5799 0.0000
vt 0.3542 0.5800 0.0000
vt 0.3545 0.5769 0.0000
vt 0.3542 0.5770 0.0000
vt 0.3543 0.5734 0.0000
vt 0.3526 0.5900 0.0000
vt 0.3516 0.5908 0.0000
vt 0.3517 0.5911 0.0000
vt 0.3517 0.5904 0.0000
vt 0.3505 0.5909 0.0000
vt 0.3505 0.5905 0.0000
vt 0.3470 0.5907 0.0000
vt 0.3469 0.5911 0.0000
vt 0.3507 0.5912 0.0000
vt 0.3469 0.5923 0.0000
vt 0.3517 0.5919 0.0000
vt 0.3553 0.5930 0.0000
vt 0.3552 0.5909 0.0000
vt 0.3531 0.5905 0.0000
vt 0.3635 0.5888 0.0000
vt 0.3710 0.5867 0.0000
vt 0.3574 0.6101 0.0000
vt 0.3669 0.6086 0.0000
vt 0.3570 0.6046 0.0000
vt 0.3663 0.6026 0.0000
vt 0.3469 0.5970 0.0000
vt 0.3469 0.5946 0.0000
vt 0.3387 0.5954 0.0000
vt 0.3310 0.5983 0.0000
vt 0.3311 0.5958 0.0000
vt 0.3313 0.5931 0.0000
vt 0.3389 0.5928 0.0000
vt 0.3244 0.5907 0.0000
vt 0.3315 0.5913 0.0000
vt 0.3391 0.5905 0.0000
vt 0.3246 0.5891 0.0000
vt 0.3316 0.5898 0.0000
vt 0.4429 0.5358 0.0000
vt 0.4470 0.5307 0.0000
vt 0.4509 0.5261 0.0000
vt 0.4356 0.5477 0.0000
vt 0.4392 0.5415 0.0000
vt 0.4432 0.5359 0.0000
vt 0.4473 0.5308 0.0000
vt 0.4512 0.5264 0.0000
vt 0.4514 0.5261 0.0000
vt 0.4512 0.5259 0.0000
vt 0.4460 0.5229 0.0000
vt 0.4359 0.5480 0.0000
vt 0.4396 0.5418 0.0000
vt 0.4436 0.5361 0.0000
vt 0.4478 0.5309 0.0000
vt 0.4519 0.5262 0.0000
vt 0.4522 0.5259 0.0000
vt 0.4519 0.5257 0.0000
vt 0.4420 0.5200 0.0000
vt 0.4409 0.5200 0.0000
vt 0.4417 0.5198 0.0000
vt 0.4405 0.5197 0.0000
vt 0.4412 0.5197 0.0000
vt 0.4400 0.5196 0.0000
vt 0.4390 0.5191 0.0000
vt 0.4383 0.5191 0.0000
vt 0.4360 0.5185 0.0000
vt 0.4359 0.5188 0.0000
vt 0.4365 0.5185 0.0000
vt 0.4376 0.5192 0.0000
vt 0.4336 0.5195 0.0000
vt 0.4297 0.5197 0.0000
vt 0.4272 0.5193 0.0000
vt 0.2560 0.5513 0.0000
vt 0.2563 0.5490 0.0000
vt 0.2620 0.5470 0.0000
vt 0.2618 0.5493 0.0000
vt 0.2676 0.5473 0.0000
vt 0.2616 0.5514 0.0000
vt 0.2675 0.5493 0.0000
vt 0.2558 0.5535 0.0000
vt 0.2614 0.5536 0.0000
vt 0.2674 0.5515 0.0000
vt 0.2555 0.5557 0.0000
vt 0.2612 0.5560 0.0000
vt 0.2673 0.5538 0.0000
vt 0.2551 0.5582 0.0000
vt 0.2610 0.5588 0.0000
vt 0.2672 0.5566 0.0000
vt 0.2548 0.5611 0.0000
vt 0.2608 0.5615 0.0000
vt 0.2671 0.5592 0.0000
vt 0.2544 0.5640 0.0000
vt 0.2544 0.5643 0.0000
vt 0.2607 0.5618 0.0000
vt 0.2478 0.5673 0.0000
vt 0.2479 0.5670 0.0000
vt 0.2479 0.5666 0.0000
vt 0.2484 0.5637 0.0000
vt 0.2490 0.5606 0.0000
vt 0.2494 0.5580 0.0000
vt 0.2468 0.5736 0.0000
vt 0.2537 0.5707 0.0000
vt 0.2457 0.5801 0.0000
vt 0.2538 0.5777 0.0000
vt 0.2448 0.5867 0.0000
vt 0.2517 0.5852 0.0000
vt 0.2440 0.5933 0.0000
vt 0.2509 0.5917 0.0000
vt 0.2504 0.5984 0.0000
vt 0.2695 0.5905 0.0000
vt 0.2678 0.5917 0.0000
vt 0.2648 0.5942 0.0000
vt 0.2592 0.5991 0.0000
vt 0.2573 0.5952 0.0000
vt 0.2571 0.5903 0.0000
vt 0.2702 0.5876 0.0000
vt 0.2707 0.5886 0.0000
vt 0.2680 0.5894 0.0000
vt 0.2659 0.5903 0.0000
vt 0.2628 0.5919 0.0000
vt 0.2618 0.5891 0.0000
vt 0.2576 0.5853 0.0000
vt 0.2623 0.5859 0.0000
vt 0.2597 0.5807 0.0000
vt 0.2639 0.5829 0.0000
vt 0.2651 0.5863 0.0000
vt 0.2664 0.5841 0.0000
vt 0.2674 0.5864 0.0000
vt 0.2672 0.5880 0.0000
vt 0.2613 0.5729 0.0000
vt 0.2544 0.5646 0.0000
vt 0.2569 0.6241 0.0000
vt 0.2565 0.6325 0.0000
vt 0.2563 0.6411 0.0000
vt 0.2575 0.6159 0.0000
vt 0.4210 0.7591 0.0000
vt 0.4229 0.7525 0.0000
vt 0.4269 0.7600 0.0000
vt 0.4334 0.7611 0.0000
vt 0.4333 0.7581 0.0000
vt 0.4289 0.7555 0.0000
vt 0.4325 0.7517 0.0000
vt 0.4321 0.7432 0.0000
vt 0.4371 0.7565 0.0000
vt 0.4375 0.7488 0.0000
vt 0.4403 0.7622 0.0000
vt 0.4399 0.7625 0.0000
vt 0.4458 0.7591 0.0000
vt 0.4420 0.7542 0.0000
vt 0.4318 0.7277 0.0000
vt 0.4291 0.7203 0.0000
vt 0.4352 0.7346 0.0000
vt 0.4322 0.7277 0.0000
vt 0.4389 0.7409 0.0000
vt 0.4356 0.7345 0.0000
vt 0.4429 0.7465 0.0000
vt 0.4392 0.7408 0.0000
vt 0.4470 0.7516 0.0000
vt 0.4432 0.7464 0.0000
vt 0.4509 0.7561 0.0000
vt 0.4241 0.7045 0.0000
vt 0.4267 0.7127 0.0000
vt 0.4295 0.7201 0.0000
vt 0.4325 0.7274 0.0000
vt 0.4359 0.7343 0.0000
vt 0.4396 0.7405 0.0000
vt 0.4436 0.7462 0.0000
vt 0.4473 0.7515 0.0000
vt 0.4478 0.7514 0.0000
vt 0.4512 0.7559 0.0000
vt 0.4519 0.7561 0.0000
vt 0.4522 0.7564 0.0000
vt 0.4514 0.7562 0.0000
vt 0.4519 0.7566 0.0000
vt 0.4512 0.7564 0.0000
vt 0.4460 0.7594 0.0000
vt 0.4420 0.7623 0.0000
vt 0.4409 0.7623 0.0000
vt 0.4417 0.7625 0.0000
vt 0.4405 0.7625 0.0000
vt 0.4412 0.7626 0.0000
vt 0.4400 0.7627 0.0000
vt 0.4383 0.7632 0.0000
vt 0.4390 0.7632 0.0000
vt 0.4360 0.7637 0.0000
vt 0.4365 0.7638 0.0000
vt 0.4338 0.7641 0.0000
vt 0.4341 0.7642 0.0000
vt 0.4312 0.7643 0.0000
vt 0.4314 0.7644 0.0000
vt 0.4276 0.7643 0.0000
vt 0.4278 0.7645 0.0000
vt 0.4235 0.7643 0.0000
vt 0.4376 0.7631 0.0000
vt 0.4359 0.7635 0.0000
vt 0.4338 0.7638 0.0000
vt 0.4310 0.7640 0.0000
vt 0.4336 0.7628 0.0000
vt 0.4272 0.7630 0.0000
vt 0.2648 0.5884 0.0000
vt 0.3083 0.7309 0.0000
vt 0.3148 0.7326 0.0000
vt 0.3152 0.7281 0.0000
vt 0.2362 0.6872 0.0000
vt 0.2353 0.6808 0.0000
vt 0.2350 0.6740 0.0000
vt 0.2346 0.6740 0.0000
vt 0.2344 0.6664 0.0000
vt 0.2340 0.6664 0.0000
vt 0.2340 0.6583 0.0000
vt 0.2336 0.6582 0.0000
vt 0.2337 0.6498 0.0000
vt 0.2333 0.6498 0.0000
vt 0.2336 0.6411 0.0000
vt 0.2332 0.6411 0.0000
vt 0.2337 0.6325 0.0000
vt 0.2340 0.6240 0.0000
vt 0.2333 0.6325 0.0000
vt 0.2336 0.6240 0.0000
vt 0.2340 0.6159 0.0000
vt 0.2346 0.6083 0.0000
vt 0.2353 0.6015 0.0000
vt 0.2362 0.5951 0.0000
vt 0.3163 0.5785 0.0000
vt 0.3150 0.5790 0.0000
vt 0.3140 0.5798 0.0000
vt 0.3132 0.5808 0.0000
vt 0.3128 0.5820 0.0000
vt 0.3126 0.5833 0.0000
vt 0.3683 0.7597 0.0000
vt 0.3652 0.7607 0.0000
vt 0.3563 0.7592 0.0000
vt 0.3462 0.7589 0.0000
vt 0.3442 0.7599 0.0000
vt 0.3284 0.5512 0.0000
vt 0.3363 0.5545 0.0000
# 2151 texture coords

o Cofre
g Cofre
usemtl cocheSeparado_NISSAN_GTR_body
s 1
f 1/1/1 2/2/2 3/3/3 
f 3/3/3 2/2/2 4/4/4 
f 3/3/3 4/4/4 5/5/5 
f 5/5/5 4/4/4 6/6/6 
f 5/5/5 6/6/6 7/7/7 
f 7/7/7 6/6/6 8/8/8 
f 7/7/7 8/8/8 9/9/9 
f 9/9/9 8/8/8 10/10/10 
f 9/9/9 10/10/10 11/11/11 
f 11/11/11 10/10/10 12/12/12 
f 11/11/11 12/12/12 13/13/13 
f 13/13/13 12/12/12 14/14/14 
f 13/13/13 14/14/14 15/15/15 
f 15/15/15 14/14/14 16/16/16 
f 15/15/15 16/16/16 17/17/17 
f 14/14/18 12/12/19 18/18/20 
f 18/18/20 19/19/21 20/20/22 
f 18/18/20 12/12/19 19/19/21 
f 19/19/21 12/12/19 10/10/23 
f 19/19/21 21/21/24 22/22/25 
f 19/19/21 10/10/23 21/21/24 
f 21/21/24 23/23/26 24/24/27 
f 21/21/24 10/10/23 23/23/26 
f 23/23/26 10/10/23 8/8/28 
f 23/23/26 8/8/28 6/6/29 
f 23/23/26 25/25/30 26/26/31 
f 23/23/26 6/6/29 25/25/30 
f 25/25/30 6/6/29 4/4/32 
f 25/25/30 27/27/33 28/28/34 
f 25/25/30 4/4/32 27/27/33 
f 27/27/33 4/4/32 2/2/35 
f 27/27/33 2/2/35 29/29/36 
f 27/27/33 29/29/36 30/30/37 
f 27/27/33 30/30/37 28/28/34 
f 25/25/30 28/28/34 26/26/31 
f 23/23/26 26/26/31 24/24/27 
f 21/21/24 24/24/27 22/22/25 
f 19/19/21 22/22/25 20/20/22 
f 18/18/20 31/31/38 14/14/18 
f 18/18/20 20/20/22 31/31/38 
f 31/31/38 20/20/22 32/32/39 
f 31/31/38 33/33/40 34/34/41 
f 31/31/38 32/32/39 33/33/40 
f 33/33/40 32/32/39 35/35/42 
f 33/33/40 36/36/43 34/34/41 
f 33/33/40 35/35/42 36/36/43 
f 24/24/27 37/37/44 22/22/25 
f 22/22/25 37/37/44 38/38/45 
f 22/22/25 38/38/45 39/39/46 
f 22/22/25 39/39/46 20/20/22 
f 20/20/22 39/39/46 32/32/39 
f 32/32/39 39/39/46 40/40/47 
f 32/32/39 40/40/47 41/41/48 
f 32/32/39 41/41/48 35/35/42 
f 35/35/42 41/41/48 42/42/49 
f 35/35/42 43/43/50 36/36/43 
f 35/35/42 42/42/49 43/43/50 
f 43/43/50 42/42/49 44/44/51 
f 43/43/50 45/45/52 46/46/53 
f 43/43/50 44/44/51 45/45/52 
f 45/45/52 44/44/51 47/47/54 
f 45/45/52 48/48/55 49/49/56 
f 45/45/52 47/47/54 48/48/55 
f 50/50/57 51/51/58 38/38/45 
f 38/38/45 51/51/58 39/39/46 
f 39/39/46 51/51/58 52/52/59 
f 39/39/46 52/52/59 40/40/47 
f 40/40/47 52/52/59 53/53/60 
f 40/40/47 53/53/60 54/54/61 
f 40/40/47 54/54/61 41/41/48 
f 41/41/48 54/54/61 55/55/62 
f 41/41/48 55/55/62 42/42/49 
f 42/42/49 55/55/62 56/56/63 
f 42/42/49 56/56/63 44/44/51 
f 44/44/51 56/56/63 57/57/64 
f 44/44/51 57/57/64 58/58/65 
f 44/44/51 58/58/65 47/47/54 
f 59/59/66 60/60/67 50/50/57 
f 50/50/57 60/60/67 61/61/68 
f 50/50/57 61/61/68 51/51/58 
f 51/51/58 61/61/68 62/62/69 
f 51/51/58 62/62/69 52/52/59 
f 52/52/59 62/62/69 63/63/70 
f 52/52/59 63/63/70 53/53/60 
f 53/53/60 63/63/70 64/64/71 
f 53/53/60 64/64/71 65/65/72 
f 53/53/60 65/65/72 54/54/61 
f 54/54/61 65/65/72 66/66/73 
f 54/54/61 66/66/73 55/55/62 
f 55/55/62 66/66/73 56/56/63 
f 56/56/63 66/66/73 67/67/74 
f 68/68/75 69/69/76 70/70/77 
f 68/68/75 64/64/71 69/69/76 
f 69/69/76 64/64/71 63/63/70 
f 69/69/76 71/71/78 72/72/79 
f 69/69/76 63/63/70 71/71/78 
f 71/71/78 73/73/80 74/74/81 
f 71/71/78 63/63/70 73/73/80 
f 73/73/80 63/63/70 62/62/69 
f 73/73/80 75/75/82 76/76/83 
f 73/73/80 62/62/69 75/75/82 
f 75/75/82 62/62/69 61/61/68 
f 75/75/82 77/77/84 78/78/85 
f 75/75/82 61/61/68 77/77/84 
f 77/77/84 61/61/68 60/60/67 
f 77/77/84 60/60/67 79/79/86 
f 79/79/86 60/60/67 59/59/66 
f 79/79/86 59/59/66 80/80/87 
f 80/80/87 59/59/66 81/81/88 
f 80/80/87 81/81/88 82/82/89 
f 83/83/90 84/84/91 85/85/92 
f 85/85/92 84/84/91 77/77/84 
f 77/77/84 84/84/91 78/78/85 
f 75/75/82 78/78/85 86/86/93 
f 75/75/82 86/86/93 76/76/83 
f 73/73/80 76/76/83 74/74/81 
f 71/71/78 74/74/81 87/87/94 
f 71/71/78 87/87/94 72/72/79 
f 69/69/76 72/72/79 70/70/77 
f 88/88/95 87/87/94 89/89/96 
f 89/89/96 87/87/94 74/74/81 
f 89/89/96 74/74/81 76/76/83 
f 89/89/96 76/76/83 86/86/93 
f 89/89/96 86/86/93 90/90/97 
f 90/90/97 86/86/93 91/91/98 
f 90/90/97 91/91/98 92/92/99 
f 92/92/99 91/91/98 93/93/100 
f 92/92/99 93/93/100 94/94/101 
f 94/94/101 93/93/100 95/95/102 
f 94/94/101 95/95/102 96/96/103 
f 96/96/103 95/95/102 97/97/104 
f 96/96/103 97/97/104 98/98/105 
f 98/98/105 99/99/106 100/100/107 
f 98/98/105 97/97/104 99/99/106 
f 78/78/85 101/101/108 86/86/93 
f 86/86/93 101/101/108 91/91/98 
f 91/91/98 101/101/108 102/102/109 
f 91/91/98 102/102/109 93/93/100 
f 93/93/100 102/102/109 103/103/110 
f 93/93/100 103/103/110 95/95/102 
f 95/95/102 103/103/110 104/104/111 
f 95/95/102 104/104/111 97/97/104 
f 97/97/104 104/104/111 105/105/112 
f 97/97/104 105/105/112 99/99/106 
f 99/99/106 105/105/112 106/106/113 
f 99/99/106 106/106/113 107/107/114 
f 99/99/106 107/107/114 100/100/107 
f 108/108/115 109/109/116 110/110/117 
f 108/108/115 106/106/113 109/109/116 
f 109/109/116 106/106/113 105/105/112 
f 109/109/116 111/111/118 112/112/119 
f 109/109/116 105/105/112 111/111/118 
f 111/111/118 105/105/112 104/104/111 
f 111/111/118 113/113/120 114/114/121 
f 111/111/118 104/104/111 113/113/120 
f 113/113/120 104/104/111 103/103/110 
f 113/113/120 115/115/122 116/116/123 
f 113/113/120 103/103/110 115/115/122 
f 115/115/122 103/103/110 102/102/109 
f 115/115/122 117/117/124 118/118/125 
f 115/115/122 102/102/109 117/117/124 
f 117/117/124 102/102/109 101/101/108 
f 117/117/124 119/119/126 120/120/127 
f 117/117/124 101/101/108 119/119/126 
f 119/119/126 101/101/108 78/78/85 
f 119/119/126 84/84/91 83/83/90 
f 119/119/126 78/78/85 84/84/91 
f 119/119/126 83/83/90 120/120/127 
f 117/117/124 120/120/127 118/118/125 
f 115/115/122 118/118/125 116/116/123 
f 113/113/120 116/116/123 114/114/121 
f 111/111/118 114/114/121 112/112/119 
f 109/109/116 112/112/119 110/110/117 
f 108/108/115 110/110/117 121/121/128 
f 116/116/123 122/122/129 114/114/121 
f 114/114/121 122/122/129 123/123/130 
f 114/114/121 123/123/130 112/112/119 
f 112/112/119 123/123/130 124/124/131 
f 112/112/119 124/124/131 110/110/117 
f 110/110/117 124/124/131 125/125/132 
f 110/110/117 125/125/132 121/121/128 
f 121/121/128 125/125/132 126/126/133 
f 121/121/128 126/126/133 127/127/134 
f 127/127/134 126/126/133 128/128/135 
f 128/128/135 126/126/133 129/129/136 
f 128/128/135 129/129/136 130/130/137 
f 130/130/137 129/129/136 131/131/138 
f 131/131/138 129/129/136 132/132/139 
f 132/132/139 133/133/140 134/134/141 
f 132/132/139 129/129/136 133/133/140 
f 133/133/140 129/129/136 126/126/133 
f 133/133/140 126/126/133 125/125/132 
f 133/133/140 135/135/142 134/134/141 
f 133/133/140 125/125/132 135/135/142 
f 135/135/142 125/125/132 124/124/131 
f 135/135/142 124/124/131 136/136/143 
f 136/136/143 124/124/131 123/123/130 
f 136/136/143 123/123/130 137/137/144 
f 137/137/144 123/123/130 122/122/129 
f 137/137/144 122/122/129 138/138/145 
f 138/138/145 122/122/129 139/139/146 
f 138/138/145 139/139/146 140/140/147 
f 140/140/147 139/139/146 141/141/148 
f 140/140/147 141/141/148 142/142/149 
f 122/122/129 116/116/123 139/139/146 
f 139/139/146 116/116/123 118/118/125 
f 139/139/146 118/118/125 141/141/148 
f 141/141/148 118/118/125 120/120/127 
f 141/141/148 143/143/150 142/142/149 
f 141/141/148 120/120/127 143/143/150 
f 143/143/150 120/120/127 83/83/90 
f 143/143/150 144/144/151 145/145/152 
f 143/143/150 83/83/90 144/144/151 
f 144/144/151 83/83/90 85/85/92 
f 144/144/151 146/146/153 147/147/154 
f 144/144/151 85/85/92 146/146/153 
f 146/146/153 85/85/92 148/148/155 
f 148/148/155 85/85/92 77/77/84 
f 148/148/155 77/77/84 79/79/86 
f 148/148/155 149/149/156 146/146/153 
f 148/148/155 79/79/86 149/149/156 
f 149/149/156 79/79/86 80/80/87 
f 150/150/157 151/151/158 152/152/159 
f 152/152/159 153/153/160 154/154/161 
f 152/152/159 151/151/158 153/153/160 
f 153/153/160 151/151/158 155/155/162 
f 153/153/160 156/156/163 157/157/164 
f 153/153/160 155/155/162 156/156/163 
f 156/156/163 155/155/162 158/158/165 
f 156/156/163 159/159/166 160/160/167 
f 156/156/163 158/158/165 159/159/166 
f 159/159/166 161/161/168 82/82/89 
f 159/159/166 158/158/165 161/161/168 
f 161/161/168 158/158/165 162/162/169 
f 161/161/168 149/149/156 80/80/87 
f 161/161/168 162/162/169 149/149/156 
f 149/149/156 162/162/169 146/146/153 
f 161/161/168 80/80/87 82/82/89 
f 159/159/166 82/82/89 163/163/170 
f 159/159/166 163/163/170 160/160/167 
f 156/156/163 160/160/167 157/157/164 
f 153/153/160 157/157/164 154/154/161 
f 152/152/159 154/154/161 164/164/171 
f 152/152/159 165/165/172 150/150/157 
f 152/152/159 164/164/171 165/165/172 
f 165/165/172 164/164/171 166/166/173 
f 165/165/172 167/167/174 168/168/175 
f 165/165/172 166/166/173 167/167/174 
f 81/81/88 169/169/176 82/82/89 
f 82/82/89 169/169/176 163/163/170 
f 163/163/170 169/169/176 170/170/177 
f 163/163/170 170/170/177 171/171/178 
f 163/163/170 171/171/178 160/160/167 
f 160/160/167 171/171/178 172/172/179 
f 160/160/167 172/172/179 157/157/164 
f 157/157/164 172/172/179 173/173/180 
f 157/157/164 173/173/180 154/154/161 
f 154/154/161 173/173/180 174/174/181 
f 154/154/161 174/174/181 164/164/171 
f 164/164/171 174/174/181 175/175/182 
f 164/164/171 175/175/182 166/166/173 
f 166/166/173 175/175/182 176/176/183 
f 177/177/184 173/173/180 178/178/185 
f 178/178/185 173/173/180 172/172/179 
f 178/178/185 179/179/186 180/180/187 
f 178/178/185 172/172/179 179/179/186 
f 179/179/186 172/172/179 171/171/178 
f 179/179/186 181/181/188 182/182/189 
f 179/179/186 171/171/178 181/181/188 
f 181/181/188 171/171/178 170/170/177 
f 181/181/188 183/183/190 184/184/191 
f 181/181/188 170/170/177 183/183/190 
f 183/183/190 185/185/192 186/186/193 
f 183/183/190 170/170/177 185/185/192 
f 185/185/192 170/170/177 169/169/176 
f 185/185/192 187/187/194 188/188/195 
f 185/185/192 169/169/176 187/187/194 
f 187/187/194 169/169/176 81/81/88 
f 187/187/194 189/189/196 188/188/195 
f 187/187/194 81/81/88 189/189/196 
f 189/189/196 81/81/88 59/59/66 
f 189/189/196 50/50/57 38/38/45 
f 189/189/196 59/59/66 50/50/57 
f 189/189/196 38/38/45 37/37/44 
f 189/189/196 37/37/44 188/188/195 
f 185/185/192 188/188/195 186/186/193 
f 183/183/190 186/186/193 190/190/197 
f 183/183/190 190/190/197 184/184/191 
f 181/181/188 184/184/191 182/182/189 
f 179/179/186 182/182/189 180/180/187 
f 24/24/27 26/26/31 37/37/44 
f 37/37/44 26/26/31 188/188/195 
f 188/188/195 26/26/31 28/28/34 
f 188/188/195 28/28/34 186/186/193 
f 186/186/193 28/28/34 30/30/37 
f 186/186/193 30/30/37 190/190/197 
f 190/190/197 30/30/37 191/191/198 
f 190/190/197 191/191/198 184/184/191 
f 184/184/191 191/191/198 192/192/199 
f 184/184/191 192/192/199 182/182/189 
f 182/182/189 192/192/199 193/193/200 
f 182/182/189 193/193/200 180/180/187 
f 180/180/187 193/193/200 194/194/201 
f 180/180/187 195/195/202 178/178/185 
f 180/180/187 194/194/201 195/195/202 
f 196/196/203 197/197/204 198/198/205 
f 198/198/205 197/197/204 199/199/206 
f 199/199/206 197/197/204 194/194/201 
f 199/199/206 194/194/201 200/200/207 
f 200/200/207 194/194/201 193/193/200 
f 200/200/207 193/193/200 201/201/208 
f 201/201/208 193/193/200 192/192/199 
f 201/201/208 192/192/199 202/202/209 
f 202/202/209 192/192/199 191/191/198 
f 202/202/209 191/191/198 203/203/210 
f 203/203/210 191/191/198 30/30/37 
f 203/203/210 30/30/37 204/204/211 
f 204/204/211 30/30/37 29/29/36 
f 204/204/211 205/205/212 206/206/213 
f 204/204/211 29/29/36 205/205/212 
f 207/207/214 198/198/205 208/208/215 
f 208/208/215 198/198/205 199/199/206 
f 208/208/215 199/199/206 209/209/216 
f 209/209/216 199/199/206 200/200/207 
f 209/209/216 200/200/207 210/210/217 
f 210/210/217 200/200/207 201/201/208 
f 210/210/217 201/201/208 211/211/218 
f 211/211/218 201/201/208 202/202/209 
f 211/211/218 202/202/209 212/212/219 
f 212/212/219 202/202/209 203/203/210 
f 212/212/219 203/203/210 213/213/220 
f 213/213/220 203/203/210 204/204/211 
f 213/213/220 204/204/211 214/214/221 
f 213/213/220 214/214/221 215/215/222 
f 208/208/215 209/209/216 216/216/223 
f 216/216/223 209/209/216 217/217/224 
f 217/217/224 209/209/216 218/218/225 
f 218/218/225 209/209/216 210/210/217 
f 218/218/225 210/210/217 219/219/226 
f 219/219/226 210/210/217 211/211/218 
f 219/219/226 211/211/218 220/220/227 
f 220/220/227 211/211/218 212/212/219 
f 220/220/227 212/212/219 221/221/228 
f 221/221/228 212/212/219 213/213/220 
f 221/221/228 213/213/220 215/215/222 
f 221/221/228 222/222/229 223/223/230 
f 221/221/228 215/215/222 222/222/229 
f 222/222/229 224/224/231 223/223/230 
f 222/222/229 215/215/222 224/224/231 
f 224/224/231 225/225/232 226/226/233 
f 224/224/231 215/215/222 225/225/232 
f 227/227/234 216/216/223 228/228/235 
f 228/228/235 216/216/223 217/217/224 
f 228/228/235 217/217/224 229/229/236 
f 229/229/236 217/217/224 230/230/237 
f 230/230/237 217/217/224 218/218/225 
f 230/230/237 218/218/225 231/231/238 
f 231/231/238 218/218/225 219/219/226 
f 231/231/238 232/232/239 230/230/237 
f 231/231/238 219/219/226 232/232/239 
f 232/232/239 233/233/240 234/234/241 
f 232/232/239 219/219/226 233/233/240 
f 233/233/240 219/219/226 220/220/227 
f 233/233/240 235/235/242 234/234/241 
f 233/233/240 220/220/227 235/235/242 
f 235/235/242 220/220/227 236/236/243 
f 236/236/243 220/220/227 221/221/228 
f 236/236/243 221/221/228 223/223/230 
f 237/237/244 235/235/242 236/236/243 
f 237/237/244 238/238/245 235/235/242 
f 235/235/242 238/238/245 234/234/241 
f 232/232/239 234/234/241 239/239/246 
f 232/232/239 239/239/246 230/230/237 
f 237/237/244 236/236/243 223/223/230 
f 237/237/244 223/223/230 240/240/247 
f 240/240/247 223/223/230 241/241/248 
f 240/240/247 241/241/248 242/242/249 
f 240/240/247 242/242/249 243/243/250 
f 243/243/250 242/242/249 244/244/251 
f 243/243/250 244/244/251 245/245/252 
f 245/245/252 244/244/251 246/246/253 
f 245/245/252 246/246/253 247/247/254 
f 247/247/254 246/246/253 248/248/255 
f 247/247/254 248/248/255 249/249/256 
f 247/247/254 249/249/256 250/250/257 
f 250/250/257 251/251/258 252/252/259 
f 250/250/257 249/249/256 251/251/258 
f 249/249/256 253/253/260 254/254/261 
f 249/249/256 248/248/255 253/253/260 
f 253/253/260 255/255/262 256/256/263 
f 253/253/260 248/248/255 255/255/262 
f 255/255/262 257/257/264 258/258/265 
f 255/255/262 248/248/255 257/257/264 
f 257/257/264 248/248/255 246/246/253 
f 257/257/264 259/259/266 260/260/267 
f 257/257/264 246/246/253 259/259/266 
f 259/259/266 246/246/253 244/244/251 
f 259/259/266 261/261/268 262/262/269 
f 259/259/266 244/244/251 261/261/268 
f 261/261/268 244/244/251 242/242/249 
f 261/261/268 263/263/270 264/264/271 
f 261/261/268 242/242/249 263/263/270 
f 263/263/270 224/224/231 226/226/233 
f 263/263/270 242/242/249 224/224/231 
f 224/224/231 242/242/249 241/241/248 
f 224/224/231 241/241/248 223/223/230 
f 263/263/270 226/226/233 264/264/271 
f 261/261/268 264/264/271 262/262/269 
f 259/259/266 262/262/269 260/260/267 
f 257/257/264 260/260/267 258/258/265 
f 255/255/262 258/258/265 256/256/263 
f 253/253/260 256/256/263 265/265/272 
f 253/253/260 266/266/273 254/254/261 
f 253/253/260 265/265/272 266/266/273 
f 267/267/274 268/268/275 269/269/276 
f 267/267/274 270/270/277 268/268/275 
f 268/268/275 271/271/278 272/272/279 
f 268/268/275 270/270/277 271/271/278 
f 271/271/278 270/270/277 262/262/269 
f 271/271/278 262/262/269 264/264/271 
f 271/271/278 273/273/280 274/274/281 
f 271/271/278 264/264/271 273/273/280 
f 273/273/280 264/264/271 226/226/233 
f 273/273/280 275/275/282 276/276/283 
f 273/273/280 226/226/233 275/275/282 
f 275/275/282 277/277/284 278/278/285 
f 275/275/282 226/226/233 277/277/284 
f 277/277/284 226/226/233 225/225/232 
f 277/277/284 279/279/286 278/278/285 
f 277/277/284 225/225/232 279/279/286 
f 279/279/286 280/280/287 281/281/288 
f 279/279/286 225/225/232 280/280/287 
f 280/280/287 225/225/232 215/215/222 
f 280/280/287 282/282/289 283/283/290 
f 280/280/287 215/215/222 282/282/289 
f 282/282/289 214/214/221 284/284/291 
f 282/282/289 215/215/222 214/214/221 
f 204/204/211 206/206/213 214/214/221 
f 214/214/221 206/206/213 284/284/291 
f 282/282/289 284/284/291 283/283/290 
f 280/280/287 283/283/290 281/281/288 
f 279/279/286 281/281/288 278/278/285 
f 275/275/282 278/278/285 285/285/292 
f 275/275/282 285/285/292 276/276/283 
f 29/29/36 2/2/35 205/205/212 
f 205/205/293 2/2/2 1/1/1 
f 205/205/293 1/1/1 286/286/294 
f 205/205/293 286/286/294 206/206/295 
f 206/206/295 286/286/294 287/287/296 
f 206/206/295 287/287/296 284/284/297 
f 284/284/297 287/287/296 288/288/298 
f 284/284/297 288/288/298 283/283/299 
f 283/283/299 288/288/298 289/289/300 
f 283/283/299 289/289/300 281/281/301 
f 281/281/301 289/289/300 290/290/302 
f 281/281/301 290/290/302 278/278/303 
f 278/278/303 290/290/302 291/291/304 
f 278/278/303 291/291/304 285/285/305 
f 291/291/304 292/292/306 285/285/305 
f 285/285/305 292/292/306 276/276/307 
f 276/276/307 292/292/306 293/293/308 
f 276/276/307 293/293/308 274/274/309 
f 274/274/309 293/293/308 294/294/310 
f 274/274/309 294/294/310 272/272/311 
f 272/272/311 294/294/310 295/295/312 
f 272/272/311 295/295/312 269/269/313 
f 269/269/313 295/295/312 296/296/314 
f 269/269/313 296/296/314 297/297/315 
f 297/297/315 296/296/314 298/298/316 
f 297/297/315 298/298/316 299/299/317 
f 299/299/317 298/298/316 300/300/318 
f 299/299/317 300/300/318 301/301/319 
f 276/276/283 274/274/281 273/273/280 
f 271/271/278 274/274/281 272/272/279 
f 268/268/275 272/272/279 269/269/276 
f 267/267/274 269/269/276 297/297/320 
f 267/267/274 302/302/321 303/303/322 
f 267/267/274 297/297/320 302/302/321 
f 302/302/321 304/304/323 303/303/322 
f 302/302/321 297/297/320 304/304/323 
f 304/304/323 297/297/320 299/299/324 
f 304/304/323 299/299/324 301/301/325 
f 304/304/323 305/305/326 306/306/327 
f 304/304/323 301/301/325 305/305/326 
f 305/305/326 301/301/325 307/307/328 
f 305/305/326 308/308/329 306/306/327 
f 305/305/326 307/307/328 308/308/329 
f 309/309/330 310/310/331 311/311/332 
f 309/309/330 312/312/333 310/310/331 
f 310/310/331 313/313/334 314/314/335 
f 310/310/331 312/312/333 313/313/334 
f 313/313/334 312/312/333 315/315/336 
f 313/313/334 316/316/337 314/314/335 
f 313/313/334 315/315/336 316/316/337 
f 316/316/337 308/308/329 307/307/328 
f 316/316/337 315/315/336 308/308/329 
f 308/308/329 315/315/336 306/306/327 
f 304/304/323 306/306/327 317/317/338 
f 304/304/323 317/317/338 303/303/322 
f 267/267/274 303/303/322 318/318/339 
f 267/267/274 318/318/339 270/270/277 
f 316/316/337 307/307/328 319/319/340 
f 316/316/337 319/319/340 314/314/335 
f 310/310/331 314/314/335 320/320/341 
f 310/310/331 320/320/341 321/321/342 
f 310/310/331 321/321/342 311/311/332 
f 311/311/332 321/321/342 322/322/343 
f 311/311/332 322/322/343 323/323/344 
f 323/323/344 322/322/343 324/324/345 
f 323/323/344 324/324/345 325/325/346 
f 325/325/346 324/324/345 326/326/347 
f 325/325/346 326/326/347 327/327/348 
f 309/309/330 311/311/332 323/323/344 
f 309/309/330 323/323/344 328/328/349 
f 328/328/349 323/323/344 325/325/346 
f 328/328/349 325/325/346 327/327/348 
f 328/328/349 327/327/348 329/329/350 
f 329/329/350 327/327/348 330/330/351 
f 329/329/350 330/330/351 49/49/56 
f 49/49/56 330/330/351 46/46/53 
f 49/49/56 46/46/53 45/45/52 
f 43/43/50 46/46/53 331/331/352 
f 43/43/50 331/331/352 36/36/43 
f 326/326/347 332/332/353 327/327/348 
f 327/327/348 332/332/353 330/330/351 
f 330/330/351 332/332/353 333/333/354 
f 330/330/351 333/333/354 46/46/53 
f 46/46/53 333/333/354 334/334/355 
f 46/46/53 334/334/355 331/331/352 
f 331/331/352 334/334/355 335/335/356 
f 331/331/352 335/335/356 36/36/43 
f 36/36/43 335/335/356 34/34/41 
f 31/31/38 34/34/41 16/16/357 
f 31/31/38 16/16/357 14/14/18 
f 336/336/358 337/337/359 324/324/360 
f 324/324/360 337/337/359 326/326/361 
f 326/326/361 337/337/359 338/338/362 
f 326/326/361 338/338/362 332/332/363 
f 332/332/363 338/338/362 339/339/364 
f 332/332/363 339/339/364 333/333/365 
f 333/333/365 339/339/364 340/340/366 
f 333/333/365 340/340/366 334/334/367 
f 334/334/367 340/340/366 341/341/368 
f 334/334/367 341/341/368 335/335/369 
f 335/335/369 341/341/368 342/342/370 
f 335/335/369 342/342/370 34/34/371 
f 34/34/371 342/342/370 17/17/17 
f 34/34/371 17/17/17 16/16/16 
f 300/300/318 343/343/372 301/301/319 
f 301/301/319 343/343/372 307/307/373 
f 307/307/373 343/343/372 344/344/374 
f 307/307/373 344/344/374 319/319/375 
f 319/319/375 344/344/374 345/345/376 
f 319/319/375 345/345/376 314/314/377 
f 314/314/377 345/345/376 346/346/378 
f 314/314/377 346/346/378 320/320/379 
f 320/320/379 346/346/378 347/347/380 
f 320/320/379 347/347/380 321/321/381 
f 321/321/381 347/347/380 348/348/382 
f 321/321/381 348/348/382 322/322/383 
f 322/322/383 348/348/382 336/336/358 
f 322/322/383 336/336/358 324/324/360 
f 349/349/384 350/350/385 351/351/386 
f 352/352/387 353/353/388 354/354/389 
f 352/352/387 355/355/390 353/353/388 
f 353/353/388 355/355/390 356/356/391 
f 353/353/388 357/357/392 358/358/393 
f 353/353/388 356/356/391 357/357/392 
f 357/357/392 356/356/391 349/349/384 
f 357/357/392 359/359/394 360/360/395 
f 357/357/392 349/349/384 359/359/394 
f 359/359/394 349/349/384 351/351/386 
f 359/359/394 361/361/396 362/362/397 
f 359/359/394 351/351/386 361/361/396 
f 361/361/396 351/351/386 363/363/398 
f 361/361/396 364/364/399 365/365/400 
f 361/361/396 363/363/398 364/364/399 
f 366/366/401 367/367/402 368/368/403 
f 368/368/403 369/369/404 363/363/398 
f 368/368/403 367/367/402 369/369/404 
f 369/369/404 367/367/402 370/370/405 
f 369/369/404 371/371/406 364/364/399 
f 369/369/404 370/370/405 371/371/406 
f 371/371/406 370/370/405 372/372/407 
f 371/371/406 372/372/407 373/373/408 
f 371/371/406 373/373/408 374/374/409 
f 371/371/406 374/374/409 364/364/399 
f 364/364/399 374/374/409 365/365/400 
f 361/361/396 365/365/400 362/362/397 
f 359/359/394 362/362/397 360/360/395 
f 369/369/404 364/364/399 363/363/398 
f 368/368/403 363/363/398 375/375/410 
f 368/368/403 376/376/411 366/366/401 
f 368/368/403 375/375/410 376/376/411 
f 376/376/411 375/375/410 377/377/412 
f 376/376/411 378/378/413 379/379/414 
f 376/376/411 377/377/412 378/378/413 
f 378/378/413 377/377/412 380/380/415 
f 378/378/413 381/381/416 382/382/417 
f 378/378/413 380/380/415 381/381/416 
f 381/381/416 380/380/415 383/383/418 
f 381/381/416 384/384/419 385/385/420 
f 381/381/416 383/383/418 384/384/419 
f 384/384/419 383/383/418 386/386/421 
f 384/384/419 387/387/422 388/388/423 
f 384/384/419 386/386/421 387/387/422 
f 387/387/422 386/386/421 389/389/424 
f 390/390/425 391/391/426 392/392/427 
f 392/392/427 393/393/428 394/394/429 
f 392/392/427 391/391/426 393/393/428 
f 393/393/428 391/391/426 395/395/430 
f 393/393/428 387/387/422 389/389/424 
f 393/393/428 395/395/430 387/387/422 
f 387/387/422 395/395/430 388/388/423 
f 384/384/419 388/388/423 385/385/420 
f 381/381/416 385/385/420 382/382/417 
f 378/378/413 382/382/417 379/379/414 
f 376/376/411 379/379/414 366/366/401 
f 396/396/431 397/397/432 398/398/433 
f 396/396/431 385/385/420 397/397/432 
f 397/397/432 385/385/420 388/388/423 
f 397/397/432 399/399/434 400/400/435 
f 397/397/432 388/388/423 399/399/434 
f 399/399/434 388/388/423 395/395/430 
f 399/399/434 401/401/436 402/402/437 
f 399/399/434 395/395/430 401/401/436 
f 401/401/436 395/395/430 391/391/426 
f 401/401/436 403/403/438 404/404/439 
f 401/401/436 391/391/426 403/403/438 
f 403/403/438 391/391/426 390/390/425 
f 403/403/438 405/405/440 406/406/441 
f 403/403/438 390/390/425 405/405/440 
f 405/405/440 390/390/425 407/407/442 
f 405/405/440 408/408/443 409/409/444 
f 405/405/440 407/407/442 408/408/443 
f 408/408/443 407/407/442 410/410/445 
f 408/408/443 411/411/446 412/412/447 
f 408/408/443 410/410/445 411/411/446 
f 411/411/446 410/410/445 413/413/448 
f 414/414/449 415/415/450 416/416/451 
f 416/416/451 417/417/452 418/418/453 
f 416/416/451 415/415/450 417/417/452 
f 417/417/452 415/415/450 419/419/454 
f 417/417/452 420/420/455 418/418/453 
f 417/417/452 419/419/454 420/420/455 
f 420/420/455 419/419/454 421/421/456 
f 420/420/455 422/422/457 423/423/458 
f 420/420/455 421/421/456 422/422/457 
f 422/422/457 421/421/456 413/413/448 
f 422/422/457 424/424/459 425/425/460 
f 422/422/457 413/413/448 424/424/459 
f 424/424/459 413/413/448 410/410/445 
f 424/424/459 426/426/461 427/427/462 
f 424/424/459 410/410/445 426/426/461 
f 426/426/461 410/410/445 407/407/442 
f 426/426/461 428/428/463 429/429/464 
f 426/426/461 407/407/442 428/428/463 
f 428/428/463 407/407/442 390/390/425 
f 428/428/463 392/392/427 430/430/465 
f 428/428/463 390/390/425 392/392/427 
f 411/411/446 431/431/466 432/432/467 
f 411/411/446 413/413/448 431/431/466 
f 431/431/466 413/413/448 421/421/456 
f 431/431/466 433/433/468 434/434/469 
f 431/431/466 421/421/456 433/433/468 
f 433/433/468 421/421/456 419/419/454 
f 433/433/468 435/435/470 436/436/471 
f 433/433/468 419/419/454 435/435/470 
f 435/435/470 437/437/472 438/438/473 
f 435/435/470 419/419/454 437/437/472 
f 437/437/472 419/419/454 415/415/450 
f 437/437/472 439/439/474 438/438/473 
f 437/437/472 415/415/450 439/439/474 
f 439/439/474 415/415/450 414/414/449 
f 439/439/474 440/440/475 441/441/476 
f 439/439/474 414/414/449 440/440/475 
f 440/440/475 414/414/449 442/442/477 
f 440/440/475 443/443/478 444/444/479 
f 440/440/475 442/442/477 443/443/478 
f 443/443/478 442/442/477 445/445/480 
f 443/443/478 445/445/480 446/446/481 
f 447/447/482 448/448/483 449/449/484 
f 447/447/482 450/450/485 448/448/483 
f 448/448/483 450/450/485 451/451/486 
f 448/448/483 451/451/486 449/449/484 
f 447/447/482 449/449/484 452/452/487 
f 447/447/482 453/453/488 454/454/489 
f 447/447/482 452/452/487 453/453/488 
f 453/453/488 452/452/487 446/446/481 
f 453/453/488 455/455/490 456/456/491 
f 453/453/488 446/446/481 455/455/490 
f 455/455/490 446/446/481 445/445/480 
f 455/455/490 457/457/492 458/458/493 
f 455/455/490 445/445/480 457/457/492 
f 457/457/492 445/445/480 442/442/477 
f 457/457/492 459/459/494 460/460/495 
f 457/457/492 442/442/477 459/459/494 
f 459/459/494 442/442/477 414/414/449 
f 459/459/494 416/416/451 461/461/496 
f 459/459/494 414/414/449 416/416/451 
f 443/443/478 462/462/497 444/444/479 
f 443/443/478 446/446/481 462/462/497 
f 462/462/497 463/463/498 464/464/499 
f 462/462/497 446/446/481 463/463/498 
f 463/463/498 446/446/481 452/452/487 
f 463/463/498 465/465/500 466/466/501 
f 463/463/498 452/452/487 465/465/500 
f 465/465/500 452/452/487 449/449/484 
f 465/465/500 467/467/502 466/466/501 
f 465/465/500 449/449/484 467/467/502 
f 467/467/502 449/449/484 468/468/503 
f 468/468/503 449/449/484 451/451/486 
f 468/468/503 469/469/504 467/467/502 
f 468/468/503 451/451/486 469/469/504 
f 469/469/504 470/470/505 471/471/506 
f 469/469/504 451/451/486 470/470/505 
f 463/463/498 466/466/501 464/464/499 
f 462/462/497 464/464/499 472/472/507 
f 462/462/497 472/472/507 444/444/479 
f 440/440/475 444/444/479 441/441/476 
f 439/439/474 441/441/476 438/438/473 
f 435/435/470 438/438/473 473/473/508 
f 474/474/509 475/475/510 466/466/501 
f 466/466/501 475/475/510 464/464/499 
f 464/464/499 475/475/510 472/472/507 
f 472/472/507 475/475/510 476/476/511 
f 476/476/511 475/475/510 473/473/508 
f 476/476/511 477/477/512 472/472/507 
f 476/476/511 473/473/508 477/477/512 
f 477/477/512 473/473/508 438/438/473 
f 477/477/512 438/438/473 441/441/476 
f 477/477/512 441/441/476 444/444/479 
f 477/477/512 444/444/479 472/472/507 
f 435/435/470 478/478/513 436/436/471 
f 435/435/470 473/473/508 478/478/513 
f 478/478/513 473/473/508 475/475/510 
f 478/478/513 475/475/510 474/474/509 
f 478/478/513 474/474/509 479/479/514 
f 478/478/513 479/479/514 436/436/471 
f 433/433/468 436/436/471 434/434/469 
f 431/431/466 434/434/469 432/432/467 
f 411/411/446 432/432/467 412/412/447 
f 408/408/443 412/412/447 409/409/444 
f 480/480/515 481/481/516 482/482/517 
f 482/482/517 481/481/516 483/483/518 
f 482/482/517 483/483/518 479/479/514 
f 479/479/514 483/483/518 436/436/471 
f 436/436/471 483/483/518 434/434/469 
f 434/434/469 483/483/518 484/484/519 
f 434/434/469 484/484/519 432/432/467 
f 432/432/467 484/484/519 485/485/520 
f 432/432/467 485/485/520 412/412/447 
f 412/412/447 485/485/520 486/486/521 
f 412/412/447 486/486/521 409/409/444 
f 481/481/516 484/484/519 483/483/518 
f 487/487/522 481/481/516 480/480/515 
f 487/487/522 488/488/523 481/481/516 
f 481/481/516 488/488/523 484/484/519 
f 484/484/519 488/488/523 485/485/520 
f 486/486/521 489/489/524 490/490/525 
f 486/486/521 485/485/520 489/489/524 
f 489/489/524 485/485/520 488/488/523 
f 489/489/524 491/491/526 492/492/527 
f 489/489/524 488/488/523 491/491/526 
f 491/491/526 488/488/523 487/487/522 
f 491/491/526 493/493/528 494/494/529 
f 491/491/526 487/487/522 493/493/528 
f 487/487/522 480/480/515 495/495/530 
f 487/487/522 495/495/530 493/493/528 
f 493/493/528 495/495/530 496/496/531 
f 493/493/528 496/496/531 497/497/532 
f 493/493/528 497/497/532 494/494/529 
f 491/491/526 494/494/529 492/492/527 
f 489/489/524 492/492/527 490/490/525 
f 486/486/521 490/490/525 498/498/533 
f 486/486/521 498/498/533 409/409/444 
f 409/409/444 498/498/533 406/406/441 
f 499/499/534 497/497/532 496/496/531 
f 499/499/534 500/500/535 497/497/532 
f 497/497/532 500/500/535 501/501/536 
f 497/497/532 501/501/536 494/494/529 
f 494/494/529 501/501/536 502/502/537 
f 494/494/529 502/502/537 492/492/527 
f 492/492/527 502/502/537 503/503/538 
f 492/492/527 503/503/538 490/490/525 
f 490/490/525 503/503/538 504/504/539 
f 490/490/525 504/504/539 498/498/533 
f 498/498/533 504/504/539 505/505/540 
f 498/498/533 505/505/540 406/406/441 
f 406/406/441 505/505/540 404/404/439 
f 406/406/441 404/404/439 403/403/438 
f 500/500/535 506/506/541 501/501/536 
f 501/501/536 506/506/541 507/507/542 
f 501/501/536 507/507/542 502/502/537 
f 502/502/537 507/507/542 508/508/543 
f 502/502/537 508/508/543 503/503/538 
f 503/503/538 508/508/543 509/509/544 
f 503/503/538 509/509/544 504/504/539 
f 504/504/539 509/509/544 510/510/545 
f 504/504/539 510/510/545 505/505/540 
f 505/505/540 510/510/545 511/511/546 
f 505/505/540 511/511/546 404/404/439 
f 404/404/439 511/511/546 402/402/437 
f 404/404/439 402/402/437 401/401/436 
f 506/506/541 512/512/547 507/507/542 
f 507/507/542 512/512/547 513/513/548 
f 507/507/542 513/513/548 508/508/543 
f 508/508/543 513/513/548 514/514/549 
f 508/508/543 514/514/549 509/509/544 
f 509/509/544 514/514/549 515/515/550 
f 509/509/544 515/515/550 510/510/545 
f 510/510/545 515/515/550 516/516/551 
f 510/510/545 516/516/551 511/511/546 
f 511/511/546 516/516/551 517/517/552 
f 511/511/546 517/517/552 402/402/437 
f 402/402/437 517/517/552 400/400/435 
f 402/402/437 400/400/435 399/399/434 
f 512/512/547 518/518/553 513/513/548 
f 513/513/548 518/518/553 519/519/554 
f 513/513/548 519/519/554 514/514/549 
f 514/514/549 519/519/554 520/520/555 
f 514/514/549 520/520/555 515/515/550 
f 515/515/550 520/520/555 521/521/556 
f 515/515/550 521/521/556 516/516/551 
f 516/516/551 521/521/556 522/522/557 
f 516/516/551 522/522/557 517/517/552 
f 517/517/552 522/522/557 523/523/558 
f 517/517/552 523/523/558 400/400/435 
f 400/400/435 523/523/558 398/398/433 
f 400/400/435 398/398/433 397/397/432 
f 519/519/554 524/524/559 520/520/555 
f 520/520/555 524/524/559 525/525/560 
f 520/520/555 525/525/560 521/521/556 
f 521/521/556 525/525/560 526/526/561 
f 521/521/556 526/526/561 522/522/557 
f 522/522/557 526/526/561 527/527/562 
f 522/522/557 527/527/562 523/523/558 
f 523/523/558 527/527/562 528/528/563 
f 523/523/558 528/528/563 398/398/433 
f 398/398/433 528/528/563 529/529/564 
f 398/398/433 529/529/564 396/396/431 
f 396/396/431 529/529/564 530/530/565 
f 530/530/565 529/529/564 531/531/566 
f 530/530/565 531/531/566 532/532/567 
f 533/533/568 534/534/569 526/526/561 
f 526/526/561 534/534/569 527/527/562 
f 527/527/562 534/534/569 535/535/570 
f 527/527/562 535/535/570 528/528/563 
f 528/528/563 535/535/570 536/536/571 
f 528/528/563 536/536/571 529/529/564 
f 529/529/564 536/536/571 531/531/566 
f 367/367/402 366/366/401 537/537/572 
f 537/537/572 366/366/401 532/532/567 
f 537/537/572 532/532/567 538/538/573 
f 538/538/573 532/532/567 531/531/566 
f 538/538/573 531/531/566 539/539/574 
f 539/539/574 531/531/566 536/536/571 
f 539/539/574 536/536/571 540/540/575 
f 540/540/575 536/536/571 535/535/570 
f 540/540/575 535/535/570 541/541/576 
f 541/541/576 535/535/570 534/534/569 
f 541/541/576 534/534/569 542/542/577 
f 542/542/577 534/534/569 533/533/568 
f 542/542/577 533/533/568 543/543/578 
f 543/543/578 533/533/568 544/544/579 
f 370/370/405 367/367/402 545/545/580 
f 545/545/580 367/367/402 537/537/572 
f 545/545/580 537/537/572 546/546/581 
f 546/546/581 537/537/572 538/538/573 
f 546/546/581 538/538/573 547/547/582 
f 547/547/582 538/538/573 539/539/574 
f 547/547/582 539/539/574 548/548/583 
f 548/548/583 539/539/574 540/540/575 
f 548/548/583 540/540/575 549/549/584 
f 549/549/584 540/540/575 541/541/576 
f 549/549/584 541/541/576 550/550/585 
f 550/550/585 541/541/576 542/542/577 
f 550/550/585 542/542/577 551/551/586 
f 551/551/586 542/542/577 543/543/578 
f 372/372/407 370/370/405 552/552/587 
f 552/552/587 370/370/405 545/545/580 
f 552/552/587 545/545/580 553/553/588 
f 553/553/588 545/545/580 546/546/581 
f 553/553/588 546/546/581 554/554/589 
f 554/554/589 546/546/581 547/547/582 
f 554/554/589 547/547/582 555/555/590 
f 555/555/590 547/547/582 548/548/583 
f 555/555/590 548/548/583 556/556/591 
f 556/556/591 548/548/583 549/549/584 
f 556/556/591 549/549/584 557/557/592 
f 557/557/592 549/549/584 550/550/585 
f 557/557/592 550/550/585 558/558/593 
f 558/558/593 550/550/585 551/551/586 
f 373/373/408 372/372/407 559/559/594 
f 559/559/594 560/560/595 561/561/596 
f 559/559/594 372/372/407 560/560/595 
f 560/560/595 372/372/407 552/552/587 
f 560/560/595 562/562/597 563/563/598 
f 560/560/595 552/552/587 562/562/597 
f 562/562/597 552/552/587 553/553/588 
f 562/562/597 564/564/599 565/565/600 
f 562/562/597 553/553/588 564/564/599 
f 564/564/599 553/553/588 554/554/589 
f 564/564/599 566/566/601 567/567/602 
f 564/564/599 554/554/589 566/566/601 
f 566/566/601 554/554/589 555/555/590 
f 566/566/601 568/568/603 569/569/604 
f 566/566/601 555/555/590 568/568/603 
f 568/568/603 555/555/590 556/556/591 
f 568/568/603 570/570/605 571/571/606 
f 568/568/603 556/556/591 570/570/605 
f 570/570/605 556/556/591 557/557/592 
f 570/570/605 572/572/607 573/573/608 
f 570/570/605 557/557/592 572/572/607 
f 571/571/606 569/569/604 568/568/603 
f 566/566/601 569/569/604 567/567/602 
f 564/564/599 567/567/602 565/565/600 
f 562/562/597 565/565/600 563/563/598 
f 560/560/595 563/563/598 561/561/596 
f 559/559/609 561/561/610 574/574/611 
f 574/574/611 561/561/610 575/575/612 
f 575/575/612 561/561/610 576/576/613 
f 575/575/612 576/576/613 577/577/614 
f 578/578/615 579/579/616 565/565/600 
f 565/565/600 579/579/616 563/563/598 
f 563/563/598 579/579/616 576/576/617 
f 563/563/598 576/576/617 561/561/596 
f 578/578/615 565/565/600 580/580/618 
f 580/580/618 565/565/600 567/567/602 
f 580/580/618 567/567/602 581/581/619 
f 581/581/619 567/567/602 582/582/620 
f 582/582/620 567/567/602 569/569/604 
f 582/582/620 569/569/604 583/583/621 
f 583/583/621 569/569/604 571/571/606 
f 583/583/621 571/571/606 584/584/622 
f 584/584/622 571/571/606 573/573/608 
f 584/584/622 573/573/608 585/585/623 
f 585/585/623 573/573/608 586/586/624 
f 585/585/623 586/586/624 587/587/625 
f 587/587/625 586/586/624 588/588/626 
f 587/587/625 588/588/626 589/589/627 
f 590/590/628 591/591/629 592/592/630 
f 590/590/628 584/584/622 591/591/629 
f 591/591/629 584/584/622 585/585/623 
f 591/591/629 585/585/623 593/593/631 
f 593/593/631 585/585/623 587/587/625 
f 593/593/631 587/587/625 594/594/632 
f 594/594/632 587/587/625 589/589/627 
f 594/594/632 589/589/627 595/595/633 
f 595/595/633 589/589/627 596/596/634 
f 595/595/633 596/596/634 597/597/635 
f 597/597/635 596/596/634 598/598/636 
f 597/597/635 598/598/636 599/599/637 
f 599/599/637 598/598/636 600/600/638 
f 599/599/637 600/600/638 601/601/639 
f 601/601/639 600/600/638 602/602/640 
f 592/592/630 603/603/641 604/604/642 
f 592/592/630 591/591/629 603/603/641 
f 603/603/641 591/591/629 593/593/631 
f 603/603/641 593/593/631 605/605/643 
f 605/605/643 593/593/631 606/606/644 
f 606/606/644 593/593/631 594/594/632 
f 606/606/644 594/594/632 607/607/645 
f 607/607/645 594/594/632 595/595/633 
f 607/607/645 608/608/646 609/609/647 
f 607/607/645 595/595/633 608/608/646 
f 608/608/646 595/595/633 597/597/635 
f 608/608/646 597/597/635 610/610/648 
f 610/610/648 597/597/635 599/599/637 
f 610/610/648 599/599/637 611/611/649 
f 611/611/649 599/599/637 601/601/639 
f 611/611/649 601/601/639 612/612/650 
f 605/605/643 613/613/651 614/614/652 
f 605/605/643 606/606/644 613/613/651 
f 613/613/651 606/606/644 607/607/645 
f 613/613/651 615/615/653 616/616/654 
f 613/613/651 607/607/645 615/615/653 
f 615/615/653 607/607/645 609/609/647 
f 615/615/653 617/617/655 616/616/654 
f 615/615/653 609/609/647 617/617/655 
f 617/617/655 618/618/656 619/619/657 
f 617/617/655 609/609/647 618/618/656 
f 618/618/656 609/609/647 620/620/658 
f 620/620/658 608/608/646 610/610/648 
f 620/620/658 609/609/647 608/608/646 
f 620/620/658 610/610/648 621/621/659 
f 621/621/659 610/610/648 611/611/649 
f 621/621/659 611/611/649 622/622/660 
f 622/622/660 611/611/649 612/612/650 
f 622/622/660 612/612/650 623/623/661 
f 623/623/661 612/612/650 624/624/662 
f 623/623/661 624/624/662 625/625/663 
f 625/625/663 624/624/662 626/626/664 
f 625/625/663 626/626/664 627/627/665 
f 625/625/663 627/627/665 628/628/666 
f 628/628/666 627/627/665 629/629/667 
f 629/629/667 627/627/665 630/630/668 
f 629/629/667 630/630/668 631/631/669 
f 632/632/670 633/633/671 634/634/672 
f 632/632/670 621/621/659 633/633/671 
f 633/633/671 621/621/659 622/622/660 
f 633/633/671 622/622/660 635/635/673 
f 635/635/673 622/622/660 623/623/661 
f 635/635/673 623/623/661 636/636/674 
f 636/636/674 623/623/661 625/625/663 
f 636/636/674 625/625/663 628/628/666 
f 636/636/674 628/628/666 637/637/675 
f 637/637/675 638/638/676 639/639/677 
f 637/637/675 628/628/666 638/638/676 
f 638/638/676 628/628/666 629/629/667 
f 638/638/676 629/629/667 631/631/669 
f 638/638/676 631/631/669 640/640/678 
f 640/640/678 641/641/679 642/642/680 
f 640/640/678 631/631/669 641/641/679 
f 641/641/679 630/630/668 643/643/681 
f 641/641/679 631/631/669 630/630/668 
f 635/635/673 636/636/674 644/644/682 
f 644/644/682 636/636/674 637/637/675 
f 644/644/682 637/637/675 639/639/677 
f 644/644/682 639/639/677 645/645/683 
f 645/645/683 639/639/677 646/646/684 
f 646/646/684 647/647/685 648/648/686 
f 646/646/684 639/639/677 647/647/685 
f 647/647/685 639/639/677 638/638/676 
f 633/633/671 649/649/687 650/650/688 
f 633/633/671 635/635/673 649/649/687 
f 649/649/687 635/635/673 644/644/682 
f 649/649/687 644/644/682 645/645/683 
f 649/649/687 645/645/683 651/651/689 
f 649/649/687 651/651/689 650/650/688 
f 633/633/671 650/650/688 634/634/672 
f 632/632/670 634/634/672 652/652/690 
f 632/632/670 652/652/690 618/618/656 
f 632/632/670 618/618/656 620/620/658 
f 632/632/670 620/620/658 621/621/659 
f 653/653/691 654/654/692 651/651/689 
f 651/651/689 654/654/692 650/650/688 
f 650/650/688 654/654/692 655/655/693 
f 650/650/688 655/655/693 634/634/672 
f 634/634/672 655/655/693 656/656/694 
f 634/634/672 656/656/694 652/652/690 
f 652/652/690 656/656/694 619/619/657 
f 652/652/690 619/619/657 618/618/656 
f 617/617/655 619/619/657 657/657/695 
f 617/617/655 657/657/695 616/616/654 
f 613/613/651 616/616/654 614/614/652 
f 658/658/696 659/659/697 660/660/698 
f 658/658/696 661/661/699 659/659/697 
f 659/659/697 661/661/699 653/653/691 
f 653/653/691 661/661/699 662/662/700 
f 653/653/691 662/662/700 654/654/692 
f 654/654/692 662/662/700 663/663/701 
f 654/654/692 663/663/701 655/655/693 
f 655/655/693 663/663/701 664/664/702 
f 655/655/693 664/664/702 656/656/694 
f 656/656/694 664/664/702 665/665/703 
f 656/656/694 665/665/703 619/619/657 
f 619/619/657 665/665/703 666/666/704 
f 619/619/657 666/666/704 657/657/695 
f 657/657/695 666/666/704 667/667/705 
f 657/657/695 667/667/705 616/616/654 
f 668/668/706 669/669/707 670/670/708 
f 668/668/706 667/667/709 669/669/707 
f 669/669/707 667/667/709 671/671/710 
f 671/671/710 667/667/709 666/666/711 
f 671/671/710 666/666/711 672/672/712 
f 672/672/712 666/666/711 665/665/713 
f 672/672/712 665/665/713 673/673/714 
f 673/673/714 665/665/713 664/664/715 
f 673/673/714 664/664/715 674/674/716 
f 674/674/716 664/664/715 663/663/717 
f 674/674/716 663/663/717 675/675/718 
f 675/675/718 663/663/717 662/662/719 
f 675/675/718 662/662/719 676/676/720 
f 676/676/720 662/662/719 661/661/721 
f 676/676/720 661/661/721 677/677/722 
f 668/668/706 670/670/708 678/678/723 
f 668/668/706 678/678/723 679/679/724 
f 679/679/724 678/678/723 680/680/725 
f 679/679/724 680/680/725 681/681/726 
f 681/681/726 680/680/725 682/682/727 
f 681/681/726 682/682/727 683/683/728 
f 681/681/726 683/683/728 684/684/729 
f 684/684/729 683/683/728 685/685/730 
f 684/684/729 685/685/730 686/686/731 
f 686/686/731 685/685/730 687/687/732 
f 686/686/731 687/687/732 688/688/733 
f 688/688/733 687/687/732 689/689/734 
f 688/688/733 689/689/734 690/690/735 
f 667/667/705 668/668/706 616/616/654 
f 616/616/654 668/668/706 614/614/652 
f 614/614/652 668/668/706 679/679/724 
f 614/614/652 679/679/724 691/691/736 
f 691/691/736 679/679/724 681/681/726 
f 691/691/736 681/681/726 692/692/737 
f 692/692/737 681/681/726 684/684/729 
f 692/692/737 684/684/729 693/693/738 
f 693/693/738 684/684/729 686/686/739 
f 693/693/738 686/686/739 694/694/740 
f 694/694/740 686/686/739 688/688/741 
f 694/694/740 688/688/741 695/695/742 
f 695/695/742 688/688/741 690/690/743 
f 695/695/742 690/690/743 696/696/744 
f 605/605/643 614/614/652 691/691/736 
f 605/605/643 697/697/745 603/603/641 
f 605/605/643 691/691/736 697/697/745 
f 697/697/745 691/691/736 692/692/737 
f 697/697/745 692/692/737 604/604/642 
f 697/697/745 604/604/642 603/603/641 
f 592/592/630 698/698/746 699/699/747 
f 592/592/630 604/604/642 698/698/746 
f 698/698/746 604/604/642 692/692/737 
f 698/698/746 692/692/737 693/693/738 
f 698/698/746 700/700/748 699/699/747 
f 698/698/746 693/693/738 700/700/748 
f 700/700/748 693/693/738 694/694/740 
f 700/700/748 701/701/749 699/699/747 
f 700/700/748 694/694/740 701/701/749 
f 701/701/749 694/694/740 695/695/742 
f 701/701/749 695/695/742 702/702/750 
f 701/701/749 702/702/750 699/699/747 
f 590/590/628 592/592/630 699/699/747 
f 590/590/628 703/703/751 583/583/621 
f 590/590/628 699/699/747 703/703/751 
f 703/703/751 699/699/747 702/702/750 
f 703/703/751 704/704/752 582/582/620 
f 703/703/751 702/702/750 704/704/752 
f 704/704/752 702/702/750 695/695/742 
f 704/704/752 695/695/742 696/696/744 
f 704/704/752 705/705/753 582/582/620 
f 704/704/752 696/696/744 705/705/753 
f 705/705/753 706/706/754 581/581/619 
f 705/705/753 696/696/744 706/706/754 
f 706/706/754 707/707/755 708/708/756 
f 706/706/754 696/696/744 707/707/755 
f 707/707/755 696/696/744 709/709/757 
f 709/709/757 696/696/744 710/710/758 
f 710/710/758 696/696/744 711/711/759 
f 711/711/759 696/696/744 690/690/743 
f 576/576/613 712/712/760 577/577/614 
f 577/577/614 712/712/760 713/713/761 
f 713/713/761 712/712/760 714/714/762 
f 713/713/761 714/714/762 715/715/763 
f 715/715/763 714/714/762 707/707/764 
f 715/715/763 707/707/764 709/709/765 
f 715/715/763 709/709/765 716/716/766 
f 716/716/766 709/709/765 710/710/767 
f 716/716/766 710/710/767 717/717/768 
f 717/717/768 710/710/767 711/711/769 
f 717/717/768 711/711/769 718/718/770 
f 718/718/770 711/711/769 690/690/735 
f 718/718/770 690/690/735 719/719/771 
f 719/719/771 690/690/735 689/689/734 
f 576/576/617 579/579/616 712/712/772 
f 712/712/772 579/579/616 578/578/615 
f 712/712/772 578/578/615 714/714/773 
f 714/714/773 578/578/615 708/708/756 
f 708/708/756 578/578/615 580/580/618 
f 708/708/756 580/580/618 581/581/619 
f 708/708/756 581/581/619 706/706/754 
f 705/705/753 581/581/619 582/582/620 
f 703/703/751 582/582/620 583/583/621 
f 590/590/628 583/583/621 584/584/622 
f 714/714/773 708/708/756 707/707/755 
f 720/720/774 721/721/775 722/722/776 
f 723/723/777 722/722/776 724/724/778 
f 724/724/778 722/722/776 725/725/779 
f 725/725/779 722/722/776 721/721/775 
f 725/725/779 721/721/775 726/726/780 
f 726/726/780 721/721/775 727/727/781 
f 726/726/780 727/727/781 728/728/782 
f 728/728/782 727/727/781 729/729/783 
f 728/728/782 729/729/783 730/730/784 
f 730/730/784 731/731/785 732/732/786 
f 730/730/784 729/729/783 731/731/785 
f 731/731/785 733/733/787 734/734/788 
f 731/731/785 729/729/783 733/733/787 
f 733/733/787 729/729/783 735/735/789 
f 735/735/789 729/729/783 727/727/781 
f 735/735/789 727/727/781 720/720/774 
f 720/720/774 727/727/781 721/721/775 
f 56/56/63 67/67/74 57/57/64 
f 57/57/64 67/67/74 736/736/790 
f 57/57/64 736/736/790 737/737/791 
f 57/57/64 737/737/791 58/58/65 
f 58/58/65 737/737/791 734/734/788 
f 58/58/65 734/734/788 738/738/792 
f 738/738/792 734/734/788 739/739/793 
f 739/739/793 734/734/788 733/733/787 
f 739/739/793 733/733/787 735/735/789 
f 739/739/793 735/735/789 740/740/794 
f 740/740/794 735/735/789 720/720/774 
f 740/740/794 720/720/774 741/741/795 
f 741/741/795 720/720/774 722/722/776 
f 741/741/795 722/722/776 723/723/777 
f 731/731/785 742/742/796 732/732/786 
f 731/731/785 734/734/788 742/742/796 
f 742/742/796 734/734/788 737/737/791 
f 742/742/796 743/743/797 744/744/798 
f 742/742/796 737/737/791 743/743/797 
f 743/743/797 745/745/799 746/746/800 
f 743/743/797 737/737/791 745/745/799 
f 745/745/799 737/737/791 736/736/790 
f 745/745/799 736/736/790 747/747/801 
f 747/747/801 736/736/790 67/67/74 
f 747/747/801 67/67/74 748/748/802 
f 748/748/802 67/67/74 66/66/73 
f 748/748/802 66/66/73 65/65/72 
f 748/748/802 749/749/803 747/747/801 
f 748/748/802 65/65/72 749/749/803 
f 749/749/803 65/65/72 64/64/71 
f 749/749/803 68/68/75 750/750/804 
f 749/749/803 64/64/71 68/68/75 
f 70/70/77 751/751/805 68/68/75 
f 68/68/75 751/751/805 750/750/804 
f 749/749/803 750/750/804 747/747/801 
f 87/87/94 88/88/95 72/72/79 
f 72/72/79 88/88/95 752/752/806 
f 72/72/79 752/752/806 70/70/77 
f 70/70/77 752/752/806 753/753/807 
f 70/70/77 753/753/807 751/751/805 
f 751/751/805 753/753/807 754/754/808 
f 751/751/805 754/754/808 746/746/800 
f 751/751/805 746/746/800 750/750/804 
f 750/750/804 746/746/800 745/745/799 
f 750/750/804 745/745/799 747/747/801 
f 755/755/809 756/756/810 757/757/811 
f 757/757/811 756/756/810 758/758/812 
f 758/758/812 756/756/810 754/754/808 
f 758/758/812 754/754/808 753/753/807 
f 758/758/812 753/753/807 759/759/813 
f 759/759/813 753/753/807 752/752/806 
f 759/759/813 752/752/806 760/760/814 
f 760/760/814 752/752/806 88/88/95 
f 760/760/814 88/88/95 761/761/815 
f 761/761/815 88/88/95 89/89/96 
f 761/761/815 89/89/96 90/90/97 
f 761/761/815 90/90/97 762/762/816 
f 762/762/816 90/90/97 92/92/99 
f 762/762/816 92/92/99 763/763/817 
f 764/764/818 765/765/819 766/766/820 
f 764/764/818 767/767/821 765/765/819 
f 765/765/819 768/768/822 769/769/823 
f 765/765/819 767/767/821 768/768/822 
f 768/768/822 767/767/821 770/770/824 
f 768/768/822 771/771/825 772/772/826 
f 768/768/822 770/770/824 771/771/825 
f 771/771/825 770/770/824 773/773/827 
f 771/771/825 774/774/828 775/775/829 
f 771/771/825 773/773/827 774/774/828 
f 774/774/828 773/773/827 757/757/811 
f 774/774/828 776/776/830 775/775/829 
f 774/774/828 757/757/811 776/776/830 
f 776/776/830 757/757/811 777/777/831 
f 777/777/831 757/757/811 758/758/812 
f 777/777/831 758/758/812 759/759/813 
f 777/777/831 759/759/813 778/778/832 
f 778/778/832 759/759/813 760/760/814 
f 778/778/832 760/760/814 779/779/833 
f 771/771/825 775/775/829 772/772/826 
f 768/768/822 772/772/826 780/780/834 
f 768/768/822 780/780/834 769/769/823 
f 765/765/819 769/769/823 766/766/820 
f 764/764/818 766/766/820 781/781/835 
f 764/764/818 782/782/836 783/783/837 
f 764/764/818 781/781/835 782/782/836 
f 782/782/836 784/784/838 728/728/782 
f 782/782/836 781/781/835 784/784/838 
f 784/784/838 781/781/835 785/785/839 
f 784/784/838 786/786/840 726/726/780 
f 784/784/838 785/785/839 786/786/840 
f 772/772/826 787/787/841 780/780/834 
f 780/780/834 787/787/841 788/788/842 
f 780/780/834 788/788/842 789/789/843 
f 780/780/834 789/789/843 769/769/823 
f 769/769/823 789/789/843 766/766/820 
f 766/766/820 789/789/843 790/790/844 
f 766/766/820 790/790/844 791/791/845 
f 766/766/820 791/791/845 781/781/835 
f 781/781/835 791/791/845 785/785/839 
f 785/785/839 791/791/845 792/792/846 
f 785/785/839 792/792/846 793/793/847 
f 793/793/847 792/792/846 794/794/848 
f 793/793/847 794/794/848 795/795/849 
f 795/795/849 794/794/848 796/796/850 
f 797/797/851 796/796/850 798/798/852 
f 798/798/852 796/796/850 794/794/848 
f 798/798/852 794/794/848 799/799/853 
f 799/799/853 794/794/848 792/792/846 
f 799/799/853 792/792/846 800/800/854 
f 800/800/854 792/792/846 791/791/845 
f 800/800/854 791/791/845 790/790/844 
f 800/800/854 790/790/844 801/801/855 
f 801/801/855 790/790/844 789/789/843 
f 801/801/855 789/789/843 788/788/842 
f 801/801/855 788/788/842 802/802/856 
f 798/798/852 799/799/853 803/803/857 
f 803/803/857 799/799/853 804/804/858 
f 804/804/858 799/799/853 800/800/854 
f 804/804/858 800/800/854 805/805/859 
f 805/805/859 800/800/854 801/801/855 
f 805/805/859 801/801/855 806/806/860 
f 806/806/860 801/801/855 802/802/856 
f 806/806/860 802/802/856 807/807/861 
f 807/807/861 802/802/856 808/808/862 
f 807/807/861 808/808/862 809/809/863 
f 809/809/863 808/808/862 810/810/864 
f 809/809/863 810/810/864 811/811/865 
f 812/812/866 813/813/867 814/814/868 
f 812/812/866 803/803/857 813/813/867 
f 813/813/867 803/803/857 804/804/858 
f 813/813/867 815/815/869 816/816/870 
f 813/813/867 804/804/858 815/815/869 
f 815/815/869 804/804/858 805/805/859 
f 815/815/869 817/817/871 818/818/872 
f 815/815/869 805/805/859 817/817/871 
f 817/817/871 805/805/859 806/806/860 
f 817/817/871 819/819/873 820/820/874 
f 817/817/871 806/806/860 819/819/873 
f 819/819/873 806/806/860 807/807/861 
f 819/819/873 821/821/875 822/822/876 
f 819/819/873 807/807/861 821/821/875 
f 821/821/875 807/807/861 809/809/863 
f 821/821/875 823/823/877 824/824/878 
f 821/821/875 809/809/863 823/823/877 
f 823/823/877 809/809/863 811/811/865 
f 823/823/877 825/825/879 826/826/880 
f 823/823/877 811/811/865 825/825/879 
f 825/825/879 827/827/881 828/828/882 
f 825/825/879 811/811/865 827/827/881 
f 829/829/883 830/830/884 831/831/885 
f 831/831/885 830/830/884 832/832/886 
f 832/832/886 830/830/884 833/833/887 
f 832/832/886 833/833/887 828/828/882 
f 828/828/882 833/833/887 834/834/888 
f 828/828/882 834/834/888 825/825/879 
f 825/825/879 834/834/888 826/826/880 
f 823/823/877 826/826/880 824/824/878 
f 821/821/875 824/824/878 822/822/876 
f 819/819/873 822/822/876 820/820/874 
f 818/818/872 820/820/874 835/835/889 
f 835/835/889 836/836/890 837/837/891 
f 835/835/889 820/820/874 836/836/890 
f 836/836/890 820/820/874 822/822/876 
f 836/836/890 838/838/892 839/839/893 
f 836/836/890 822/822/876 838/838/892 
f 838/838/892 822/822/876 824/824/878 
f 838/838/892 840/840/894 841/841/895 
f 838/838/892 824/824/878 840/840/894 
f 840/840/894 824/824/878 826/826/880 
f 840/840/894 842/842/896 843/843/897 
f 840/840/894 826/826/880 842/842/896 
f 842/842/896 826/826/880 834/834/888 
f 842/842/896 844/844/898 845/845/899 
f 842/842/896 834/834/888 844/844/898 
f 844/844/898 834/834/888 833/833/887 
f 844/844/898 846/846/900 847/847/901 
f 844/844/898 833/833/887 846/846/900 
f 846/846/900 833/833/887 830/830/884 
f 846/846/900 848/848/902 849/849/903 
f 846/846/900 830/830/884 848/848/902 
f 848/848/902 850/850/904 851/851/905 
f 848/848/902 830/830/884 850/850/904 
f 850/850/904 830/830/884 829/829/883 
f 850/850/904 829/829/883 852/852/906 
f 850/850/904 852/852/906 853/853/907 
f 850/850/904 853/853/907 851/851/905 
f 848/848/902 851/851/905 854/854/908 
f 848/848/902 854/854/908 849/849/903 
f 846/846/900 849/849/903 855/855/909 
f 846/846/900 855/855/909 847/847/901 
f 844/844/898 847/847/901 845/845/899 
f 856/856/910 857/857/911 858/858/912 
f 856/856/910 859/859/913 857/857/911 
f 857/857/911 859/859/913 860/860/914 
f 860/860/914 859/859/913 861/861/915 
f 860/860/914 861/861/915 862/862/916 
f 862/862/916 861/861/915 863/863/917 
f 862/862/916 863/863/917 864/864/918 
f 862/862/916 864/864/918 855/855/909 
f 862/862/916 865/865/919 860/860/914 
f 862/862/916 855/855/909 865/865/919 
f 865/865/919 855/855/909 849/849/903 
f 865/865/919 849/849/903 854/854/908 
f 865/865/919 854/854/908 866/866/920 
f 865/865/919 866/866/920 860/860/914 
f 867/867/921 864/864/918 868/868/922 
f 868/868/922 864/864/918 863/863/917 
f 868/868/922 863/863/917 869/869/923 
f 869/869/923 863/863/917 870/870/924 
f 870/870/924 863/863/917 861/861/915 
f 870/870/924 861/861/915 871/871/925 
f 871/871/925 861/861/915 859/859/913 
f 871/871/925 859/859/913 872/872/926 
f 872/872/926 859/859/913 856/856/910 
f 872/872/926 856/856/910 873/873/927 
f 873/873/927 856/856/910 874/874/928 
f 874/874/928 856/856/910 858/858/912 
f 874/874/928 858/858/912 875/875/929 
f 875/875/929 858/858/912 876/876/930 
f 877/877/931 870/870/924 878/878/932 
f 878/878/932 870/870/924 871/871/925 
f 878/878/932 871/871/925 872/872/926 
f 878/878/932 872/872/926 879/879/933 
f 879/879/933 872/872/926 873/873/927 
f 879/879/933 873/873/927 880/880/934 
f 880/880/934 873/873/927 874/874/928 
f 880/880/934 874/874/928 881/881/935 
f 881/881/935 874/874/928 875/875/929 
f 881/881/935 875/875/929 882/882/936 
f 882/882/936 875/875/929 883/883/937 
f 883/883/937 875/875/929 876/876/930 
f 883/883/937 876/876/930 884/884/938 
f 884/884/938 876/876/930 885/885/939 
f 880/880/934 881/881/935 886/886/940 
f 886/886/940 887/887/941 888/888/942 
f 886/886/940 881/881/935 887/887/941 
f 887/887/941 881/881/935 882/882/936 
f 887/887/941 889/889/943 890/890/944 
f 887/887/941 882/882/936 889/889/943 
f 889/889/943 882/882/936 883/883/937 
f 889/889/943 891/891/945 892/892/946 
f 889/889/943 883/883/937 891/891/945 
f 891/891/945 883/883/937 884/884/938 
f 891/891/945 893/893/947 894/894/948 
f 891/891/945 884/884/938 893/893/947 
f 893/893/947 884/884/938 895/895/949 
f 893/893/947 896/896/950 897/897/951 
f 893/893/947 895/895/949 896/896/950 
f 896/896/950 895/895/949 898/898/952 
f 896/896/950 899/899/953 900/900/954 
f 896/896/950 898/898/952 899/899/953 
f 899/899/953 898/898/952 901/901/955 
f 899/899/953 902/902/956 900/900/954 
f 899/899/953 901/901/955 902/902/956 
f 884/884/938 885/885/939 895/895/949 
f 895/895/949 885/885/939 903/903/957 
f 895/895/949 903/903/957 898/898/952 
f 898/898/952 903/903/957 853/853/907 
f 898/898/952 853/853/907 901/901/955 
f 901/901/955 853/853/907 852/852/906 
f 901/901/955 852/852/906 904/904/958 
f 904/904/958 852/852/906 829/829/883 
f 904/904/958 829/829/883 905/905/959 
f 904/904/958 905/905/959 906/906/960 
f 906/906/960 905/905/959 907/907/961 
f 906/906/960 907/907/961 908/908/962 
f 908/908/962 907/907/961 909/909/963 
f 908/908/962 909/909/963 910/910/964 
f 901/901/955 904/904/958 902/902/956 
f 902/902/956 911/911/965 900/900/954 
f 902/902/956 904/904/958 911/911/965 
f 911/911/965 904/904/958 906/906/960 
f 911/911/965 912/912/966 900/900/954 
f 911/911/965 906/906/960 912/912/966 
f 912/912/966 906/906/960 908/908/962 
f 912/912/966 913/913/967 914/914/968 
f 912/912/966 908/908/962 913/913/967 
f 913/913/967 908/908/962 910/910/964 
f 913/913/967 915/915/969 916/916/970 
f 913/913/967 910/910/964 915/915/969 
f 915/915/969 910/910/964 917/917/971 
f 915/915/969 918/918/972 919/919/973 
f 915/915/969 917/917/971 918/918/972 
f 918/918/972 917/917/971 920/920/974 
f 918/918/972 921/921/975 922/922/976 
f 918/918/972 920/920/974 921/921/975 
f 921/921/975 920/920/974 923/923/977 
f 921/921/975 924/924/978 925/925/979 
f 921/921/975 923/923/977 924/924/978 
f 909/909/963 926/926/980 910/910/964 
f 910/910/964 926/926/980 917/917/971 
f 917/917/971 926/926/980 927/927/981 
f 917/917/971 927/927/981 920/920/974 
f 920/920/974 927/927/981 602/602/640 
f 920/920/974 602/602/640 923/923/977 
f 923/923/977 602/602/640 600/600/638 
f 923/923/977 600/600/638 928/928/982 
f 928/928/982 600/600/638 598/598/636 
f 928/928/982 598/598/636 929/929/983 
f 929/929/983 598/598/636 596/596/634 
f 929/929/983 596/596/634 930/930/984 
f 930/930/984 596/596/634 589/589/627 
f 930/930/984 589/589/627 588/588/626 
f 923/923/977 928/928/982 924/924/978 
f 924/924/978 931/931/985 932/932/986 
f 924/924/978 928/928/982 931/931/985 
f 931/931/985 928/928/982 929/929/983 
f 931/931/985 933/933/987 934/934/988 
f 931/931/985 929/929/983 933/933/987 
f 933/933/987 929/929/983 930/930/984 
f 933/933/987 935/935/989 936/936/990 
f 933/933/987 930/930/984 935/935/989 
f 935/935/989 930/930/984 588/588/626 
f 935/935/989 937/937/991 938/938/992 
f 935/935/989 588/588/626 937/937/991 
f 937/937/991 588/588/626 586/586/624 
f 937/937/991 572/572/607 558/558/593 
f 937/937/991 586/586/624 572/572/607 
f 572/572/607 586/586/624 573/573/608 
f 570/570/605 573/573/608 571/571/606 
f 557/557/592 558/558/593 572/572/607 
f 937/937/991 558/558/593 938/938/992 
f 935/935/989 938/938/992 936/936/990 
f 933/933/987 936/936/990 934/934/988 
f 931/931/985 934/934/988 932/932/986 
f 924/924/978 932/932/986 925/925/979 
f 921/921/975 925/925/979 922/922/976 
f 558/558/593 551/551/586 938/938/992 
f 938/938/992 551/551/586 939/939/993 
f 938/938/992 939/939/993 936/936/990 
f 936/936/990 939/939/993 940/940/994 
f 936/936/990 940/940/994 934/934/988 
f 934/934/988 940/940/994 941/941/995 
f 934/934/988 941/941/995 932/932/986 
f 932/932/986 941/941/995 942/942/996 
f 932/932/986 942/942/996 925/925/979 
f 925/925/979 942/942/996 943/943/997 
f 925/925/979 943/943/997 922/922/976 
f 922/922/976 943/943/997 944/944/998 
f 922/922/976 944/944/998 919/919/973 
f 919/919/973 944/944/998 945/945/999 
f 551/551/586 543/543/578 939/939/993 
f 939/939/993 543/543/578 946/946/1000 
f 939/939/993 946/946/1000 940/940/994 
f 940/940/994 946/946/1000 947/947/1001 
f 940/940/994 947/947/1001 941/941/995 
f 941/941/995 947/947/1001 948/948/1002 
f 941/941/995 948/948/1002 942/942/996 
f 942/942/996 948/948/1002 949/949/1003 
f 942/942/996 949/949/1003 943/943/997 
f 943/943/997 949/949/1003 950/950/1004 
f 943/943/997 950/950/1004 951/951/1005 
f 943/943/997 951/951/1005 944/944/998 
f 944/944/998 951/951/1005 952/952/1006 
f 944/944/998 952/952/1006 953/953/1007 
f 543/543/578 544/544/579 946/946/1000 
f 946/946/1000 544/544/579 954/954/1008 
f 946/946/1000 954/954/1008 947/947/1001 
f 947/947/1001 954/954/1008 955/955/1009 
f 947/947/1001 955/955/1009 948/948/1002 
f 948/948/1002 955/955/1009 956/956/1010 
f 948/948/1002 956/956/1010 949/949/1003 
f 949/949/1003 956/956/1010 957/957/1011 
f 949/949/1003 957/957/1011 950/950/1004 
f 950/950/1004 957/957/1011 958/958/1012 
f 950/950/1004 958/958/1012 959/959/1013 
f 959/959/1013 958/958/1012 960/960/1014 
f 959/959/1013 960/960/1014 961/961/1015 
f 961/961/1015 960/960/1014 962/962/1016 
f 961/961/1015 962/962/1016 963/963/1017 
f 963/963/1017 962/962/1016 964/964/1018 
f 964/964/1018 965/965/1019 966/966/1020 
f 964/964/1018 962/962/1016 965/965/1019 
f 965/965/1019 967/967/1021 968/968/1022 
f 965/965/1019 962/962/1016 967/967/1021 
f 967/967/1021 969/969/1023 970/970/1024 
f 967/967/1021 962/962/1016 969/969/1023 
f 969/969/1023 962/962/1016 960/960/1014 
f 969/969/1023 971/971/1025 972/972/1026 
f 969/969/1023 960/960/1014 971/971/1025 
f 971/971/1025 960/960/1014 958/958/1012 
f 971/971/1025 973/973/1027 974/974/1028 
f 971/971/1025 958/958/1012 973/973/1027 
f 973/973/1027 958/958/1012 957/957/1011 
f 973/973/1027 975/975/1029 974/974/1028 
f 973/973/1027 957/957/1011 975/975/1029 
f 975/975/1029 957/957/1011 976/976/1030 
f 975/975/1029 512/512/547 506/506/541 
f 975/975/1029 976/976/1030 512/512/547 
f 512/512/547 976/976/1030 518/518/553 
f 975/975/1029 506/506/541 974/974/1028 
f 971/971/1025 974/974/1028 972/972/1026 
f 969/969/1023 972/972/1026 970/970/1024 
f 967/967/1021 977/977/1031 978/978/1032 
f 967/967/1021 970/970/1024 977/977/1031 
f 977/977/1031 979/979/1033 980/980/1034 
f 977/977/1031 970/970/1024 979/979/1033 
f 979/979/1033 970/970/1024 981/981/1035 
f 979/979/1033 982/982/1036 983/983/1037 
f 979/979/1033 981/981/1035 982/982/1036 
f 982/982/1036 981/981/1035 984/984/1038 
f 982/982/1036 985/985/1039 986/986/1040 
f 982/982/1036 984/984/1038 985/985/1039 
f 506/506/541 500/500/535 974/974/1028 
f 974/974/1028 500/500/535 972/972/1026 
f 972/972/1026 500/500/535 499/499/534 
f 972/972/1026 499/499/534 981/981/1035 
f 972/972/1026 981/981/1035 970/970/1024 
f 986/986/1040 983/983/1037 982/982/1036 
f 979/979/1033 983/983/1037 980/980/1034 
f 977/977/1031 980/980/1034 978/978/1032 
f 967/967/1021 978/978/1032 968/968/1022 
f 965/965/1019 968/968/1022 987/987/1041 
f 965/965/1019 987/987/1041 966/966/1020 
f 964/964/1018 966/966/1020 988/988/1042 
f 964/964/1018 988/988/1042 989/989/1043 
f 989/989/1043 988/988/1042 990/990/1044 
f 991/991/1045 992/992/1046 993/993/1047 
f 993/993/1048 994/994/1049 995/995/1050 
f 993/993/1047 992/992/1046 994/994/1051 
f 994/994/1051 992/992/1046 990/990/1044 
f 994/994/1049 996/996/1052 997/997/1053 
f 994/994/1051 990/990/1044 996/996/1054 
f 996/996/1054 990/990/1044 988/988/1042 
f 996/996/1054 988/988/1042 966/966/1020 
f 996/996/1054 966/966/1020 998/998/1055 
f 998/998/1055 966/966/1020 999/999/1056 
f 999/999/1056 966/966/1020 987/987/1041 
f 999/999/1056 987/987/1041 1000/1000/1057 
f 1000/1000/1057 987/987/1041 968/968/1022 
f 1000/1000/1057 968/968/1022 1001/1001/1058 
f 1001/1001/1058 968/968/1022 978/978/1032 
f 1001/1001/1058 978/978/1032 980/980/1034 
f 997/997/1053 996/996/1052 1002/1002/1059 
f 1002/1002/1059 996/996/1052 998/998/1060 
f 1002/1002/1059 998/998/1060 1003/1003/1061 
f 1003/1003/1061 998/998/1060 999/999/1062 
f 1003/1003/1061 999/999/1062 1004/1004/1063 
f 1004/1004/1063 999/999/1062 1000/1000/1064 
f 1004/1004/1063 1000/1000/1064 1005/1005/1065 
f 1005/1005/1065 1000/1000/1064 1001/1001/1066 
f 1005/1005/1065 1001/1001/1066 1006/1006/1067 
f 1006/1006/1067 1001/1001/1066 1007/1007/1068 
f 1006/1006/1067 1007/1007/1068 1008/1008/1069 
f 1008/1008/1069 1007/1007/1068 1009/1009/1070 
f 1008/1008/1069 1009/1009/1070 1010/1010/1071 
f 1010/1010/1071 1009/1009/1070 1011/1011/1072 
f 1001/1001/1058 980/980/1034 1007/1007/1073 
f 1007/1007/1073 980/980/1034 1009/1009/1074 
f 1009/1009/1074 980/980/1034 983/983/1037 
f 1009/1009/1074 983/983/1037 1011/1011/1075 
f 1011/1011/1075 983/983/1037 986/986/1040 
f 1011/1011/1075 986/986/1040 1012/1012/1076 
f 1012/1012/1076 986/986/1040 1013/1013/1077 
f 1012/1012/1076 1013/1013/1077 1014/1014/1078 
f 1014/1014/1078 1013/1013/1077 1015/1015/1079 
f 1014/1014/1078 1015/1015/1079 1016/1016/1080 
f 1016/1016/1080 1015/1015/1079 1017/1017/1081 
f 1016/1016/1080 1017/1017/1081 1018/1018/1082 
f 1018/1018/1082 1017/1017/1081 1019/1019/1083 
f 1018/1018/1082 1019/1019/1083 1020/1020/1084 
f 1019/1019/1083 471/471/506 1020/1020/1084 
f 1020/1020/1084 471/471/506 1021/1021/1085 
f 1021/1021/1085 471/471/506 1022/1022/1086 
f 1022/1022/1086 471/471/506 470/470/505 
f 469/469/504 471/471/506 1019/1019/1083 
f 469/469/504 1019/1019/1083 1017/1017/1081 
f 469/469/504 1023/1023/1087 467/467/502 
f 469/469/504 1017/1017/1081 1023/1023/1087 
f 1023/1023/1087 1017/1017/1081 1015/1015/1079 
f 1023/1023/1087 1024/1024/1088 1025/1025/1089 
f 1023/1023/1087 1015/1015/1079 1024/1024/1088 
f 1024/1024/1088 985/985/1039 1026/1026/1090 
f 1024/1024/1088 1015/1015/1079 985/985/1039 
f 985/985/1039 1015/1015/1079 1013/1013/1077 
f 985/985/1039 1013/1013/1077 986/986/1040 
f 984/984/1038 1027/1027/1091 985/985/1039 
f 985/985/1039 1027/1027/1091 1026/1026/1090 
f 1024/1024/1088 1026/1026/1090 1028/1028/1092 
f 1024/1024/1088 1028/1028/1092 1025/1025/1089 
f 1023/1023/1087 1025/1025/1089 467/467/502 
f 499/499/534 496/496/531 981/981/1035 
f 981/981/1035 496/496/531 984/984/1038 
f 984/984/1038 496/496/531 495/495/530 
f 984/984/1038 495/495/530 1027/1027/1091 
f 1027/1027/1091 495/495/530 480/480/515 
f 1027/1027/1091 480/480/515 1026/1026/1090 
f 1026/1026/1090 480/480/515 482/482/517 
f 1026/1026/1090 482/482/517 1028/1028/1092 
f 1028/1028/1092 482/482/517 479/479/514 
f 1028/1028/1092 479/479/514 474/474/509 
f 1028/1028/1092 474/474/509 1025/1025/1089 
f 1025/1025/1089 474/474/509 466/466/501 
f 1025/1025/1089 466/466/501 467/467/502 
f 1029/1029/1093 1030/1030/1094 1031/1031/1095 
f 1029/1029/1093 1032/1032/1096 1030/1030/1094 
f 1033/1033/1097 1034/1034/1098 1035/1035/1099 
f 1035/1035/1099 1034/1034/1098 1036/1036/1100 
f 1035/1035/1099 1036/1036/1100 1037/1037/1101 
f 1037/1037/1101 1036/1036/1100 1038/1038/1102 
f 1037/1037/1101 1038/1038/1102 1039/1039/1103 
f 1039/1039/1103 1038/1038/1102 1032/1032/1096 
f 1039/1039/1103 1032/1032/1096 1029/1029/1093 
f 1039/1039/1103 1029/1029/1093 1040/1040/1104 
f 1040/1040/1104 1029/1029/1093 1041/1041/1105 
f 1040/1040/1104 1041/1041/1105 1042/1042/1106 
f 1042/1042/1106 1041/1041/1105 1043/1043/1107 
f 1042/1042/1106 1043/1043/1107 168/168/175 
f 168/168/175 1043/1043/1107 1044/1044/1108 
f 168/168/175 1044/1044/1108 150/150/157 
f 1045/1045/1109 1046/1046/1110 1047/1047/1111 
f 1045/1045/1109 1033/1033/1097 1046/1046/1110 
f 1046/1046/1110 1033/1033/1097 1035/1035/1099 
f 1046/1046/1110 1048/1048/1112 1049/1049/1113 
f 1046/1046/1110 1035/1035/1099 1048/1048/1112 
f 1048/1048/1112 1035/1035/1099 1037/1037/1101 
f 1048/1048/1112 1050/1050/1114 1051/1051/1115 
f 1048/1048/1112 1037/1037/1101 1050/1050/1114 
f 1050/1050/1114 1037/1037/1101 1039/1039/1103 
f 1050/1050/1114 1039/1039/1103 1040/1040/1104 
f 1050/1050/1114 1052/1052/1116 1051/1051/1115 
f 1050/1050/1114 1040/1040/1104 1052/1052/1116 
f 1052/1052/1116 1040/1040/1104 1042/1042/1106 
f 1052/1052/1116 167/167/174 1053/1053/1117 
f 1052/1052/1116 1042/1042/1106 167/167/174 
f 167/167/174 1042/1042/1106 168/168/175 
f 165/165/172 168/168/175 150/150/157 
f 166/166/173 1053/1053/1117 167/167/174 
f 1052/1052/1116 1053/1053/1117 1051/1051/1115 
f 1048/1048/1112 1051/1051/1115 1049/1049/1113 
f 1046/1046/1110 1049/1049/1113 1047/1047/1111 
f 1045/1045/1109 1054/1054/1118 1055/1055/1119 
f 1045/1045/1109 1047/1047/1111 1054/1054/1118 
f 166/166/173 176/176/183 1053/1053/1117 
f 1053/1053/1117 176/176/183 1056/1056/1120 
f 1053/1053/1117 1056/1056/1120 1051/1051/1115 
f 1051/1051/1115 1056/1056/1120 1049/1049/1113 
f 1049/1049/1113 1056/1056/1120 1057/1057/1121 
f 1049/1049/1113 1057/1057/1121 1047/1047/1111 
f 1047/1047/1111 1057/1057/1121 1058/1058/1122 
f 1047/1047/1111 1058/1058/1122 1054/1054/1118 
f 1054/1054/1118 1058/1058/1122 1059/1059/1123 
f 1054/1054/1118 1059/1059/1123 1060/1060/1124 
f 1054/1054/1118 1060/1060/1124 1055/1055/1119 
f 1045/1045/1109 1055/1055/1119 1061/1061/1125 
f 1045/1045/1109 1061/1061/1125 1033/1033/1097 
f 1062/1062/1126 1059/1059/1123 1063/1063/1127 
f 1063/1063/1127 1059/1059/1123 1064/1064/1128 
f 1064/1064/1128 1059/1059/1123 1058/1058/1122 
f 1064/1064/1128 1058/1058/1122 1065/1065/1129 
f 1065/1065/1129 1058/1058/1122 1057/1057/1121 
f 1065/1065/1129 1057/1057/1121 1066/1066/1130 
f 1066/1066/1130 1057/1057/1121 1056/1056/1120 
f 1066/1066/1130 1056/1056/1120 176/176/183 
f 1066/1066/1130 176/176/183 1067/1067/1131 
f 1067/1067/1131 176/176/183 175/175/182 
f 1067/1067/1131 175/175/182 1068/1068/1132 
f 1068/1068/1132 175/175/182 174/174/181 
f 1068/1068/1132 174/174/181 177/177/184 
f 177/177/184 174/174/181 173/173/180 
f 1069/1069/1133 1070/1070/1134 1071/1071/1135 
f 1069/1069/1133 1063/1063/1127 1070/1070/1134 
f 1070/1070/1134 1063/1063/1127 1064/1064/1128 
f 1070/1070/1134 1072/1072/1136 1073/1073/1137 
f 1070/1070/1134 1064/1064/1128 1072/1072/1136 
f 1072/1072/1136 1064/1064/1128 1065/1065/1129 
f 1072/1072/1136 1074/1074/1138 1075/1075/1139 
f 1072/1072/1136 1065/1065/1129 1074/1074/1138 
f 1074/1074/1138 1065/1065/1129 1066/1066/1130 
f 1074/1074/1138 1066/1066/1130 1067/1067/1131 
f 1074/1074/1138 1076/1076/1140 1075/1075/1139 
f 1074/1074/1138 1067/1067/1131 1076/1076/1140 
f 1076/1076/1140 1067/1067/1131 1068/1068/1132 
f 1076/1076/1140 1077/1077/1141 196/196/203 
f 1076/1076/1140 1068/1068/1132 1077/1077/1141 
f 1077/1077/1141 1068/1068/1132 177/177/184 
f 1077/1077/1141 195/195/202 197/197/204 
f 1077/1077/1141 177/177/184 195/195/202 
f 195/195/202 177/177/184 178/178/185 
f 194/194/201 197/197/204 195/195/202 
f 1077/1077/1141 197/197/204 196/196/203 
f 1076/1076/1140 196/196/203 1075/1075/1139 
f 1072/1072/1136 1075/1075/1139 1073/1073/1137 
f 1070/1070/1134 1073/1073/1137 1071/1071/1135 
f 1069/1069/1133 1071/1071/1135 1078/1078/1142 
f 1078/1078/1142 1071/1071/1135 1079/1079/1143 
f 1078/1078/1142 1079/1079/1143 1080/1080/1144 
f 1081/1081/1145 1082/1082/1146 1083/1083/1147 
f 1083/1083/1147 1084/1084/1148 1085/1085/1149 
f 1083/1083/1147 1082/1082/1146 1084/1084/1148 
f 1084/1084/1148 1082/1082/1146 1086/1086/1150 
f 1084/1084/1148 1087/1087/1151 1085/1085/1149 
f 1084/1084/1148 1086/1086/1150 1087/1087/1151 
f 1087/1087/1151 1086/1086/1150 1079/1079/1143 
f 1087/1087/1151 1088/1088/1152 1089/1089/1153 
f 1087/1087/1151 1079/1079/1143 1088/1088/1152 
f 1088/1088/1152 1079/1079/1143 1071/1071/1135 
f 1088/1088/1152 1090/1090/1154 1091/1091/1155 
f 1088/1088/1152 1071/1071/1135 1090/1090/1154 
f 1090/1090/1154 1071/1071/1135 1073/1073/1137 
f 1090/1090/1154 1092/1092/1156 1093/1093/1157 
f 1090/1090/1154 1073/1073/1137 1092/1092/1156 
f 1092/1092/1156 1073/1073/1137 1075/1075/1139 
f 1092/1092/1156 1094/1094/1158 1095/1095/1159 
f 1092/1092/1156 1075/1075/1139 1094/1094/1158 
f 1094/1094/1158 1075/1075/1139 196/196/203 
f 1094/1094/1158 198/198/205 207/207/214 
f 1094/1094/1158 196/196/203 198/198/205 
f 1094/1094/1158 207/207/214 1095/1095/1159 
f 1092/1092/1156 1095/1095/1159 1093/1093/1157 
f 1090/1090/1154 1093/1093/1157 1091/1091/1155 
f 1088/1088/1152 1091/1091/1155 1089/1089/1153 
f 1087/1087/1151 1089/1089/1153 1085/1085/1149 
f 1083/1083/1147 1085/1085/1149 1096/1096/1160 
f 1083/1083/1147 1097/1097/1161 1098/1098/1162 
f 1083/1083/1147 1096/1096/1160 1097/1097/1161 
f 1096/1096/1160 1085/1085/1149 1099/1099/1163 
f 1099/1099/1163 1085/1085/1149 1100/1100/1164 
f 1100/1100/1164 1085/1085/1149 1089/1089/1153 
f 1100/1100/1164 1089/1089/1153 1091/1091/1155 
f 1100/1100/1164 1091/1091/1155 1101/1101/1165 
f 1101/1101/1165 1091/1091/1155 1093/1093/1157 
f 1101/1101/1165 1093/1093/1157 1102/1102/1166 
f 1102/1102/1166 1093/1093/1157 1095/1095/1159 
f 1102/1102/1166 1095/1095/1159 1103/1103/1167 
f 1103/1103/1167 1095/1095/1159 207/207/214 
f 1103/1103/1167 207/207/214 1104/1104/1168 
f 1104/1104/1168 207/207/214 208/208/215 
f 1104/1104/1168 208/208/215 227/227/234 
f 227/227/234 208/208/215 216/216/223 
f 1105/1105/1169 1106/1106/1170 1107/1107/1171 
f 1105/1105/1169 1108/1108/1172 1106/1106/1170 
f 1106/1106/1170 1108/1108/1172 1099/1099/1163 
f 1106/1106/1170 1099/1099/1163 1109/1109/1173 
f 1109/1109/1173 1099/1099/1163 1100/1100/1164 
f 1109/1109/1173 1100/1100/1164 1101/1101/1165 
f 1109/1109/1173 1101/1101/1165 1110/1110/1174 
f 1110/1110/1174 1101/1101/1165 1102/1102/1166 
f 1110/1110/1174 1102/1102/1166 1111/1111/1175 
f 1111/1111/1175 1102/1102/1166 1103/1103/1167 
f 1111/1111/1175 1103/1103/1167 1112/1112/1176 
f 1112/1112/1176 1103/1103/1167 1104/1104/1168 
f 1112/1112/1176 1104/1104/1168 227/227/234 
f 1112/1112/1176 227/227/234 1113/1113/1177 
f 1113/1113/1177 227/227/234 228/228/235 
f 1107/1107/1171 1106/1106/1170 1114/1114/1178 
f 1114/1114/1178 1106/1106/1170 1109/1109/1173 
f 1114/1114/1178 1109/1109/1173 1110/1110/1174 
f 1114/1114/1178 1110/1110/1174 1115/1115/1179 
f 1115/1115/1179 1110/1110/1174 1111/1111/1175 
f 1115/1115/1179 1111/1111/1175 1116/1116/1180 
f 1116/1116/1180 1111/1111/1175 1112/1112/1176 
f 1116/1116/1180 1112/1112/1176 1113/1113/1177 
f 1116/1116/1180 1113/1113/1177 1117/1117/1181 
f 1117/1117/1181 1113/1113/1177 1118/1118/1182 
f 1118/1118/1182 1113/1113/1177 228/228/235 
f 1118/1118/1182 228/228/235 229/229/236 
f 1118/1118/1182 229/229/236 239/239/246 
f 239/239/246 229/229/236 230/230/237 
f 1107/1107/1171 1119/1119/1183 1120/1120/1184 
f 1107/1107/1171 1114/1114/1178 1119/1119/1183 
f 1119/1119/1183 1114/1114/1178 1115/1115/1179 
f 1119/1119/1183 1121/1121/1185 1122/1122/1186 
f 1119/1119/1183 1115/1115/1179 1121/1121/1185 
f 1121/1121/1185 1115/1115/1179 1116/1116/1180 
f 1121/1121/1185 1116/1116/1180 1117/1117/1181 
f 1121/1121/1185 1123/1123/1187 1122/1122/1186 
f 1121/1121/1185 1117/1117/1181 1123/1123/1187 
f 1123/1123/1187 1124/1124/1188 238/238/245 
f 1123/1123/1187 1117/1117/1181 1124/1124/1188 
f 1124/1124/1188 1117/1117/1181 1118/1118/1182 
f 1124/1124/1188 1118/1118/1182 239/239/246 
f 1124/1124/1188 239/239/246 234/234/241 
f 1124/1124/1188 234/234/241 238/238/245 
f 1123/1123/1187 238/238/245 1122/1122/1186 
f 1119/1119/1183 1122/1122/1186 1120/1120/1184 
f 1107/1107/1171 1120/1120/1184 1125/1125/1189 
f 1125/1125/1189 1120/1120/1184 1126/1126/1190 
f 1125/1125/1189 1126/1126/1190 1127/1127/1191 
f 1127/1127/1191 1126/1126/1190 1128/1128/1192 
f 1127/1127/1191 1128/1128/1192 1129/1129/1193 
f 1129/1129/1193 1128/1128/1192 1130/1130/1194 
f 1129/1129/1193 1130/1130/1194 1131/1131/1195 
f 1131/1131/1195 1130/1130/1194 1132/1132/1196 
f 1132/1132/1196 1130/1130/1194 252/252/259 
f 1132/1132/1196 252/252/259 251/251/258 
f 1105/1105/1169 1107/1107/1171 1125/1125/1189 
f 1105/1105/1169 1125/1125/1189 1133/1133/1197 
f 1133/1133/1197 1125/1125/1189 1127/1127/1191 
f 1133/1133/1197 1127/1127/1191 1134/1134/1198 
f 1134/1134/1198 1127/1127/1191 1129/1129/1193 
f 1134/1134/1198 1129/1129/1193 1135/1135/1199 
f 1135/1135/1199 1129/1129/1193 1131/1131/1195 
f 1135/1135/1199 1131/1131/1195 1136/1136/1200 
f 1136/1136/1200 1131/1131/1195 1137/1137/1201 
f 1137/1137/1201 1131/1131/1195 1132/1132/1196 
f 1137/1137/1201 1132/1132/1196 251/251/258 
f 1137/1137/1201 251/251/258 254/254/261 
f 254/254/261 251/251/258 249/249/256 
f 1138/1138/1202 1139/1139/1203 1140/1140/1204 
f 1138/1138/1202 1108/1108/1172 1139/1139/1203 
f 1139/1139/1203 1108/1108/1172 1105/1105/1169 
f 1139/1139/1203 1105/1105/1169 1133/1133/1197 
f 1139/1139/1203 1141/1141/1205 1140/1140/1204 
f 1139/1139/1203 1133/1133/1197 1141/1141/1205 
f 1141/1141/1205 1133/1133/1197 1134/1134/1198 
f 1141/1141/1205 1142/1142/1206 1143/1143/1207 
f 1141/1141/1205 1134/1134/1198 1142/1142/1206 
f 1142/1142/1206 1134/1134/1198 1135/1135/1199 
f 1142/1142/1206 1144/1144/1208 1145/1145/1209 
f 1142/1142/1206 1135/1135/1199 1144/1144/1208 
f 1144/1144/1208 1135/1135/1199 1136/1136/1200 
f 1144/1144/1208 266/266/273 1146/1146/1210 
f 1144/1144/1208 1136/1136/1200 266/266/273 
f 266/266/273 1136/1136/1200 1137/1137/1201 
f 266/266/273 1137/1137/1201 254/254/261 
f 265/265/272 1146/1146/1210 266/266/273 
f 1144/1144/1208 1146/1146/1210 1145/1145/1209 
f 1142/1142/1206 1145/1145/1209 1143/1143/1207 
f 1141/1141/1205 1143/1143/1207 1140/1140/1204 
f 1138/1138/1202 1147/1147/1211 1097/1097/1161 
f 1138/1138/1202 1140/1140/1204 1147/1147/1211 
f 1147/1147/1211 1140/1140/1204 1148/1148/1212 
f 1147/1147/1211 1149/1149/1213 1150/1150/1214 
f 1147/1147/1211 1148/1148/1212 1149/1149/1213 
f 1149/1149/1213 1148/1148/1212 1151/1151/1215 
f 1149/1149/1213 1152/1152/1216 1153/1153/1217 
f 1149/1149/1213 1151/1151/1215 1152/1152/1216 
f 1140/1140/1204 1143/1143/1207 1148/1148/1212 
f 1148/1148/1212 1143/1143/1207 1154/1154/1218 
f 1148/1148/1212 1154/1154/1218 1151/1151/1215 
f 1151/1151/1215 1154/1154/1218 1155/1155/1219 
f 1151/1151/1215 1155/1155/1219 1156/1156/1220 
f 1156/1156/1220 1155/1155/1219 1157/1157/1221 
f 1156/1156/1220 1157/1157/1221 1158/1158/1222 
f 1158/1158/1222 1157/1157/1221 1159/1159/1223 
f 1158/1158/1222 1159/1159/1223 1160/1160/1224 
f 1160/1160/1224 1159/1159/1223 1161/1161/1225 
f 1160/1160/1224 1161/1161/1225 1162/1162/1226 
f 1162/1162/1226 1161/1161/1225 1163/1163/1227 
f 1162/1162/1226 1163/1163/1227 1164/1164/1228 
f 1164/1164/1228 1165/1165/1229 1166/1166/1230 
f 1164/1164/1228 1163/1163/1227 1165/1165/1229 
f 1151/1151/1215 1156/1156/1220 1152/1152/1216 
f 1152/1152/1216 1167/1167/1231 1168/1168/1232 
f 1152/1152/1216 1156/1156/1220 1167/1167/1231 
f 1167/1167/1231 1156/1156/1220 1158/1158/1222 
f 1167/1167/1231 1169/1169/1233 1170/1170/1234 
f 1167/1167/1231 1158/1158/1222 1169/1169/1233 
f 1169/1169/1233 1158/1158/1222 1160/1160/1224 
f 1169/1169/1233 1171/1171/1235 1172/1172/1236 
f 1169/1169/1233 1160/1160/1224 1171/1171/1235 
f 1171/1171/1235 1160/1160/1224 1162/1162/1226 
f 1171/1171/1235 1162/1162/1226 1173/1173/1237 
f 1173/1173/1237 1162/1162/1226 1164/1164/1228 
f 1173/1173/1237 1164/1164/1228 1174/1174/1238 
f 1174/1174/1238 1164/1164/1228 1166/1166/1230 
f 1174/1174/1238 1166/1166/1230 1175/1175/1239 
f 1175/1175/1239 1166/1166/1230 1176/1176/1240 
f 1175/1175/1239 1176/1176/1240 1177/1177/1241 
f 1172/1172/1236 1178/1178/1242 1179/1179/1243 
f 1172/1172/1236 1171/1171/1235 1178/1178/1242 
f 1178/1178/1242 1171/1171/1235 1173/1173/1237 
f 1178/1178/1242 1180/1180/1244 1181/1181/1245 
f 1178/1178/1242 1173/1173/1237 1180/1180/1244 
f 1180/1180/1244 1173/1173/1237 1174/1174/1238 
f 1180/1180/1244 1174/1174/1238 1182/1182/1246 
f 1182/1182/1246 1174/1174/1238 1175/1175/1239 
f 1182/1182/1246 1175/1175/1239 1183/1183/1247 
f 1183/1183/1247 1175/1175/1239 1177/1177/1241 
f 1183/1183/1247 1177/1177/1241 1184/1184/1248 
f 1183/1183/1247 1184/1184/1248 1185/1185/1249 
f 1185/1185/1249 1184/1184/1248 1186/1186/1250 
f 1185/1185/1249 1186/1186/1250 1187/1187/1251 
f 1187/1187/1251 1186/1186/1250 1188/1188/1252 
f 1188/1188/1252 1189/1189/1253 1190/1190/1254 
f 1188/1188/1252 1186/1186/1250 1189/1189/1253 
f 1181/1181/1245 1191/1191/1255 1192/1192/1256 
f 1181/1181/1245 1180/1180/1244 1191/1191/1255 
f 1191/1191/1255 1180/1180/1244 1182/1182/1246 
f 1191/1191/1255 1193/1193/1257 1194/1194/1258 
f 1191/1191/1255 1182/1182/1246 1193/1193/1257 
f 1193/1193/1257 1182/1182/1246 1183/1183/1247 
f 1193/1193/1257 1183/1183/1247 1185/1185/1249 
f 1193/1193/1257 1195/1195/1259 1196/1196/1260 
f 1193/1193/1257 1185/1185/1249 1195/1195/1259 
f 1195/1195/1259 1185/1185/1249 1187/1187/1251 
f 1195/1195/1259 1197/1197/1261 1198/1198/1262 
f 1195/1195/1259 1187/1187/1251 1197/1197/1261 
f 1197/1197/1261 1199/1199/1263 1200/1200/1264 
f 1197/1197/1261 1187/1187/1251 1199/1199/1263 
f 1199/1199/1263 1187/1187/1251 1188/1188/1252 
f 1199/1199/1263 1201/1201/1265 1202/1202/1266 
f 1199/1199/1263 1188/1188/1252 1201/1201/1265 
f 1201/1201/1265 1188/1188/1252 1190/1190/1254 
f 1201/1201/1265 1190/1190/1254 1203/1203/1267 
f 1201/1201/1265 1204/1204/1268 1205/1205/1269 
f 1201/1201/1265 1203/1203/1267 1204/1204/1268 
f 1206/1206/1270 1205/1205/1269 1204/1204/1268 
f 1201/1201/1265 1205/1205/1269 1202/1202/1266 
f 1199/1199/1263 1202/1202/1266 1200/1200/1264 
f 1197/1197/1261 1200/1200/1264 1198/1198/1262 
f 1195/1195/1259 1198/1198/1262 1196/1196/1260 
f 1193/1193/1257 1196/1196/1260 1194/1194/1258 
f 1191/1191/1255 1194/1194/1258 1192/1192/1256 
f 1198/1198/1262 1207/1207/1271 1208/1208/1272 
f 1198/1198/1262 1200/1200/1264 1207/1207/1271 
f 1207/1207/1271 1209/1209/1273 1210/1210/1274 
f 1207/1207/1271 1200/1200/1264 1209/1209/1273 
f 1209/1209/1273 1200/1200/1264 1202/1202/1266 
f 1209/1209/1273 1202/1202/1266 1205/1205/1269 
f 1209/1209/1273 1211/1211/1275 1212/1212/1276 
f 1209/1209/1273 1205/1205/1269 1211/1211/1275 
f 1211/1211/1275 1213/1213/1277 1214/1214/1278 
f 1211/1211/1275 1205/1205/1269 1213/1213/1277 
f 1213/1213/1277 1205/1205/1269 1206/1206/1270 
f 1213/1213/1277 1215/1215/1279 1216/1216/1280 
f 1213/1213/1277 1206/1206/1270 1215/1215/1279 
f 1215/1215/1279 1206/1206/1270 1217/1217/1281 
f 1215/1215/1279 1218/1218/1282 1219/1219/1283 
f 1215/1215/1279 1217/1217/1281 1218/1218/1282 
f 1218/1218/1282 1217/1217/1281 1220/1220/1284 
f 1218/1218/1282 1221/1221/1285 454/454/489 
f 1218/1218/1282 1220/1220/1284 1221/1221/1285 
f 1221/1221/1285 1220/1220/1284 450/450/485 
f 1221/1221/1285 447/447/482 454/454/489 
f 1221/1221/1285 450/450/485 447/447/482 
f 1218/1218/1282 454/454/489 1219/1219/1283 
f 1215/1215/1279 1219/1219/1283 1216/1216/1280 
f 1213/1213/1277 1216/1216/1280 1214/1214/1278 
f 1211/1211/1275 1214/1214/1278 1212/1212/1276 
f 1209/1209/1273 1212/1212/1276 1210/1210/1274 
f 1207/1207/1271 1210/1210/1274 1222/1222/1286 
f 1207/1207/1271 1222/1222/1286 1208/1208/1272 
f 1210/1210/1274 1212/1212/1276 1223/1223/1287 
f 1223/1223/1287 1212/1212/1276 1224/1224/1288 
f 1224/1224/1288 1212/1212/1276 1214/1214/1278 
f 1224/1224/1288 1214/1214/1278 1225/1225/1289 
f 1225/1225/1289 1214/1214/1278 1216/1216/1280 
f 1225/1225/1289 1216/1216/1280 1219/1219/1283 
f 1225/1225/1289 1219/1219/1283 1226/1226/1290 
f 1226/1226/1290 1219/1219/1283 454/454/489 
f 1226/1226/1290 454/454/489 456/456/491 
f 1226/1226/1290 456/456/491 1227/1227/1291 
f 1227/1227/1291 456/456/491 1228/1228/1292 
f 1227/1227/1291 1228/1228/1292 1229/1229/1293 
f 1227/1227/1291 1229/1229/1293 1230/1230/1294 
f 1230/1230/1294 1229/1229/1293 1231/1231/1295 
f 1227/1227/1291 1232/1232/1296 1226/1226/1290 
f 1227/1227/1291 1230/1230/1294 1232/1232/1296 
f 1232/1232/1296 1230/1230/1294 1233/1233/1297 
f 1232/1232/1296 1234/1234/1298 1225/1225/1289 
f 1232/1232/1296 1233/1233/1297 1234/1234/1298 
f 1234/1234/1298 1233/1233/1297 1223/1223/1287 
f 1234/1234/1298 1223/1223/1287 1224/1224/1288 
f 1234/1234/1298 1224/1224/1288 1225/1225/1289 
f 1232/1232/1296 1225/1225/1289 1226/1226/1290 
f 1210/1210/1274 1223/1223/1287 1222/1222/1286 
f 1222/1222/1286 1223/1223/1287 1233/1233/1297 
f 1222/1222/1286 1233/1233/1297 1235/1235/1299 
f 1235/1235/1299 1233/1233/1297 1230/1230/1294 
f 1235/1235/1299 1230/1230/1294 1231/1231/1295 
f 1235/1235/1299 1231/1231/1295 1236/1236/1300 
f 1236/1236/1300 1231/1231/1295 1237/1237/1301 
f 1236/1236/1300 1237/1237/1301 1238/1238/1302 
f 1238/1238/1302 1237/1237/1301 1239/1239/1303 
f 1238/1238/1302 1239/1239/1303 1240/1240/1304 
f 1240/1240/1304 1239/1239/1303 1241/1241/1305 
f 1240/1240/1304 1241/1241/1305 1242/1242/1306 
f 1242/1242/1306 1241/1241/1305 1243/1243/1307 
f 1242/1242/1306 1243/1243/1307 1244/1244/1308 
f 1222/1222/1286 1235/1235/1299 1208/1208/1272 
f 1208/1208/1272 1235/1235/1299 1236/1236/1300 
f 1208/1208/1272 1236/1236/1300 1245/1245/1309 
f 1245/1245/1309 1236/1236/1300 1238/1238/1302 
f 1245/1245/1309 1238/1238/1302 1246/1246/1310 
f 1246/1246/1310 1238/1238/1302 1240/1240/1304 
f 1246/1246/1310 1240/1240/1304 1247/1247/1311 
f 1247/1247/1311 1240/1240/1304 1242/1242/1306 
f 1247/1247/1311 1242/1242/1306 1248/1248/1312 
f 1248/1248/1312 1242/1242/1306 1244/1244/1308 
f 1248/1248/1312 1244/1244/1308 1249/1249/1313 
f 1249/1249/1313 1244/1244/1308 1250/1250/1314 
f 1249/1249/1313 1250/1250/1314 1251/1251/1315 
f 1251/1251/1315 1250/1250/1314 1252/1252/1316 
f 1198/1198/1262 1208/1208/1272 1245/1245/1309 
f 1198/1198/1262 1245/1245/1309 1196/1196/1260 
f 1196/1196/1260 1245/1245/1309 1246/1246/1310 
f 1196/1196/1260 1246/1246/1310 1194/1194/1258 
f 1194/1194/1258 1246/1246/1310 1247/1247/1311 
f 1194/1194/1258 1247/1247/1311 1192/1192/1256 
f 1192/1192/1256 1247/1247/1311 1248/1248/1312 
f 1192/1192/1256 1248/1248/1312 1253/1253/1317 
f 1253/1253/1317 1248/1248/1312 1249/1249/1313 
f 1253/1253/1317 1249/1249/1313 1254/1254/1318 
f 1254/1254/1318 1249/1249/1313 1251/1251/1315 
f 1254/1254/1318 1251/1251/1315 1255/1255/1319 
f 1255/1255/1319 1256/1256/1320 1257/1257/1321 
f 1255/1255/1319 1251/1251/1315 1256/1256/1320 
f 1192/1192/1256 1253/1253/1317 1181/1181/1245 
f 1181/1181/1245 1253/1253/1317 1179/1179/1243 
f 1179/1179/1243 1253/1253/1317 1254/1254/1318 
f 1179/1179/1243 1254/1254/1318 1258/1258/1322 
f 1258/1258/1322 1254/1254/1318 1255/1255/1319 
f 1258/1258/1322 1255/1255/1319 1259/1259/1323 
f 1259/1259/1323 1255/1255/1319 1257/1257/1321 
f 1259/1259/1323 1257/1257/1321 1260/1260/1324 
f 1260/1260/1324 1257/1257/1321 1261/1261/1325 
f 1260/1260/1324 1261/1261/1325 1262/1262/1326 
f 1262/1262/1326 1261/1261/1325 1263/1263/1327 
f 1262/1262/1326 1263/1263/1327 1098/1098/1162 
f 1098/1098/1162 1263/1263/1327 1081/1081/1145 
f 1098/1098/1162 1081/1081/1145 1083/1083/1147 
f 1178/1178/1242 1181/1181/1245 1179/1179/1243 
f 1172/1172/1236 1179/1179/1243 1258/1258/1322 
f 1172/1172/1236 1258/1258/1322 1170/1170/1234 
f 1170/1170/1234 1258/1258/1322 1259/1259/1323 
f 1170/1170/1234 1259/1259/1323 1168/1168/1232 
f 1168/1168/1232 1259/1259/1323 1260/1260/1324 
f 1168/1168/1232 1260/1260/1324 1153/1153/1217 
f 1153/1153/1217 1260/1260/1324 1262/1262/1326 
f 1153/1153/1217 1262/1262/1326 1150/1150/1214 
f 1150/1150/1214 1262/1262/1326 1098/1098/1162 
f 1150/1150/1214 1098/1098/1162 1097/1097/1161 
f 1169/1169/1233 1172/1172/1236 1170/1170/1234 
f 1167/1167/1231 1170/1170/1234 1168/1168/1232 
f 1152/1152/1216 1168/1168/1232 1153/1153/1217 
f 1149/1149/1213 1153/1153/1217 1150/1150/1214 
f 1147/1147/1211 1150/1150/1214 1097/1097/1161 
f 1138/1138/1202 1097/1097/1161 1096/1096/1160 
f 1138/1138/1202 1096/1096/1160 1108/1108/1172 
f 1108/1108/1172 1096/1096/1160 1099/1099/1163 
f 145/145/152 1264/1264/1328 142/142/149 
f 140/140/147 142/142/149 1265/1265/1329 
f 1265/1265/1329 142/142/149 1264/1264/1328 
f 1265/1265/1329 1264/1264/1328 1266/1266/1330 
f 1266/1266/1330 1264/1264/1328 1267/1267/1331 
f 1266/1266/1330 1267/1267/1331 1268/1268/1332 
f 1268/1268/1332 1267/1267/1331 1269/1269/1333 
f 1268/1268/1332 1269/1269/1333 1044/1044/1108 
f 138/138/145 140/140/147 1270/1270/1334 
f 1270/1270/1334 140/140/147 1265/1265/1329 
f 1270/1270/1334 1265/1265/1329 1271/1271/1335 
f 1271/1271/1335 1265/1265/1329 1266/1266/1330 
f 1271/1271/1335 1266/1266/1330 1272/1272/1336 
f 1272/1272/1336 1266/1266/1330 1268/1268/1332 
f 1272/1272/1336 1268/1268/1332 1273/1273/1337 
f 1273/1273/1337 1268/1268/1332 1044/1044/1108 
f 1273/1273/1337 1044/1044/1108 1043/1043/1107 
f 137/137/144 138/138/145 1274/1274/1338 
f 1274/1274/1338 138/138/145 1270/1270/1334 
f 1274/1274/1338 1270/1270/1334 1275/1275/1339 
f 1275/1275/1339 1270/1270/1334 1271/1271/1335 
f 1275/1275/1339 1271/1271/1335 1276/1276/1340 
f 1276/1276/1340 1271/1271/1335 1272/1272/1336 
f 1276/1276/1340 1272/1272/1336 1277/1277/1341 
f 1277/1277/1341 1272/1272/1336 1273/1273/1337 
f 1277/1277/1341 1273/1273/1337 1278/1278/1342 
f 1278/1278/1342 1273/1273/1337 1043/1043/1107 
f 1278/1278/1342 1043/1043/1107 1041/1041/1105 
f 136/136/143 137/137/144 1279/1279/1343 
f 1279/1279/1343 137/137/144 1274/1274/1338 
f 1279/1279/1343 1274/1274/1338 1280/1280/1344 
f 1280/1280/1344 1274/1274/1338 1275/1275/1339 
f 1280/1280/1344 1275/1275/1339 1281/1281/1345 
f 1281/1281/1345 1275/1275/1339 1276/1276/1340 
f 1281/1281/1345 1276/1276/1340 1282/1282/1346 
f 1282/1282/1346 1276/1276/1340 1277/1277/1341 
f 1282/1282/1346 1277/1277/1341 1283/1283/1347 
f 1283/1283/1347 1277/1277/1341 1278/1278/1342 
f 1283/1283/1347 1278/1278/1342 1031/1031/1095 
f 1031/1031/1095 1278/1278/1342 1041/1041/1105 
f 1031/1031/1095 1041/1041/1105 1029/1029/1093 
f 135/135/142 1284/1284/1348 134/134/141 
f 135/135/142 136/136/143 1284/1284/1348 
f 1284/1284/1348 136/136/143 1279/1279/1343 
f 1284/1284/1348 1285/1285/1349 1286/1286/1350 
f 1284/1284/1348 1279/1279/1343 1285/1285/1349 
f 1285/1285/1349 1279/1279/1343 1280/1280/1344 
f 1285/1285/1349 1287/1287/1351 1288/1288/1352 
f 1285/1285/1349 1280/1280/1344 1287/1287/1351 
f 1287/1287/1351 1280/1280/1344 1281/1281/1345 
f 1287/1287/1351 1281/1281/1345 1289/1289/1353 
f 1289/1289/1353 1281/1281/1345 1282/1282/1346 
f 1289/1289/1353 1282/1282/1346 1290/1290/1354 
f 1290/1290/1354 1282/1282/1346 1283/1283/1347 
f 1290/1290/1354 1283/1283/1347 1291/1291/1355 
f 1291/1291/1355 1283/1283/1347 1031/1031/1095 
f 1291/1291/1355 1031/1031/1095 1030/1030/1094 
f 1288/1288/1352 1287/1287/1351 1292/1292/1356 
f 1292/1292/1356 1287/1287/1351 1289/1289/1353 
f 1292/1292/1356 1289/1289/1353 1293/1293/1357 
f 1293/1293/1357 1289/1289/1353 1290/1290/1354 
f 1293/1293/1357 1290/1290/1354 1294/1294/1358 
f 1294/1294/1358 1290/1290/1354 1291/1291/1355 
f 1294/1294/1358 1291/1291/1355 1295/1295/1359 
f 1295/1295/1359 1291/1291/1355 1030/1030/1094 
f 1295/1295/1359 1030/1030/1094 1296/1296/1360 
f 1296/1296/1360 1030/1030/1094 1032/1032/1096 
f 1296/1296/1360 1032/1032/1096 1297/1297/1361 
f 1297/1297/1361 1032/1032/1096 1038/1038/1102 
f 1297/1297/1361 1038/1038/1102 1298/1298/1362 
f 1298/1298/1362 1038/1038/1102 1036/1036/1100 
f 1295/1295/1359 1296/1296/1360 1299/1299/1363 
f 1299/1299/1363 1296/1296/1360 1300/1300/1364 
f 1300/1300/1364 1296/1296/1360 1297/1297/1361 
f 1300/1300/1364 1297/1297/1361 1301/1301/1365 
f 1301/1301/1365 1297/1297/1361 1298/1298/1362 
f 1301/1301/1365 1298/1298/1362 1302/1302/1366 
f 1302/1302/1366 1298/1298/1362 1303/1303/1367 
f 1303/1303/1367 1298/1298/1362 1036/1036/1100 
f 1303/1303/1367 1036/1036/1100 1034/1034/1098 
f 1304/1304/1368 1305/1305/1369 1306/1306/1370 
f 1304/1304/1368 1299/1299/1363 1305/1305/1369 
f 1305/1305/1369 1299/1299/1363 1300/1300/1364 
f 1305/1305/1369 1307/1307/1371 1308/1308/1372 
f 1305/1305/1369 1300/1300/1364 1307/1307/1371 
f 1307/1307/1371 1300/1300/1364 1301/1301/1365 
f 1307/1307/1371 1309/1309/1373 1310/1310/1374 
f 1307/1307/1371 1301/1301/1365 1309/1309/1373 
f 1309/1309/1373 1301/1301/1365 1302/1302/1366 
f 1309/1309/1373 1311/1311/1375 1312/1312/1376 
f 1309/1309/1373 1302/1302/1366 1311/1311/1375 
f 1311/1311/1375 1302/1302/1366 1313/1313/1377 
f 1313/1313/1377 1302/1302/1366 1303/1303/1367 
f 1313/1313/1377 1303/1303/1367 1314/1314/1378 
f 1314/1314/1378 1303/1303/1367 1034/1034/1098 
f 1314/1314/1378 1034/1034/1098 1315/1315/1379 
f 1315/1315/1379 1034/1034/1098 1033/1033/1097 
f 1315/1315/1379 1033/1033/1097 1061/1061/1125 
f 1311/1311/1375 1316/1316/1380 1317/1317/1381 
f 1311/1311/1375 1313/1313/1377 1316/1316/1380 
f 1316/1316/1380 1313/1313/1377 1318/1318/1382 
f 1318/1318/1382 1313/1313/1377 1314/1314/1378 
f 1318/1318/1382 1314/1314/1378 1319/1319/1383 
f 1319/1319/1383 1314/1314/1378 1315/1315/1379 
f 1319/1319/1383 1315/1315/1379 1320/1320/1384 
f 1320/1320/1384 1315/1315/1379 1061/1061/1125 
f 1320/1320/1384 1061/1061/1125 1321/1321/1385 
f 1321/1321/1385 1061/1061/1125 1055/1055/1119 
f 1321/1321/1385 1055/1055/1119 1322/1322/1386 
f 1322/1322/1386 1055/1055/1119 1060/1060/1124 
f 1322/1322/1386 1060/1060/1124 1323/1323/1387 
f 1323/1323/1387 1060/1060/1124 1062/1062/1126 
f 1062/1062/1126 1060/1060/1124 1059/1059/1123 
f 1317/1317/1381 1324/1324/1388 1325/1325/1389 
f 1317/1317/1381 1316/1316/1380 1324/1324/1388 
f 1324/1324/1388 1316/1316/1380 1326/1326/1390 
f 1326/1326/1390 1316/1316/1380 1318/1318/1382 
f 1326/1326/1390 1318/1318/1382 1327/1327/1391 
f 1327/1327/1391 1318/1318/1382 1319/1319/1383 
f 1327/1327/1391 1319/1319/1383 1328/1328/1392 
f 1328/1328/1392 1319/1319/1383 1320/1320/1384 
f 1328/1328/1392 1320/1320/1384 1329/1329/1393 
f 1329/1329/1393 1320/1320/1384 1321/1321/1385 
f 1329/1329/1393 1321/1321/1385 1330/1330/1394 
f 1330/1330/1394 1321/1321/1385 1322/1322/1386 
f 1330/1330/1394 1322/1322/1386 1331/1331/1395 
f 1331/1331/1395 1322/1322/1386 1323/1323/1387 
f 1331/1331/1395 1323/1323/1387 1332/1332/1396 
f 1333/1333/1397 1334/1334/1398 1335/1335/1399 
f 1333/1333/1400 1326/1326/1390 1334/1334/1401 
f 1334/1334/1401 1326/1326/1390 1327/1327/1391 
f 1334/1334/1398 1336/1336/1402 1335/1335/1399 
f 1334/1334/1401 1327/1327/1391 1336/1336/1403 
f 1336/1336/1403 1327/1327/1391 1328/1328/1392 
f 1336/1336/1402 1337/1337/1404 1338/1338/1405 
f 1336/1336/1403 1328/1328/1392 1337/1337/1406 
f 1337/1337/1406 1328/1328/1392 1329/1329/1393 
f 1337/1337/1404 1339/1339/1407 1338/1338/1405 
f 1337/1337/1406 1329/1329/1393 1339/1339/1408 
f 1339/1339/1408 1329/1329/1393 1330/1330/1394 
f 1339/1339/1407 1340/1340/1409 1341/1341/1410 
f 1339/1339/1408 1330/1330/1394 1340/1340/1411 
f 1340/1340/1411 1330/1330/1394 1331/1331/1395 
f 1340/1340/1411 1331/1331/1395 1342/1342/1412 
f 1342/1342/1412 1331/1331/1395 1332/1332/1396 
f 1342/1342/1412 1332/1332/1396 1343/1343/1413 
f 1343/1343/1413 1332/1332/1396 1344/1344/1414 
f 1339/1339/1407 1341/1341/1410 1338/1338/1405 
f 1336/1336/1402 1338/1338/1405 1335/1335/1399 
f 1333/1333/1397 1335/1335/1399 1345/1345/1415 
f 1333/1333/1400 1346/1346/1416 1325/1325/1389 
f 1333/1333/1397 1345/1345/1415 1346/1346/1417 
f 1346/1346/1416 1347/1347/1418 1325/1325/1389 
f 1346/1346/1417 1345/1345/1415 1347/1347/1419 
f 1347/1347/1419 1345/1345/1415 1348/1348/1420 
f 1347/1347/1418 1349/1349/1421 1325/1325/1389 
f 1347/1347/1422 1348/1348/1423 1349/1349/1424 
f 1349/1349/1424 1348/1348/1423 1350/1350/1425 
f 1349/1349/1424 1351/1351/1426 1352/1352/1427 
f 1349/1349/1424 1350/1350/1425 1351/1351/1426 
f 1341/1341/1410 1340/1340/1409 1353/1353/1428 
f 1353/1353/1428 1340/1340/1409 1342/1342/1429 
f 1353/1353/1428 1342/1342/1429 1343/1343/1430 
f 1353/1353/1428 1343/1343/1430 1354/1354/1431 
f 1354/1354/1431 1343/1343/1430 1355/1355/1432 
f 1355/1355/1432 1343/1343/1430 1344/1344/1414 
f 1355/1355/1432 1344/1344/1414 1356/1356/1433 
f 1356/1356/1433 1344/1344/1414 1357/1357/1434 
f 1356/1356/1433 1357/1357/1434 1358/1358/1435 
f 1356/1356/1433 1358/1358/1435 1359/1359/1436 
f 1359/1359/1436 1358/1358/1435 1360/1360/1437 
f 1359/1359/1436 1360/1360/1437 1361/1361/1438 
f 1361/1361/1438 1360/1360/1437 1362/1362/1439 
f 1361/1361/1438 1362/1362/1439 1363/1363/1440 
f 1364/1364/1441 1365/1365/1442 1366/1366/1443 
f 1364/1364/1441 1367/1367/1444 1365/1365/1442 
f 1365/1365/1442 1367/1367/1444 1368/1368/1445 
f 1365/1365/1442 1369/1369/1446 1370/1370/1447 
f 1365/1365/1442 1368/1368/1445 1369/1369/1446 
f 1369/1369/1446 1368/1368/1445 1362/1362/1448 
f 1369/1369/1446 1371/1371/1449 1372/1372/1450 
f 1369/1369/1446 1362/1362/1448 1371/1371/1449 
f 1371/1371/1449 1362/1362/1448 1360/1360/1451 
f 1371/1371/1449 1373/1373/1452 1080/1080/1144 
f 1371/1371/1449 1360/1360/1451 1373/1373/1452 
f 1373/1373/1452 1360/1360/1451 1358/1358/1453 
f 1373/1373/1452 1374/1374/1454 1078/1078/1142 
f 1373/1373/1452 1358/1358/1453 1374/1374/1454 
f 1374/1374/1454 1358/1358/1453 1357/1357/1455 
f 1374/1374/1454 1375/1375/1456 1069/1069/1133 
f 1374/1374/1454 1357/1357/1455 1375/1375/1456 
f 1375/1375/1456 1376/1376/1457 1062/1062/1126 
f 1375/1375/1456 1357/1357/1455 1376/1376/1457 
f 1376/1376/1457 1357/1357/1455 1344/1344/1414 
f 1376/1376/1457 1332/1332/1396 1323/1323/1387 
f 1376/1376/1457 1344/1344/1414 1332/1332/1396 
f 1376/1376/1457 1323/1323/1387 1062/1062/1126 
f 1375/1375/1456 1062/1062/1126 1063/1063/1127 
f 1375/1375/1456 1063/1063/1127 1069/1069/1133 
f 1374/1374/1454 1069/1069/1133 1078/1078/1142 
f 1373/1373/1452 1078/1078/1142 1080/1080/1144 
f 1371/1371/1449 1080/1080/1144 1372/1372/1450 
f 1369/1369/1446 1372/1372/1450 1370/1370/1447 
f 1370/1370/1447 1366/1366/1443 1365/1365/1442 
f 1079/1079/1143 1086/1086/1150 1080/1080/1144 
f 1080/1080/1144 1086/1086/1150 1372/1372/1450 
f 1372/1372/1450 1086/1086/1150 1082/1082/1146 
f 1372/1372/1450 1082/1082/1146 1370/1370/1447 
f 1370/1370/1447 1082/1082/1146 1081/1081/1145 
f 1370/1370/1447 1081/1081/1145 1366/1366/1443 
f 1366/1366/1443 1377/1377/1458 1378/1378/1459 
f 1366/1366/1443 1081/1081/1145 1377/1377/1458 
f 1377/1377/1458 1081/1081/1145 1263/1263/1327 
f 1377/1377/1458 1379/1379/1460 1380/1380/1461 
f 1377/1377/1458 1263/1263/1327 1379/1379/1460 
f 1379/1379/1460 1263/1263/1327 1261/1261/1325 
f 1379/1379/1460 1381/1381/1462 1382/1382/1463 
f 1379/1379/1460 1261/1261/1325 1381/1381/1462 
f 1381/1381/1462 1261/1261/1325 1257/1257/1321 
f 1381/1381/1462 1256/1256/1320 1383/1383/1464 
f 1381/1381/1462 1257/1257/1321 1256/1256/1320 
f 1251/1251/1315 1252/1252/1316 1256/1256/1320 
f 1256/1256/1320 1252/1252/1316 1383/1383/1464 
f 1381/1381/1462 1383/1383/1464 1382/1382/1463 
f 1379/1379/1460 1382/1382/1463 1380/1380/1461 
f 1377/1377/1458 1380/1380/1461 1378/1378/1459 
f 1366/1366/1443 1378/1378/1459 1364/1364/1441 
f 1364/1364/1441 1378/1378/1459 1384/1384/1465 
f 1384/1384/1465 1378/1378/1459 1385/1385/1466 
f 1384/1384/1465 1385/1385/1466 1386/1386/1467 
f 1386/1386/1467 1385/1385/1466 1387/1387/1468 
f 1378/1378/1459 1380/1380/1461 1385/1385/1466 
f 1385/1385/1466 1380/1380/1461 1388/1388/1469 
f 1385/1385/1466 1388/1388/1469 1387/1387/1468 
f 1387/1387/1468 1388/1388/1469 1389/1389/1470 
f 1387/1387/1468 1389/1389/1470 1390/1390/1471 
f 1390/1390/1471 1389/1389/1470 1391/1391/1472 
f 1391/1391/1472 1389/1389/1470 1392/1392/1473 
f 1391/1391/1472 1392/1392/1473 1393/1393/1474 
f 1393/1393/1474 1392/1392/1473 1394/1394/1475 
f 1393/1393/1474 1394/1394/1475 1395/1395/1476 
f 1395/1395/1476 1394/1394/1475 1396/1396/1477 
f 1395/1395/1476 1396/1396/1477 1397/1397/1478 
f 1397/1397/1478 1396/1396/1477 1398/1398/1479 
f 1397/1397/1478 1398/1398/1479 1399/1399/1480 
f 1386/1386/1467 1387/1387/1468 1400/1400/1481 
f 1400/1400/1481 1387/1387/1468 1390/1390/1471 
f 1400/1400/1481 1390/1390/1471 1401/1401/1482 
f 1401/1401/1482 1390/1390/1471 1402/1402/1483 
f 1402/1402/1483 1390/1390/1471 1391/1391/1472 
f 1402/1402/1483 1391/1391/1472 1403/1403/1484 
f 1403/1403/1484 1391/1391/1472 1393/1393/1474 
f 1403/1403/1484 1404/1404/1485 1405/1405/1486 
f 1403/1403/1484 1393/1393/1474 1404/1404/1485 
f 1404/1404/1485 1393/1393/1474 1395/1395/1476 
f 1404/1404/1485 1406/1406/1487 1407/1407/1488 
f 1404/1404/1485 1395/1395/1476 1406/1406/1487 
f 1406/1406/1487 1395/1395/1476 1397/1397/1478 
f 1406/1406/1487 1408/1408/1489 1409/1409/1490 
f 1406/1406/1487 1397/1397/1478 1408/1408/1489 
f 1408/1408/1489 1397/1397/1478 1399/1399/1480 
f 1408/1408/1489 1410/1410/1491 1411/1411/1492 
f 1408/1408/1489 1399/1399/1480 1410/1410/1491 
f 1412/1412/1493 1413/1413/1494 1414/1414/1495 
f 1412/1412/1493 1415/1415/1496 1413/1413/1494 
f 1413/1413/1494 1415/1415/1496 1416/1416/1497 
f 1416/1416/1497 1415/1415/1496 1417/1417/1498 
f 1416/1416/1497 1417/1417/1498 1418/1418/1499 
f 1418/1418/1499 1417/1417/1498 1419/1419/1500 
f 1418/1418/1499 1419/1419/1500 1410/1410/1491 
f 1410/1410/1491 1419/1419/1500 1411/1411/1492 
f 1408/1408/1489 1411/1411/1492 1409/1409/1490 
f 1406/1406/1487 1409/1409/1490 1407/1407/1488 
f 1404/1404/1485 1407/1407/1488 1405/1405/1486 
f 1420/1420/1501 1419/1419/1502 1421/1421/1503 
f 1421/1421/1503 1419/1419/1502 1417/1417/1504 
f 1421/1421/1503 1417/1417/1504 1422/1422/1505 
f 1422/1422/1505 1417/1417/1504 1415/1415/1506 
f 1422/1422/1505 1415/1415/1506 1423/1423/1507 
f 1423/1423/1507 1415/1415/1506 1412/1412/1508 
f 1423/1423/1507 1412/1412/1508 1424/1424/1509 
f 1423/1423/1507 1424/1424/1509 1425/1425/1510 
f 1425/1425/1510 1424/1424/1509 1426/1426/1511 
f 1425/1425/1510 1426/1426/1511 1427/1427/1512 
f 1427/1427/1512 1426/1426/1511 1428/1428/1513 
f 1428/1428/1513 1426/1426/1511 1429/1429/1514 
f 1428/1428/1513 1429/1429/1514 1430/1430/1515 
f 1428/1428/1513 1430/1430/1515 1431/1431/1516 
f 1412/1412/1493 1414/1414/1495 1432/1432/1517 
f 1412/1412/1493 1432/1432/1517 1424/1424/1518 
f 1424/1424/1518 1432/1432/1517 1433/1433/1519 
f 1424/1424/1518 1433/1433/1519 1426/1426/1520 
f 1426/1426/1520 1433/1433/1519 1429/1429/1521 
f 1429/1429/1521 1433/1433/1519 1434/1434/1522 
f 1429/1429/1521 1434/1434/1522 1430/1430/1523 
f 1430/1430/1523 1434/1434/1522 1435/1435/1524 
f 1430/1430/1523 1435/1435/1524 1436/1436/1525 
f 1436/1436/1525 1435/1435/1524 1437/1437/1526 
f 1436/1436/1525 1437/1437/1526 1438/1438/1527 
f 1438/1438/1527 1437/1437/1526 1439/1439/1528 
f 1438/1438/1527 1439/1439/1528 1440/1440/1529 
f 1430/1430/1515 1436/1436/1530 1431/1431/1516 
f 1431/1431/1516 1436/1436/1530 1441/1441/1531 
f 1441/1441/1531 1436/1436/1530 1438/1438/1532 
f 1441/1441/1531 1438/1438/1532 1440/1440/1533 
f 1441/1441/1531 1440/1440/1533 1442/1442/1534 
f 1442/1442/1534 1440/1440/1533 1443/1443/1535 
f 1442/1442/1534 1443/1443/1535 1444/1444/1536 
f 1442/1442/1534 1444/1444/1536 1445/1445/1537 
f 1445/1445/1537 1444/1444/1536 1446/1446/1538 
f 1445/1445/1537 1446/1446/1538 1447/1447/1539 
f 1445/1445/1537 1447/1447/1539 1448/1448/1540 
f 1448/1448/1541 1447/1447/1541 1449/1449/1542 
f 1448/1448/1543 1449/1449/1544 1450/1450/1545 
f 1450/1450/1545 1449/1449/1544 1451/1451/1546 
f 360/360/395 358/358/393 357/357/392 
f 353/353/388 358/358/393 354/354/389 
f 352/352/387 354/354/389 1449/1449/1547 
f 352/352/387 1449/1449/1547 1447/1447/1548 
f 352/352/387 1447/1447/1548 1446/1446/1549 
f 352/352/387 1446/1446/1549 1444/1444/1550 
f 352/352/387 1452/1452/1551 355/355/390 
f 352/352/387 1444/1444/1550 1452/1452/1551 
f 1452/1452/1551 1453/1453/1552 1454/1454/1553 
f 1452/1452/1551 1444/1444/1550 1453/1453/1552 
f 1453/1453/1552 1444/1444/1550 1443/1443/1554 
f 1453/1453/1552 1455/1455/1555 1456/1456/1556 
f 1453/1453/1552 1443/1443/1554 1455/1455/1555 
f 1455/1455/1555 1443/1443/1554 1440/1440/1529 
f 1455/1455/1555 1439/1439/1528 1457/1457/1557 
f 1455/1455/1555 1440/1440/1529 1439/1439/1528 
f 1449/1449/1544 354/354/1558 1451/1451/1546 
f 1451/1451/1546 354/354/1558 1458/1458/1559 
f 1458/1458/1559 354/354/1558 358/358/1560 
f 1458/1458/1559 358/358/1560 1459/1459/1561 
f 1459/1459/1561 358/358/1560 360/360/1562 
f 1459/1459/1561 360/360/1562 1460/1460/1563 
f 1460/1460/1563 360/360/1562 362/362/1564 
f 1460/1460/1563 362/362/1564 1461/1461/1565 
f 1461/1461/1565 362/362/1564 365/365/1566 
f 1461/1461/1565 365/365/1566 1462/1462/1567 
f 1462/1462/1567 365/365/1566 374/374/1568 
f 1462/1462/1567 374/374/1568 1463/1463/1569 
f 1463/1463/1569 374/374/1568 373/373/1570 
f 1463/1463/1569 373/373/1570 1464/1464/1571 
f 373/373/1570 559/559/609 1464/1464/1571 
f 1464/1464/1571 559/559/609 574/574/611 
f 857/857/911 866/866/920 1465/1465/1572 
f 857/857/911 860/860/914 866/866/920 
f 858/858/912 1465/1465/1572 876/876/930 
f 876/876/930 1465/1465/1572 885/885/939 
f 885/885/939 1465/1465/1572 1466/1466/1573 
f 885/885/939 1466/1466/1573 903/903/957 
f 903/903/957 1466/1466/1573 1467/1467/1574 
f 903/903/957 1467/1467/1574 853/853/907 
f 853/853/907 1467/1467/1574 851/851/905 
f 851/851/905 1467/1467/1574 854/854/908 
f 854/854/908 1467/1467/1574 1466/1466/1573 
f 854/854/908 1466/1466/1573 866/866/920 
f 866/866/920 1466/1466/1573 1465/1465/1572 
f 857/857/911 1465/1465/1572 858/858/912 
f 647/647/685 640/640/678 1468/1468/1575 
f 647/647/685 638/638/676 640/640/678 
f 1469/1469/1576 626/626/664 1470/1470/1577 
f 1469/1469/1576 1471/1471/1578 626/626/664 
f 626/626/664 1471/1471/1578 627/627/665 
f 627/627/665 1471/1471/1578 1472/1472/1579 
f 627/627/665 1472/1472/1579 630/630/668 
f 630/630/668 1472/1472/1579 643/643/681 
f 641/641/679 643/643/681 1473/1473/1580 
f 641/641/679 1473/1473/1580 1474/1474/1581 
f 641/641/679 1474/1474/1581 642/642/680 
f 640/640/678 642/642/680 1468/1468/1575 
f 647/647/685 1468/1468/1575 648/648/686 
f 601/601/639 1475/1475/1582 612/612/650 
f 612/612/650 1475/1475/1582 624/624/662 
f 624/624/662 1475/1475/1582 1476/1476/1583 
f 624/624/662 1476/1476/1583 626/626/664 
f 626/626/664 1476/1476/1583 1470/1470/1577 
f 1469/1469/1576 1470/1470/1577 1477/1477/1584 
f 1469/1469/1576 1477/1477/1584 1478/1478/1585 
f 1469/1469/1576 1478/1478/1585 1479/1479/1586 
f 1469/1469/1576 1479/1479/1586 1471/1471/1578 
f 1471/1471/1578 1479/1479/1586 1480/1480/1587 
f 1471/1471/1578 1480/1480/1587 1472/1472/1579 
f 1472/1472/1579 1480/1480/1587 1481/1481/1588 
f 1472/1472/1579 1481/1481/1588 643/643/681 
f 601/601/639 602/602/640 1475/1475/1582 
f 1475/1475/1582 602/602/640 927/927/981 
f 1475/1475/1582 927/927/981 1476/1476/1583 
f 1476/1476/1583 927/927/981 926/926/980 
f 1476/1476/1583 926/926/980 1470/1470/1577 
f 1470/1470/1577 926/926/980 909/909/963 
f 1470/1470/1577 909/909/963 1477/1477/1584 
f 1477/1477/1584 909/909/963 1482/1482/1589 
f 1482/1482/1589 909/909/963 907/907/961 
f 1482/1482/1589 907/907/961 1483/1483/1590 
f 1483/1483/1590 907/907/961 905/905/959 
f 1483/1483/1590 905/905/959 1484/1484/1591 
f 1484/1484/1591 905/905/959 829/829/883 
f 1484/1484/1591 829/829/883 831/831/885 
f 1478/1478/1585 1485/1485/1592 1486/1486/1593 
f 1478/1478/1585 1477/1477/1584 1485/1485/1592 
f 1485/1485/1592 1477/1477/1584 1482/1482/1589 
f 1485/1485/1592 1487/1487/1594 1488/1488/1595 
f 1485/1485/1592 1482/1482/1589 1487/1487/1594 
f 1487/1487/1594 1482/1482/1589 1483/1483/1590 
f 1487/1487/1594 1489/1489/1596 1490/1490/1597 
f 1487/1487/1594 1483/1483/1590 1489/1489/1596 
f 1489/1489/1596 1483/1483/1590 1484/1484/1591 
f 1489/1489/1596 1491/1491/1598 1492/1492/1599 
f 1489/1489/1596 1484/1484/1591 1491/1491/1598 
f 1491/1491/1598 1484/1484/1591 831/831/885 
f 1491/1491/1598 1493/1493/1600 1494/1494/1601 
f 1491/1491/1598 831/831/885 1493/1493/1600 
f 1493/1493/1600 831/831/885 832/832/886 
f 1493/1493/1600 1495/1495/1602 1496/1496/1603 
f 1493/1493/1600 832/832/886 1495/1495/1602 
f 1495/1495/1602 832/832/886 828/828/882 
f 1495/1495/1602 827/827/881 1497/1497/1604 
f 1495/1495/1602 828/828/882 827/827/881 
f 1497/1497/1604 1496/1496/1603 1495/1495/1602 
f 1493/1493/1600 1496/1496/1603 1494/1494/1601 
f 1491/1491/1598 1494/1494/1601 1492/1492/1599 
f 1489/1489/1596 1492/1492/1599 1490/1490/1597 
f 1487/1487/1594 1490/1490/1597 1488/1488/1595 
f 1485/1485/1592 1488/1488/1595 1486/1486/1593 
f 1478/1478/1585 1486/1486/1593 1498/1498/1605 
f 1478/1478/1585 1498/1498/1605 1479/1479/1586 
f 1499/1499/1606 1500/1500/1607 1501/1501/1608 
f 1501/1501/1608 1500/1500/1607 1498/1498/1609 
f 1501/1501/1608 1498/1498/1609 1502/1502/1610 
f 1502/1502/1610 1498/1498/1609 1486/1486/1611 
f 1502/1502/1610 1486/1486/1611 1503/1503/1612 
f 1503/1503/1612 1486/1486/1611 1488/1488/1613 
f 1503/1503/1612 1488/1488/1613 1504/1504/1614 
f 1504/1504/1614 1488/1488/1613 1490/1490/1615 
f 1504/1504/1614 1490/1490/1615 1505/1505/1616 
f 1505/1505/1616 1490/1490/1615 1492/1492/1617 
f 1505/1505/1616 1492/1492/1617 1506/1506/1618 
f 1506/1506/1618 1492/1492/1617 1494/1494/1619 
f 1506/1506/1618 1494/1494/1619 1507/1507/1620 
f 1507/1507/1620 1494/1494/1619 1496/1496/1621 
f 1507/1507/1620 1496/1496/1621 1508/1508/1622 
f 1508/1508/1622 1496/1496/1621 1497/1497/1623 
f 1508/1508/1622 1497/1497/1623 1509/1509/1624 
f 1508/1508/1622 1509/1509/1624 1510/1510/1625 
f 1510/1510/1625 1509/1509/1624 1511/1511/1626 
f 1511/1511/1626 1509/1509/1624 1512/1512/1627 
f 1511/1511/1626 1512/1512/1627 1513/1513/1628 
f 1511/1511/1626 1513/1513/1628 1514/1514/1629 
f 1514/1514/1629 1513/1513/1628 1515/1515/1630 
f 1514/1514/1629 1515/1515/1630 1516/1516/1631 
f 1516/1516/1631 1515/1515/1630 1517/1517/1632 
f 1516/1516/1631 1517/1517/1632 1518/1518/1633 
f 1518/1518/1633 1517/1517/1632 1519/1519/1634 
f 1518/1518/1633 1519/1519/1634 1520/1520/1635 
f 1521/1521/1636 1522/1522/1637 1523/1523/1638 
f 1521/1521/1636 1519/1519/1639 1522/1522/1637 
f 1522/1522/1637 1519/1519/1639 1517/1517/1640 
f 1522/1522/1637 1524/1524/1641 1525/1525/1642 
f 1522/1522/1637 1517/1517/1640 1524/1524/1641 
f 1524/1524/1641 1517/1517/1640 1515/1515/1643 
f 1524/1524/1641 1526/1526/1644 1527/1527/1645 
f 1524/1524/1641 1515/1515/1643 1526/1526/1644 
f 1526/1526/1644 1515/1515/1643 1513/1513/1646 
f 1526/1526/1644 1528/1528/1647 1529/1529/1648 
f 1526/1526/1644 1513/1513/1646 1528/1528/1647 
f 1528/1528/1647 1513/1513/1646 1512/1512/1649 
f 1528/1528/1647 810/810/864 808/808/862 
f 1528/1528/1647 1512/1512/1649 810/810/864 
f 810/810/864 1512/1512/1649 1509/1509/1650 
f 810/810/864 1509/1509/1650 811/811/865 
f 811/811/865 1509/1509/1650 827/827/881 
f 827/827/881 1509/1509/1650 1497/1497/1604 
f 1528/1528/1647 808/808/862 1529/1529/1648 
f 1526/1526/1644 1529/1529/1648 1527/1527/1645 
f 1524/1524/1641 1527/1527/1645 1525/1525/1642 
f 1522/1522/1637 1525/1525/1642 1523/1523/1638 
f 1521/1521/1636 1523/1523/1638 1530/1530/1651 
f 1521/1521/1636 1531/1531/1652 1532/1532/1653 
f 1521/1521/1636 1530/1530/1651 1531/1531/1652 
f 1531/1531/1652 1530/1530/1651 1533/1533/1654 
f 1531/1531/1652 1534/1534/1655 1535/1535/1656 
f 1531/1531/1652 1533/1533/1654 1534/1534/1655 
f 1534/1534/1655 1533/1533/1654 1536/1536/1657 
f 808/808/862 802/802/856 1529/1529/1648 
f 1529/1529/1648 802/802/856 788/788/842 
f 1529/1529/1648 788/788/842 1527/1527/1645 
f 1527/1527/1645 788/788/842 787/787/841 
f 1527/1527/1645 787/787/841 1525/1525/1642 
f 1525/1525/1642 787/787/841 1537/1537/1658 
f 1525/1525/1642 1537/1537/1658 1523/1523/1638 
f 1523/1523/1638 1537/1537/1658 1538/1538/1659 
f 1523/1523/1638 1538/1538/1659 1530/1530/1651 
f 1530/1530/1651 1538/1538/1659 1539/1539/1660 
f 1530/1530/1651 1539/1539/1660 1533/1533/1654 
f 1533/1533/1654 1539/1539/1660 1540/1540/1661 
f 1533/1533/1654 1540/1540/1661 1536/1536/1657 
f 1536/1536/1657 1541/1541/1662 1542/1542/1663 
f 1536/1536/1657 1540/1540/1661 1541/1541/1662 
f 772/772/826 775/775/829 787/787/841 
f 787/787/841 775/775/829 1537/1537/1658 
f 1537/1537/1658 775/775/829 1543/1543/1664 
f 1537/1537/1658 1543/1543/1664 1538/1538/1659 
f 1538/1538/1659 1543/1543/1664 1544/1544/1665 
f 1538/1538/1659 1544/1544/1665 1539/1539/1660 
f 1539/1539/1660 1544/1544/1665 1545/1545/1666 
f 1539/1539/1660 1545/1545/1666 1546/1546/1667 
f 1539/1539/1660 1546/1546/1667 1540/1540/1661 
f 1540/1540/1661 1546/1546/1667 1547/1547/1668 
f 1540/1540/1661 1547/1547/1668 1541/1541/1662 
f 1541/1541/1662 1547/1547/1668 1548/1548/1669 
f 1541/1541/1662 1548/1548/1669 1549/1549/1670 
f 1541/1541/1662 1550/1550/1671 1542/1542/1663 
f 1541/1541/1662 1549/1549/1670 1550/1550/1671 
f 775/775/829 776/776/830 1543/1543/1664 
f 1543/1543/1664 776/776/830 777/777/831 
f 1543/1543/1664 777/777/831 1544/1544/1665 
f 1544/1544/1665 777/777/831 778/778/832 
f 1544/1544/1665 778/778/832 1545/1545/1666 
f 1545/1545/1666 778/778/832 779/779/833 
f 1545/1545/1666 779/779/833 1551/1551/1672 
f 1545/1545/1666 1551/1551/1672 1546/1546/1667 
f 1546/1546/1667 1551/1551/1672 1552/1552/1673 
f 1546/1546/1667 1552/1552/1673 1547/1547/1668 
f 1547/1547/1668 1552/1552/1673 1553/1553/1674 
f 1547/1547/1668 1553/1553/1674 1548/1548/1669 
f 1548/1548/1669 1553/1553/1674 1554/1554/1675 
f 1548/1548/1669 1555/1555/1676 1549/1549/1670 
f 1548/1548/1669 1554/1554/1675 1555/1555/1676 
f 760/760/814 761/761/815 779/779/833 
f 779/779/833 761/761/815 762/762/816 
f 779/779/833 762/762/816 1551/1551/1672 
f 1551/1551/1672 762/762/816 763/763/817 
f 1551/1551/1672 763/763/817 1552/1552/1673 
f 1552/1552/1673 763/763/817 1556/1556/1677 
f 1552/1552/1673 1556/1556/1677 1553/1553/1674 
f 1553/1553/1674 1556/1556/1677 1557/1557/61 
f 1553/1553/1674 1557/1557/61 1554/1554/1675 
f 1554/1554/1675 1557/1557/61 1558/1558/1678 
f 1554/1554/1675 1558/1558/1678 1559/1559/1679 
f 1554/1554/1675 1559/1559/1679 1555/1555/1676 
f 1555/1555/1676 1559/1559/1679 1560/1560/1680 
f 1555/1555/1676 1561/1561/1681 1549/1549/1670 
f 1555/1555/1676 1560/1560/1680 1561/1561/1681 
f 92/92/99 94/94/101 763/763/817 
f 763/763/817 94/94/101 1556/1556/1677 
f 1556/1556/1677 94/94/101 96/96/103 
f 1556/1556/1677 96/96/103 1557/1557/61 
f 1557/1557/61 96/96/103 98/98/105 
f 1557/1557/61 98/98/105 1558/1558/1678 
f 1558/1558/1678 98/98/105 100/100/107 
f 1558/1558/1678 100/100/107 1562/1562/1682 
f 1558/1558/1678 1562/1562/1682 1559/1559/1679 
f 1563/1563/1683 1560/1560/1680 1564/1564/1684 
f 1564/1564/1684 1560/1560/1680 1565/1565/1685 
f 1565/1565/1685 1560/1560/1680 1559/1559/1679 
f 1565/1565/1685 1559/1559/1679 1562/1562/1682 
f 1565/1565/1685 1562/1562/1682 1566/1566/1686 
f 1566/1566/1686 1562/1562/1682 1567/1567/1687 
f 1567/1567/1687 1562/1562/1682 100/100/107 
f 1567/1567/1687 100/100/107 107/107/114 
f 1567/1567/1687 107/107/114 1568/1568/1688 
f 1568/1568/1688 107/107/114 1569/1569/1689 
f 1569/1569/1689 107/107/114 106/106/113 
f 1569/1569/1689 106/106/113 108/108/115 
f 1569/1569/1689 108/108/115 1570/1570/1690 
f 1570/1570/1690 108/108/115 121/121/128 
f 1571/1571/1691 1572/1572/1692 1573/1573/1693 
f 1571/1571/1691 1574/1574/1694 1572/1572/1692 
f 1572/1572/1692 1575/1575/1695 1576/1576/1696 
f 1572/1572/1692 1574/1574/1694 1575/1575/1695 
f 1575/1575/1695 1574/1574/1694 1563/1563/1683 
f 1575/1575/1695 1563/1563/1683 1564/1564/1684 
f 1575/1575/1695 1577/1577/1697 1576/1576/1696 
f 1575/1575/1695 1564/1564/1684 1577/1577/1697 
f 1577/1577/1697 1564/1564/1684 1578/1578/1698 
f 1578/1578/1698 1564/1564/1684 1565/1565/1685 
f 1578/1578/1698 1565/1565/1685 1579/1579/1699 
f 1579/1579/1699 1565/1565/1685 1566/1566/1686 
f 1579/1579/1699 1566/1566/1686 1580/1580/1700 
f 1580/1580/1700 1566/1566/1686 1581/1581/1701 
f 1581/1581/1701 1566/1566/1686 1567/1567/1687 
f 1581/1581/1701 1567/1567/1687 1568/1568/1688 
f 1581/1581/1701 1568/1568/1688 1582/1582/1702 
f 1583/1583/1703 1577/1577/1697 1584/1584/1704 
f 1584/1584/1704 1577/1577/1697 1578/1578/1698 
f 1584/1584/1704 1578/1578/1698 1585/1585/1705 
f 1585/1585/1705 1578/1578/1698 1579/1579/1699 
f 1585/1585/1705 1579/1579/1699 1586/1586/1706 
f 1586/1586/1706 1579/1579/1699 1580/1580/1700 
f 1586/1586/1706 1580/1580/1700 1587/1587/1707 
f 1587/1587/1707 1580/1580/1700 1581/1581/1701 
f 1587/1587/1707 1581/1581/1701 1582/1582/1702 
f 1587/1587/1707 1582/1582/1702 1588/1588/1708 
f 1588/1588/1708 1582/1582/1702 1589/1589/1709 
f 1589/1589/1709 1582/1582/1702 1590/1590/1710 
f 1589/1589/1709 1590/1590/1710 1591/1591/1711 
f 1589/1589/1709 1591/1591/1711 1592/1592/1712 
f 1593/1593/1713 1586/1586/1706 1594/1594/1714 
f 1594/1594/1714 1586/1586/1706 1587/1587/1707 
f 1594/1594/1714 1587/1587/1707 1595/1595/1715 
f 1595/1595/1715 1587/1587/1707 1588/1588/1708 
f 1595/1595/1715 1588/1588/1708 1596/1596/1716 
f 1596/1596/1716 1588/1588/1708 1589/1589/1709 
f 1596/1596/1716 1589/1589/1709 1597/1597/1717 
f 1597/1597/1717 1589/1589/1709 1592/1592/1712 
f 1597/1597/1717 1592/1592/1712 1598/1598/1718 
f 1598/1598/1718 1592/1592/1712 1599/1599/1719 
f 1598/1598/1718 1599/1599/1719 1600/1600/1720 
f 1600/1600/1720 1599/1599/1719 1601/1601/1721 
f 1600/1600/1720 1601/1601/1721 1602/1602/1722 
f 1602/1602/1722 1601/1601/1721 1603/1603/1723 
f 1604/1604/1724 1593/1593/1725 1605/1605/1726 
f 1605/1605/1726 1593/1593/1725 1594/1594/1727 
f 1605/1605/1726 1594/1594/1727 1606/1606/1728 
f 1606/1606/1728 1594/1594/1727 1595/1595/1729 
f 1606/1606/1728 1595/1595/1729 1607/1607/1730 
f 1607/1607/1730 1595/1595/1729 1596/1596/1731 
f 1607/1607/1730 1596/1596/1731 1608/1608/1732 
f 1608/1608/1732 1596/1596/1731 1597/1597/1717 
f 1608/1608/1732 1597/1597/1717 1609/1609/1733 
f 1609/1609/1733 1597/1597/1717 1610/1610/1734 
f 1610/1610/1734 1597/1597/1717 1598/1598/1718 
f 1610/1610/1734 1598/1598/1718 1611/1611/1735 
f 1611/1611/1735 1598/1598/1718 1600/1600/1720 
f 1611/1611/1735 1600/1600/1720 1612/1612/1736 
f 1612/1612/1736 1600/1600/1720 1613/1613/1737 
f 1613/1613/1737 1600/1600/1720 1602/1602/1738 
f 1613/1613/1737 1602/1602/1738 1614/1614/1739 
f 1614/1614/1739 1602/1602/1738 1615/1615/1740 
f 1614/1614/1739 1615/1615/1740 1616/1616/1741 
f 1616/1616/1741 1615/1615/1740 1617/1617/1742 
f 1616/1616/1741 1617/1617/1742 1618/1618/1743 
f 1618/1618/1743 1617/1617/1742 1619/1619/1744 
f 1618/1618/1743 1619/1619/1744 1620/1620/1745 
f 1620/1620/1745 1619/1619/1744 1621/1621/1746 
f 1621/1621/1746 1619/1619/1744 1622/1622/1747 
f 1621/1621/1746 1622/1622/1747 1623/1623/1748 
f 1623/1623/1748 1622/1622/1747 1624/1624/1749 
f 1623/1623/1748 1624/1624/1749 1625/1625/1750 
f 1602/1602/1722 1603/1603/1723 1615/1615/1751 
f 1615/1615/1751 1603/1603/1723 1626/1626/1752 
f 1615/1615/1751 1626/1626/1752 1617/1617/1753 
f 1617/1617/1753 1626/1626/1752 1627/1627/1754 
f 1617/1617/1753 1627/1627/1754 1619/1619/1755 
f 1619/1619/1755 1627/1627/1754 1628/1628/1756 
f 1619/1619/1755 1628/1628/1756 1622/1622/1757 
f 1622/1622/1757 1628/1628/1756 1624/1624/1758 
f 1624/1624/1758 1628/1628/1756 1629/1629/1759 
f 1629/1629/1759 1628/1628/1756 1630/1630/1760 
f 1630/1630/1760 1628/1628/1756 1631/1631/1761 
f 1630/1630/1760 1631/1631/1761 1632/1632/1762 
f 1630/1630/1760 1632/1632/1762 1633/1633/1763 
f 1633/1633/1763 1632/1632/1762 1634/1634/1764 
f 1624/1624/1749 1629/1629/1765 1625/1625/1750 
f 1625/1625/1750 1629/1629/1765 1635/1635/1766 
f 1635/1635/1766 1629/1629/1765 1630/1630/1767 
f 1635/1635/1766 1630/1630/1767 1633/1633/1768 
f 1635/1635/1766 1633/1633/1768 1636/1636/1769 
f 1636/1636/1769 1633/1633/1768 1637/1637/1770 
f 1636/1636/1769 1637/1637/1770 1638/1638/1771 
f 1638/1638/1771 1637/1637/1770 1639/1639/1772 
f 1638/1638/1771 1639/1639/1772 1640/1640/1773 
f 1640/1640/1773 1639/1639/1772 1641/1641/1774 
f 1640/1640/1773 1641/1641/1774 1642/1642/1775 
f 1642/1642/1775 1641/1641/1774 1643/1643/1776 
f 1642/1642/1775 1643/1643/1776 1644/1644/1777 
f 1644/1644/1777 1643/1643/1776 1645/1645/1778 
f 1633/1633/1763 1634/1634/1764 1637/1637/1779 
f 1637/1637/1779 1634/1634/1764 1646/1646/1780 
f 1637/1637/1779 1646/1646/1780 1639/1639/1781 
f 1639/1639/1781 1646/1646/1780 1647/1647/1782 
f 1639/1639/1781 1647/1647/1782 1641/1641/1783 
f 1641/1641/1783 1647/1647/1782 1648/1648/1784 
f 1641/1641/1783 1648/1648/1784 1643/1643/1785 
f 1643/1643/1785 1648/1648/1784 1649/1649/1786 
f 1643/1643/1785 1649/1649/1786 1645/1645/1787 
f 1645/1645/1787 1649/1649/1786 1650/1650/1788 
f 1645/1645/1787 1650/1650/1788 1651/1651/1789 
f 1651/1651/1789 1650/1650/1788 1652/1652/1790 
f 1651/1651/1789 1652/1652/1790 1653/1653/1791 
f 1653/1653/1791 1652/1652/1790 1654/1654/1792 
f 1644/1644/1777 1645/1645/1778 1655/1655/1793 
f 1655/1655/1793 1645/1645/1778 1651/1651/1794 
f 1655/1655/1793 1651/1651/1794 1656/1656/1795 
f 1656/1656/1795 1651/1651/1794 1653/1653/1796 
f 1656/1656/1795 1653/1653/1796 1657/1657/1797 
f 1657/1657/1797 1653/1653/1796 1658/1658/1798 
f 1657/1657/1797 1658/1658/1798 1659/1659/1799 
f 1659/1659/1799 1658/1658/1798 1660/1660/1800 
f 1659/1659/1799 1660/1660/1800 1661/1661/1801 
f 1661/1661/1801 1660/1660/1800 1662/1662/1802 
f 1661/1661/1801 1662/1662/1802 1663/1663/1803 
f 1663/1663/1803 1662/1662/1802 1352/1352/1427 
f 1663/1663/1803 1352/1352/1427 1351/1351/1426 
f 1653/1653/1791 1654/1654/1792 1658/1658/1804 
f 1658/1658/1804 1654/1654/1792 1664/1664/1805 
f 1658/1658/1804 1664/1664/1805 1660/1660/1806 
f 1660/1660/1806 1664/1664/1805 1665/1665/1807 
f 1660/1660/1806 1665/1665/1807 1662/1662/1808 
f 1662/1662/1808 1665/1665/1807 1666/1666/1809 
f 1662/1662/1808 1666/1666/1809 1352/1352/1810 
f 1352/1352/1810 1666/1666/1809 1325/1325/1389 
f 1352/1352/1810 1325/1325/1389 1349/1349/1421 
f 1333/1333/1400 1325/1325/1389 1324/1324/1388 
f 1333/1333/1400 1324/1324/1388 1326/1326/1390 
f 1317/1317/1381 1325/1325/1389 1666/1666/1809 
f 1317/1317/1381 1666/1666/1809 1312/1312/1376 
f 1312/1312/1376 1666/1666/1809 1665/1665/1807 
f 1312/1312/1376 1665/1665/1807 1310/1310/1374 
f 1310/1310/1374 1665/1665/1807 1664/1664/1805 
f 1310/1310/1374 1664/1664/1805 1308/1308/1372 
f 1308/1308/1372 1664/1664/1805 1654/1654/1792 
f 1308/1308/1372 1654/1654/1792 1306/1306/1370 
f 1306/1306/1370 1654/1654/1792 1652/1652/1790 
f 1306/1306/1370 1652/1652/1790 1667/1667/1811 
f 1667/1667/1811 1652/1652/1790 1650/1650/1788 
f 1667/1667/1811 1650/1650/1788 1668/1668/1812 
f 1668/1668/1812 1650/1650/1788 1649/1649/1786 
f 1311/1311/1375 1317/1317/1381 1312/1312/1376 
f 1309/1309/1373 1312/1312/1376 1310/1310/1374 
f 1307/1307/1371 1310/1310/1374 1308/1308/1372 
f 1305/1305/1369 1308/1308/1372 1306/1306/1370 
f 1304/1304/1368 1306/1306/1370 1667/1667/1811 
f 1304/1304/1368 1669/1669/1813 1670/1670/1814 
f 1304/1304/1368 1667/1667/1811 1669/1669/1813 
f 1669/1669/1813 1667/1667/1811 1668/1668/1812 
f 1669/1669/1813 1671/1671/1815 1672/1672/1816 
f 1669/1669/1813 1668/1668/1812 1671/1671/1815 
f 1671/1671/1815 1673/1673/1817 1674/1674/1818 
f 1671/1671/1815 1668/1668/1812 1673/1673/1817 
f 1668/1668/1812 1649/1649/1786 1673/1673/1817 
f 1673/1673/1817 1649/1649/1786 1648/1648/1784 
f 1673/1673/1817 1675/1675/1819 1674/1674/1818 
f 1673/1673/1817 1648/1648/1784 1675/1675/1819 
f 1675/1675/1819 1648/1648/1784 1647/1647/1782 
f 1675/1675/1819 1676/1676/1820 1677/1677/1821 
f 1675/1675/1819 1647/1647/1782 1676/1676/1820 
f 1676/1676/1820 1647/1647/1782 1646/1646/1780 
f 1676/1676/1820 1646/1646/1780 1634/1634/1764 
f 1676/1676/1820 1678/1678/1822 1679/1679/1823 
f 1676/1676/1820 1634/1634/1764 1678/1678/1822 
f 1678/1678/1822 1634/1634/1764 1632/1632/1762 
f 1678/1678/1822 1680/1680/1824 1679/1679/1823 
f 1678/1678/1822 1632/1632/1762 1680/1680/1824 
f 1680/1680/1824 1632/1632/1762 1631/1631/1761 
f 1680/1680/1824 1681/1681/1825 1682/1682/1826 
f 1680/1680/1824 1631/1631/1761 1681/1681/1825 
f 1681/1681/1825 1631/1631/1761 1628/1628/1756 
f 1681/1681/1825 1683/1683/1827 1682/1682/1826 
f 1681/1681/1825 1628/1628/1756 1683/1683/1827 
f 1684/1684/1828 130/130/137 1685/1685/1829 
f 1685/1685/1829 130/130/137 131/131/138 
f 1685/1685/1829 131/131/138 1683/1683/1827 
f 1683/1683/1827 131/131/138 1682/1682/1826 
f 1680/1680/1824 1682/1682/1826 1679/1679/1823 
f 1676/1676/1820 1679/1679/1823 1677/1677/1821 
f 1675/1675/1819 1677/1677/1821 1674/1674/1818 
f 131/131/138 132/132/139 1682/1682/1826 
f 1682/1682/1826 132/132/139 1686/1686/1830 
f 1682/1682/1826 1686/1686/1830 1679/1679/1823 
f 1679/1679/1823 1686/1686/1830 1687/1687/1831 
f 1679/1679/1823 1687/1687/1831 1677/1677/1821 
f 1677/1677/1821 1687/1687/1831 1688/1688/1832 
f 1677/1677/1821 1688/1688/1832 1674/1674/1818 
f 1674/1674/1818 1688/1688/1832 1689/1689/1833 
f 1674/1674/1818 1689/1689/1833 1671/1671/1815 
f 1671/1671/1815 1689/1689/1833 1672/1672/1816 
f 1669/1669/1813 1672/1672/1816 1670/1670/1814 
f 1304/1304/1368 1670/1670/1814 1299/1299/1363 
f 132/132/139 134/134/141 1686/1686/1830 
f 1686/1686/1830 134/134/141 1286/1286/1350 
f 1686/1686/1830 1286/1286/1350 1687/1687/1831 
f 1687/1687/1831 1286/1286/1350 1288/1288/1352 
f 1687/1687/1831 1288/1288/1352 1688/1688/1832 
f 1688/1688/1832 1288/1288/1352 1292/1292/1356 
f 1688/1688/1832 1292/1292/1356 1689/1689/1833 
f 1689/1689/1833 1292/1292/1356 1293/1293/1357 
f 1689/1689/1833 1293/1293/1357 1672/1672/1816 
f 1672/1672/1816 1293/1293/1357 1294/1294/1358 
f 1672/1672/1816 1294/1294/1358 1670/1670/1814 
f 1670/1670/1814 1294/1294/1358 1295/1295/1359 
f 1670/1670/1814 1295/1295/1359 1299/1299/1363 
f 1285/1285/1349 1288/1288/1352 1286/1286/1350 
f 1284/1284/1348 1286/1286/1350 134/134/141 
f 1690/1690/1834 1691/1691/1835 1692/1692/1836 
f 1690/1690/1834 1693/1693/1837 1691/1691/1835 
f 1694/1694/1838 1695/1695/1839 1696/1696/1840 
f 1696/1696/1840 1695/1695/1839 1697/1697/1841 
f 1696/1696/1840 1697/1697/1841 1698/1698/1842 
f 1698/1698/1842 1697/1697/1841 1699/1699/1843 
f 1698/1698/1842 1699/1699/1843 1700/1700/1844 
f 1700/1700/1844 1699/1699/1843 1691/1691/1845 
f 1700/1700/1844 1691/1691/1845 1701/1701/1846 
f 1701/1701/1846 1691/1691/1845 1693/1693/1847 
f 1701/1701/1846 1693/1693/1847 1702/1702/1848 
f 1702/1702/1848 1693/1693/1847 1703/1703/1849 
f 1702/1702/1848 1703/1703/1849 1704/1704/1850 
f 1704/1704/1850 1703/1703/1849 1705/1705/1851 
f 1704/1704/1850 1705/1705/1851 1706/1706/1852 
f 1706/1706/1852 1707/1707/1853 1708/1708/1854 
f 1706/1706/1852 1705/1705/1851 1707/1707/1853 
f 1699/1699/1855 1709/1709/1856 1692/1692/1836 
f 1699/1699/1855 1697/1697/1857 1709/1709/1856 
f 1709/1709/1856 1697/1697/1857 1695/1695/1858 
f 1709/1709/1856 1695/1695/1858 1710/1710/1859 
f 1709/1709/1856 1710/1710/1859 1711/1711/1860 
f 1709/1709/1856 1711/1711/1860 1692/1692/1836 
f 1692/1692/1836 1711/1711/1860 1712/1712/1861 
f 1712/1712/1861 1711/1711/1860 1713/1713/1862 
f 1712/1712/1861 1713/1713/1862 1714/1714/1863 
f 1712/1712/1861 1714/1714/1863 1715/1715/1864 
f 1715/1715/1864 1714/1714/1863 1716/1716/1865 
f 1715/1715/1864 1716/1716/1865 1717/1717/1866 
f 1717/1717/1866 1716/1716/1865 1718/1718/1867 
f 1717/1717/1866 1718/1718/1867 1203/1203/1267 
f 1203/1203/1267 1718/1718/1867 1204/1204/1268 
f 1699/1699/1855 1692/1692/1836 1691/1691/1835 
f 1690/1690/1834 1692/1692/1836 1712/1712/1861 
f 1690/1690/1834 1712/1712/1861 1715/1715/1864 
f 1690/1690/1834 1719/1719/1868 1720/1720/1869 
f 1690/1690/1834 1715/1715/1864 1719/1719/1868 
f 1719/1719/1868 1721/1721/1870 1722/1722/1871 
f 1719/1719/1868 1715/1715/1864 1721/1721/1870 
f 1721/1721/1870 1715/1715/1864 1717/1717/1866 
f 1721/1721/1870 1723/1723/1872 1724/1724/1873 
f 1721/1721/1870 1717/1717/1866 1723/1723/1872 
f 1723/1723/1872 1717/1717/1866 1203/1203/1267 
f 1723/1723/1872 1203/1203/1267 1190/1190/1254 
f 1723/1723/1872 1725/1725/1874 1724/1724/1873 
f 1723/1723/1872 1190/1190/1254 1725/1725/1874 
f 1725/1725/1874 1189/1189/1253 1726/1726/1875 
f 1725/1725/1874 1190/1190/1254 1189/1189/1253 
f 1176/1176/1240 1727/1727/1876 1177/1177/1241 
f 1177/1177/1241 1727/1727/1876 1728/1728/1877 
f 1177/1177/1241 1728/1728/1877 1184/1184/1248 
f 1184/1184/1248 1728/1728/1877 1729/1729/1878 
f 1184/1184/1248 1729/1729/1878 1186/1186/1250 
f 1186/1186/1250 1729/1729/1878 1189/1189/1253 
f 1189/1189/1253 1729/1729/1878 1726/1726/1875 
f 1725/1725/1874 1726/1726/1875 1730/1730/1879 
f 1725/1725/1874 1730/1730/1879 1724/1724/1873 
f 1721/1721/1870 1724/1724/1873 1722/1722/1871 
f 1731/1731/1880 1732/1732/1881 1733/1733/1882 
f 1731/1731/1880 1730/1730/1879 1732/1732/1881 
f 1732/1732/1881 1730/1730/1879 1726/1726/1875 
f 1732/1732/1881 1734/1734/1883 1735/1735/1884 
f 1732/1732/1881 1726/1726/1875 1734/1734/1883 
f 1734/1734/1883 1726/1726/1875 1729/1729/1878 
f 1734/1734/1883 1729/1729/1878 1728/1728/1877 
f 1734/1734/1883 1736/1736/1885 1735/1735/1884 
f 1734/1734/1883 1728/1728/1877 1736/1736/1885 
f 1736/1736/1885 1728/1728/1877 1727/1727/1876 
f 1736/1736/1885 1737/1737/1886 1738/1738/1887 
f 1736/1736/1885 1727/1727/1876 1737/1737/1886 
f 1737/1737/1886 1739/1739/1888 1740/1740/1889 
f 1737/1737/1886 1727/1727/1876 1739/1739/1888 
f 1739/1739/1888 1727/1727/1876 1176/1176/1240 
f 1739/1739/1888 1741/1741/1890 1742/1742/1891 
f 1739/1739/1888 1176/1176/1240 1741/1741/1890 
f 1741/1741/1890 1176/1176/1240 1166/1166/1230 
f 1741/1741/1890 1165/1165/1229 1743/1743/1892 
f 1741/1741/1890 1166/1166/1230 1165/1165/1229 
f 1744/1744/1893 1743/1743/1892 1165/1165/1229 
f 1741/1741/1890 1743/1743/1892 1742/1742/1891 
f 1739/1739/1888 1742/1742/1891 1740/1740/1889 
f 1737/1737/1886 1740/1740/1889 1745/1745/1894 
f 1737/1737/1886 1745/1745/1894 1738/1738/1887 
f 1736/1736/1885 1738/1738/1887 1735/1735/1884 
f 1732/1732/1881 1735/1735/1884 1733/1733/1882 
f 1742/1742/1891 1746/1746/1895 1740/1740/1889 
f 1740/1740/1889 1746/1746/1895 1747/1747/1896 
f 1740/1740/1889 1747/1747/1896 1745/1745/1894 
f 1745/1745/1894 1747/1747/1896 1748/1748/1897 
f 1745/1745/1894 1748/1748/1897 1738/1738/1887 
f 1738/1738/1887 1748/1748/1897 1749/1749/1898 
f 1738/1738/1887 1749/1749/1898 1735/1735/1884 
f 1735/1735/1884 1749/1749/1898 1733/1733/1882 
f 1733/1733/1882 1749/1749/1898 1750/1750/1899 
f 1733/1733/1882 1750/1750/1899 1751/1751/1900 
f 1751/1751/1900 1750/1750/1899 1752/1752/1901 
f 1751/1751/1900 1752/1752/1901 1753/1753/1902 
f 1751/1751/1900 1753/1753/1902 1754/1754/1903 
f 1754/1754/1903 1755/1755/1904 1756/1756/1905 
f 1754/1754/1903 1753/1753/1902 1755/1755/1904 
f 1757/1757/1906 1750/1750/1899 1758/1758/1907 
f 1758/1758/1907 1750/1750/1899 1749/1749/1898 
f 1758/1758/1907 1749/1749/1898 1748/1748/1897 
f 1758/1758/1907 1748/1748/1897 1759/1759/1908 
f 1759/1759/1908 1748/1748/1897 1747/1747/1896 
f 1759/1759/1908 1747/1747/1896 1760/1760/1909 
f 1760/1760/1909 1747/1747/1896 1746/1746/1895 
f 1760/1760/1909 1746/1746/1895 1761/1761/1910 
f 1761/1761/1910 1746/1746/1895 1762/1762/1911 
f 1761/1761/1910 1762/1762/1911 1763/1763/1912 
f 1763/1763/1912 1762/1762/1911 1764/1764/1913 
f 1763/1763/1912 1764/1764/1913 1765/1765/1914 
f 1765/1765/1914 1764/1764/1913 1766/1766/1915 
f 1765/1765/1914 1766/1766/1915 1767/1767/1916 
f 1757/1757/1906 1768/1768/1917 1769/1769/1918 
f 1757/1757/1906 1758/1758/1907 1768/1768/1917 
f 1768/1768/1917 1758/1758/1907 1759/1759/1908 
f 1768/1768/1917 1770/1770/1919 1771/1771/1920 
f 1768/1768/1917 1759/1759/1908 1770/1770/1919 
f 1770/1770/1919 1759/1759/1908 1760/1760/1909 
f 1770/1770/1919 1760/1760/1909 1772/1772/1921 
f 1772/1772/1921 1760/1760/1909 1761/1761/1910 
f 1772/1772/1921 1761/1761/1910 1773/1773/1922 
f 1773/1773/1922 1761/1761/1910 1763/1763/1912 
f 1773/1773/1922 1763/1763/1912 1774/1774/1923 
f 1774/1774/1923 1763/1763/1912 1765/1765/1914 
f 1774/1774/1923 1765/1765/1914 1775/1775/1924 
f 1775/1775/1924 1765/1765/1914 1767/1767/1916 
f 1775/1775/1924 1767/1767/1916 1776/1776/1925 
f 1776/1776/1925 1767/1767/1916 1777/1777/1926 
f 1771/1771/1920 1770/1770/1919 1778/1778/1927 
f 1778/1778/1927 1770/1770/1919 1772/1772/1921 
f 1778/1778/1927 1772/1772/1921 1779/1779/1928 
f 1779/1779/1928 1772/1772/1921 1773/1773/1922 
f 1779/1779/1928 1773/1773/1922 1780/1780/1929 
f 1780/1780/1929 1773/1773/1922 1774/1774/1923 
f 1780/1780/1929 1774/1774/1923 1781/1781/1930 
f 1781/1781/1930 1774/1774/1923 1775/1775/1924 
f 1781/1781/1930 1775/1775/1924 1782/1782/1931 
f 1782/1782/1931 1775/1775/1924 1776/1776/1925 
f 1782/1782/1931 1776/1776/1925 1783/1783/1932 
f 1783/1783/1932 1776/1776/1925 1784/1784/1933 
f 1784/1784/1933 1776/1776/1925 1777/1777/1926 
f 1784/1784/1933 1777/1777/1926 1785/1785/1934 
f 1786/1786/1935 1787/1787/1936 841/841/895 
f 1786/1786/1935 1771/1771/1920 1787/1787/1936 
f 1787/1787/1936 1771/1771/1920 1778/1778/1927 
f 1787/1787/1936 1788/1788/1937 839/839/893 
f 1787/1787/1936 1778/1778/1927 1788/1788/1937 
f 1788/1788/1937 1778/1778/1927 1779/1779/1928 
f 1788/1788/1937 1789/1789/1938 837/837/891 
f 1788/1788/1937 1779/1779/1928 1789/1789/1938 
f 1789/1789/1938 1779/1779/1928 1780/1780/1929 
f 1789/1789/1938 1790/1790/1939 1791/1791/1940 
f 1789/1789/1938 1780/1780/1929 1790/1790/1939 
f 1790/1790/1939 1780/1780/1929 1781/1781/1930 
f 1790/1790/1939 1792/1792/1941 1793/1793/1942 
f 1790/1790/1939 1781/1781/1930 1792/1792/1941 
f 1792/1792/1941 1781/1781/1930 1782/1782/1931 
f 1792/1792/1941 1794/1794/1943 1795/1795/1944 
f 1792/1792/1941 1782/1782/1931 1794/1794/1943 
f 1794/1794/1943 1782/1782/1931 1783/1783/1932 
f 1794/1794/1943 1796/1796/1945 1797/1797/1946 
f 1794/1794/1943 1783/1783/1932 1796/1796/1945 
f 1796/1796/1945 1783/1783/1932 1784/1784/1933 
f 1797/1797/1946 1795/1795/1944 1794/1794/1943 
f 1792/1792/1941 1795/1795/1944 1793/1793/1942 
f 1790/1790/1939 1793/1793/1942 1791/1791/1940 
f 1789/1789/1938 1791/1791/1940 837/837/891 
f 1788/1788/1937 837/837/891 839/839/893 
f 1787/1787/1936 839/839/893 841/841/895 
f 1786/1786/1935 841/841/895 843/843/897 
f 1786/1786/1935 843/843/897 1798/1798/1947 
f 845/845/899 843/843/897 842/842/896 
f 840/840/894 843/843/897 841/841/895 
f 838/838/892 841/841/895 839/839/893 
f 836/836/890 839/839/893 837/837/891 
f 835/835/889 837/837/891 1791/1791/1940 
f 835/835/889 1799/1799/1948 818/818/872 
f 835/835/889 1791/1791/1940 1799/1799/1948 
f 1799/1799/1948 1791/1791/1940 1793/1793/1942 
f 1799/1799/1948 1800/1800/1949 816/816/870 
f 1799/1799/1948 1793/1793/1942 1800/1800/1949 
f 1800/1800/1949 1793/1793/1942 1795/1795/1944 
f 1800/1800/1949 1801/1801/1950 814/814/868 
f 1800/1800/1949 1795/1795/1944 1801/1801/1950 
f 1802/1802/1951 1803/1803/1952 1804/1804/1953 
f 1802/1802/1951 1805/1805/1954 1803/1803/1952 
f 1803/1803/1952 1806/1806/1955 1807/1807/1956 
f 1803/1803/1952 1805/1805/1954 1806/1806/1955 
f 1806/1806/1955 1805/1805/1954 1808/1808/1957 
f 1806/1806/1955 1809/1809/1958 1810/1810/1959 
f 1806/1806/1955 1808/1808/1957 1809/1809/1958 
f 1809/1809/1958 1808/1808/1957 1811/1811/1960 
f 1809/1809/1958 1812/1812/1961 1813/1813/1962 
f 1809/1809/1958 1811/1811/1960 1812/1812/1961 
f 1812/1812/1961 1811/1811/1960 1814/1814/1963 
f 1812/1812/1961 1801/1801/1950 1797/1797/1946 
f 1812/1812/1961 1814/1814/1963 1801/1801/1950 
f 1801/1801/1950 1814/1814/1963 814/814/868 
f 1800/1800/1949 814/814/868 816/816/870 
f 1799/1799/1948 816/816/870 818/818/872 
f 820/820/874 818/818/872 817/817/871 
f 815/815/869 818/818/872 816/816/870 
f 813/813/867 816/816/870 814/814/868 
f 812/812/866 814/814/868 1814/1814/1963 
f 812/812/866 1814/1814/1963 1815/1815/1964 
f 1815/1815/1964 1814/1814/1963 1811/1811/1960 
f 1815/1815/1964 1811/1811/1960 1816/1816/1965 
f 1816/1816/1965 1811/1811/1960 1808/1808/1957 
f 1816/1816/1965 1808/1808/1957 1817/1817/1966 
f 1817/1817/1966 1808/1808/1957 1805/1805/1954 
f 1817/1817/1966 1818/1818/1967 1819/1819/1968 
f 1817/1817/1966 1805/1805/1954 1818/1818/1967 
f 803/803/857 1820/1820/1969 798/798/852 
f 803/803/857 812/812/866 1820/1820/1969 
f 1820/1820/1969 812/812/866 1815/1815/1964 
f 1820/1820/1969 1821/1821/1970 797/797/851 
f 1820/1820/1969 1815/1815/1964 1821/1821/1970 
f 1821/1821/1970 1815/1815/1964 1816/1816/1965 
f 1821/1821/1970 1822/1822/1971 1823/1823/1972 
f 1821/1821/1970 1816/1816/1965 1822/1822/1971 
f 1822/1822/1971 1816/1816/1965 1817/1817/1966 
f 1822/1822/1971 1817/1817/1966 1824/1824/1973 
f 1822/1822/1971 1824/1824/1973 1825/1825/1974 
f 1822/1822/1971 1825/1825/1974 1823/1823/1972 
f 1821/1821/1970 1823/1823/1972 797/797/851 
f 1820/1820/1969 797/797/851 798/798/852 
f 1805/1805/1954 1802/1802/1951 1818/1818/1967 
f 1818/1818/1967 1802/1802/1951 258/258/265 
f 1818/1818/1967 258/258/265 260/260/267 
f 1818/1818/1967 260/260/267 1819/1819/1968 
f 1819/1819/1968 260/260/267 262/262/269 
f 1819/1819/1968 262/262/269 270/270/277 
f 1819/1819/1968 270/270/277 1824/1824/1973 
f 1824/1824/1973 270/270/277 318/318/339 
f 1824/1824/1973 318/318/339 1825/1825/1974 
f 1825/1825/1974 318/318/339 303/303/322 
f 1825/1825/1974 303/303/322 317/317/338 
f 1825/1825/1974 317/317/338 1823/1823/1972 
f 1823/1823/1972 1826/1826/1975 797/797/851 
f 1823/1823/1972 317/317/338 1826/1826/1975 
f 1826/1826/1975 317/317/338 306/306/327 
f 1826/1826/1975 1827/1827/1976 796/796/850 
f 1826/1826/1975 306/306/327 1827/1827/1976 
f 1827/1827/1976 306/306/327 315/315/336 
f 1827/1827/1976 315/315/336 312/312/333 
f 1827/1827/1976 1828/1828/1977 795/795/849 
f 1827/1827/1976 312/312/333 1828/1828/1977 
f 1828/1828/1977 1829/1829/1978 724/724/778 
f 1828/1828/1977 312/312/333 1829/1829/1978 
f 1829/1829/1978 312/312/333 309/309/330 
f 1829/1829/1978 1830/1830/1979 723/723/777 
f 1829/1829/1978 309/309/330 1830/1830/1979 
f 1830/1830/1979 309/309/330 328/328/349 
f 1830/1830/1979 1831/1831/1980 741/741/795 
f 1830/1830/1979 328/328/349 1831/1831/1980 
f 1831/1831/1980 328/328/349 329/329/350 
f 1831/1831/1980 1832/1832/1981 740/740/794 
f 1831/1831/1980 329/329/350 1832/1832/1981 
f 1832/1832/1981 329/329/350 49/49/56 
f 1832/1832/1981 48/48/55 739/739/793 
f 1832/1832/1981 49/49/56 48/48/55 
f 58/58/65 738/738/792 47/47/54 
f 47/47/54 738/738/792 48/48/55 
f 48/48/55 738/738/792 739/739/793 
f 1832/1832/1981 739/739/793 740/740/794 
f 1831/1831/1980 740/740/794 741/741/795 
f 1830/1830/1979 741/741/795 723/723/777 
f 1829/1829/1978 723/723/777 724/724/778 
f 1828/1828/1977 724/724/778 795/795/849 
f 785/785/839 793/793/847 786/786/840 
f 786/786/840 1833/1833/1982 725/725/779 
f 786/786/840 793/793/847 1833/1833/1982 
f 1833/1833/1982 793/793/847 795/795/849 
f 1833/1833/1982 795/795/849 724/724/778 
f 1833/1833/1982 724/724/778 725/725/779 
f 786/786/840 725/725/779 726/726/780 
f 784/784/838 726/726/780 728/728/782 
f 782/782/836 728/728/782 730/730/784 
f 782/782/836 730/730/784 783/783/837 
f 764/764/818 783/783/837 767/767/821 
f 743/743/797 746/746/800 744/744/798 
f 742/742/796 744/744/798 1834/1834/1983 
f 742/742/796 1834/1834/1983 732/732/786 
f 730/730/784 732/732/786 783/783/837 
f 783/783/837 732/732/786 1835/1835/1984 
f 783/783/837 1835/1835/1984 767/767/821 
f 767/767/821 1835/1835/1984 770/770/824 
f 770/770/824 1835/1835/1984 755/755/809 
f 770/770/824 755/755/809 773/773/827 
f 773/773/827 755/755/809 757/757/811 
f 746/746/800 754/754/808 744/744/798 
f 744/744/798 754/754/808 756/756/810 
f 744/744/798 756/756/810 1834/1834/1983 
f 1834/1834/1983 756/756/810 755/755/809 
f 1834/1834/1983 755/755/809 1835/1835/1984 
f 1834/1834/1983 1835/1835/1984 732/732/786 
f 1817/1817/1966 1819/1819/1968 1824/1824/1973 
f 405/405/440 409/409/444 406/406/441 
f 1796/1796/1945 1836/1836/1985 1813/1813/1962 
f 1796/1796/1945 1784/1784/1933 1836/1836/1985 
f 1836/1836/1985 1784/1784/1933 1785/1785/1934 
f 1836/1836/1985 1837/1837/1986 1810/1810/1959 
f 1836/1836/1985 1785/1785/1934 1837/1837/1986 
f 1766/1766/1915 1838/1838/1987 1767/1767/1916 
f 1767/1767/1916 1838/1838/1987 1777/1777/1926 
f 1777/1777/1926 1838/1838/1987 1839/1839/1988 
f 1777/1777/1926 1839/1839/1988 1785/1785/1934 
f 1785/1785/1934 1839/1839/1988 1840/1840/1989 
f 1785/1785/1934 1840/1840/1989 1837/1837/1986 
f 1837/1837/1986 1840/1840/1989 1841/1841/1990 
f 1837/1837/1986 1841/1841/1990 1807/1807/1956 
f 1837/1837/1986 1807/1807/1956 1810/1810/1959 
f 1836/1836/1985 1810/1810/1959 1813/1813/1962 
f 1796/1796/1945 1813/1813/1962 1797/1797/1946 
f 1795/1795/1944 1797/1797/1946 1801/1801/1950 
f 1812/1812/1961 1797/1797/1946 1813/1813/1962 
f 1809/1809/1958 1813/1813/1962 1810/1810/1959 
f 1806/1806/1955 1810/1810/1959 1807/1807/1956 
f 1803/1803/1952 1842/1842/1991 1804/1804/1953 
f 1803/1803/1952 1807/1807/1956 1842/1842/1991 
f 1842/1842/1991 1807/1807/1956 1841/1841/1990 
f 1842/1842/1991 1841/1841/1990 1843/1843/1992 
f 1842/1842/1991 1844/1844/1993 1804/1804/1953 
f 1842/1842/1991 1843/1843/1992 1844/1844/1993 
f 1844/1844/1993 1845/1845/1994 1846/1846/1995 
f 1844/1844/1993 1843/1843/1992 1845/1845/1994 
f 258/258/265 1802/1802/1951 256/256/263 
f 256/256/263 1802/1802/1951 1804/1804/1953 
f 256/256/263 1804/1804/1953 1847/1847/1996 
f 256/256/263 1847/1847/1996 265/265/272 
f 265/265/272 1847/1847/1996 1146/1146/1210 
f 1146/1146/1210 1847/1847/1996 1846/1846/1995 
f 1146/1146/1210 1846/1846/1995 1145/1145/1209 
f 1145/1145/1209 1846/1846/1995 1845/1845/1994 
f 1844/1844/1993 1846/1846/1995 1847/1847/1996 
f 1844/1844/1993 1847/1847/1996 1804/1804/1953 
f 1143/1143/1207 1145/1145/1209 1154/1154/1218 
f 1154/1154/1218 1145/1145/1209 1845/1845/1994 
f 1154/1154/1218 1845/1845/1994 1155/1155/1219 
f 1155/1155/1219 1845/1845/1994 1843/1843/1992 
f 1155/1155/1219 1843/1843/1992 1848/1848/1997 
f 1155/1155/1219 1848/1848/1997 1157/1157/1221 
f 1157/1157/1221 1848/1848/1997 1849/1849/1998 
f 1157/1157/1221 1849/1849/1998 1159/1159/1223 
f 1159/1159/1223 1849/1849/1998 1850/1850/1999 
f 1159/1159/1223 1850/1850/1999 1161/1161/1225 
f 1161/1161/1225 1850/1850/1999 1851/1851/2000 
f 1161/1161/1225 1851/1851/2000 1163/1163/1227 
f 1163/1163/1227 1851/1851/2000 1744/1744/1893 
f 1163/1163/1227 1744/1744/1893 1165/1165/1229 
f 1843/1843/1992 1841/1841/1990 1848/1848/1997 
f 1848/1848/1997 1841/1841/1990 1840/1840/1989 
f 1848/1848/1997 1840/1840/1989 1849/1849/1998 
f 1849/1849/1998 1840/1840/1989 1839/1839/1988 
f 1849/1849/1998 1839/1839/1988 1850/1850/1999 
f 1850/1850/1999 1839/1839/1988 1838/1838/1987 
f 1850/1850/1999 1838/1838/1987 1851/1851/2000 
f 1851/1851/2000 1838/1838/1987 1766/1766/1915 
f 1851/1851/2000 1766/1766/1915 1744/1744/1893 
f 1744/1744/1893 1766/1766/1915 1764/1764/1913 
f 1744/1744/1893 1764/1764/1913 1743/1743/1892 
f 1743/1743/1892 1764/1764/1913 1762/1762/1911 
f 1743/1743/1892 1762/1762/1911 1742/1742/1891 
f 1742/1742/1891 1762/1762/1911 1746/1746/1895 
f 1126/1126/1190 1852/1852/2001 1128/1128/1192 
f 1128/1128/1192 1852/1852/2001 252/252/259 
f 1128/1128/1192 252/252/259 1130/1130/1194 
f 1853/1853/2002 1854/1854/2003 1122/1122/1186 
f 1853/1853/2002 1855/1855/2004 1854/1854/2003 
f 1854/1854/2003 1852/1852/2001 1126/1126/1190 
f 1854/1854/2003 1855/1855/2004 1852/1852/2001 
f 1852/1852/2001 1855/1855/2004 1856/1856/2005 
f 1852/1852/2001 1856/1856/2005 252/252/259 
f 1854/1854/2003 1126/1126/1190 1120/1120/1184 
f 1854/1854/2003 1120/1120/1184 1122/1122/1186 
f 1853/1853/2002 1122/1122/1186 238/238/245 
f 1853/1853/2002 238/238/245 237/237/244 
f 1853/1853/2002 237/237/244 240/240/247 
f 1853/1853/2002 240/240/247 1855/1855/2004 
f 1855/1855/2004 240/240/247 243/243/250 
f 1855/1855/2004 243/243/250 245/245/252 
f 1855/1855/2004 245/245/252 1856/1856/2005 
f 1856/1856/2005 245/245/252 247/247/254 
f 1856/1856/2005 247/247/254 250/250/257 
f 1856/1856/2005 250/250/257 252/252/259 
f 1857/1857/2006 1858/1858/2007 1859/1859/2008 
f 1859/1859/2008 1860/1860/2009 1861/1861/2010 
f 1859/1859/2008 1858/1858/2007 1860/1860/2009 
f 1860/1860/2009 1858/1858/2007 1862/1862/2011 
f 1860/1860/2009 1863/1863/2012 959/959/1013 
f 1860/1860/2009 1862/1862/2011 1863/1863/2012 
f 1862/1862/2011 952/952/1006 1863/1863/2012 
f 1863/1863/2012 952/952/1006 951/951/1005 
f 1863/1863/2012 951/951/1005 950/950/1004 
f 1863/1863/2012 950/950/1004 959/959/1013 
f 1860/1860/2009 959/959/1013 961/961/1015 
f 1860/1860/2009 961/961/1015 1861/1861/2010 
f 1861/1861/2010 961/961/1015 963/963/1017 
f 1861/1861/2010 1864/1864/2013 1865/1865/2014 
f 1861/1861/2010 963/963/1017 1864/1864/2013 
f 1864/1864/2013 1866/1866/2015 1867/1867/2016 
f 1864/1864/2013 963/963/1017 1866/1866/2015 
f 1866/1866/2015 963/963/1017 964/964/1018 
f 1866/1866/2015 964/964/1018 989/989/1043 
f 1866/1866/2015 1868/1868/2017 1867/1867/2016 
f 1866/1866/2015 989/989/1043 1868/1868/2017 
f 1868/1868/2017 1869/1869/2018 1870/1870/2019 
f 1868/1868/2017 989/989/1043 1869/1869/2018 
f 1871/1871/2020 1872/1872/2021 1870/1870/2019 
f 1870/1870/2019 1872/1872/2021 1868/1868/2017 
f 1868/1868/2017 1872/1872/2021 1867/1867/2016 
f 1864/1864/2013 1873/1873/2022 1865/1865/2014 
f 1864/1864/2013 1867/1867/2016 1873/1873/2022 
f 1873/1873/2022 1867/1867/2016 1872/1872/2021 
f 1873/1873/2022 1872/1872/2021 1874/1874/2023 
f 1873/1873/2022 1875/1875/2024 1865/1865/2014 
f 1873/1873/2022 1874/1874/2023 1875/1875/2024 
f 1875/1875/2024 1874/1874/2023 1876/1876/2025 
f 1875/1875/2024 1877/1877/2026 1865/1865/2014 
f 1875/1875/2024 1876/1876/2025 1877/1877/2026 
f 1877/1877/2026 1876/1876/2025 1878/1878/2027 
f 1877/1877/2026 1878/1878/2027 1857/1857/2006 
f 1877/1877/2026 1859/1859/2008 1865/1865/2014 
f 1877/1877/2026 1857/1857/2006 1859/1859/2008 
f 1872/1872/2021 1871/1871/2020 1874/1874/2023 
f 1874/1874/2023 1871/1871/2020 1879/1879/2028 
f 1874/1874/2023 1879/1879/2028 1876/1876/2025 
f 1876/1876/2025 1879/1879/2028 1880/1880/2029 
f 1876/1876/2025 1880/1880/2029 1878/1878/2027 
f 1878/1878/2027 1880/1880/2029 1881/1881/2030 
f 1878/1878/2027 1881/1881/2030 1882/1882/2031 
f 1878/1878/2027 1882/1882/2031 1857/1857/2006 
f 1857/1857/2006 1882/1882/2031 1883/1883/2032 
f 1857/1857/2006 1883/1883/2032 1858/1858/2007 
f 1858/1858/2007 1883/1883/2032 1884/1884/2033 
f 1858/1858/2007 1884/1884/2033 1862/1862/2011 
f 1862/1862/2011 1884/1884/2033 953/953/1007 
f 1862/1862/2011 953/953/1007 952/952/1006 
f 944/944/998 953/953/1007 945/945/999 
f 945/945/999 953/953/1007 1884/1884/2033 
f 945/945/999 1884/1884/2033 1885/1885/2034 
f 1885/1885/2034 1884/1884/2033 1883/1883/2032 
f 1885/1885/2034 1883/1883/2032 1886/1886/2035 
f 1886/1886/2035 1883/1883/2032 1882/1882/2031 
f 1886/1886/2035 1882/1882/2031 1887/1887/2036 
f 1887/1887/2036 1882/1882/2031 1881/1881/2030 
f 1887/1887/2036 1881/1881/2030 894/894/948 
f 1887/1887/2036 894/894/948 897/897/951 
f 919/919/973 945/945/999 916/916/970 
f 916/916/970 945/945/999 1885/1885/2034 
f 916/916/970 1885/1885/2034 914/914/968 
f 914/914/968 1885/1885/2034 1886/1886/2035 
f 914/914/968 1886/1886/2035 1888/1888/2037 
f 1888/1888/2037 1886/1886/2035 1887/1887/2036 
f 1888/1888/2037 1887/1887/2036 897/897/951 
f 1888/1888/2037 897/897/951 900/900/954 
f 922/922/976 919/919/973 918/918/972 
f 915/915/969 919/919/973 916/916/970 
f 913/913/967 916/916/970 914/914/968 
f 912/912/966 914/914/968 1888/1888/2037 
f 912/912/966 1888/1888/2037 900/900/954 
f 896/896/950 900/900/954 897/897/951 
f 897/897/951 894/894/948 893/893/947 
f 891/891/945 894/894/948 1889/1889/2038 
f 891/891/945 1889/1889/2038 892/892/946 
f 889/889/943 892/892/946 1890/1890/2039 
f 889/889/943 1890/1890/2039 890/890/944 
f 887/887/941 890/890/944 1891/1891/2040 
f 887/887/941 1891/1891/2040 888/888/942 
f 886/886/940 888/888/942 1892/1892/2041 
f 886/886/940 1893/1893/2042 880/880/934 
f 886/886/940 1892/1892/2041 1893/1893/2042 
f 1893/1893/2042 1892/1892/2041 1894/1894/2043 
f 894/894/948 1881/1881/2030 1889/1889/2038 
f 1889/1889/2038 1881/1881/2030 1880/1880/2029 
f 1889/1889/2038 1880/1880/2029 892/892/946 
f 892/892/946 1880/1880/2029 1879/1879/2028 
f 892/892/946 1879/1879/2028 1871/1871/2020 
f 892/892/946 1871/1871/2020 1890/1890/2039 
f 1890/1890/2039 1871/1871/2020 1870/1870/2019 
f 1890/1890/2039 1870/1870/2019 1895/1895/2044 
f 1890/1890/2039 1895/1895/2044 890/890/944 
f 890/890/944 1895/1895/2044 1891/1891/2040 
f 1891/1891/2040 1895/1895/2044 1896/1896/2045 
f 1896/1896/2045 1895/1895/2044 1870/1870/2019 
f 1896/1896/2045 1869/1869/2018 991/991/1045 
f 1896/1896/2045 1870/1870/2019 1869/1869/2018 
f 1897/1897/2046 1898/1898/2047 1899/1899/2048 
f 1897/1897/2046 1894/1894/2043 1898/1898/2047 
f 1898/1898/2047 1894/1894/2043 1892/1892/2041 
f 1898/1898/2047 1900/1900/2049 1901/1901/2050 
f 1898/1898/2047 1892/1892/2041 1900/1900/2049 
f 1900/1900/2049 1892/1892/2041 888/888/942 
f 1900/1900/2049 1902/1902/2051 1903/1903/2052 
f 1900/1900/2049 888/888/942 1902/1902/2051 
f 1902/1902/2051 888/888/942 1891/1891/2040 
f 1902/1902/2051 1896/1896/2045 991/991/1045 
f 1902/1902/2051 1891/1891/2040 1896/1896/2045 
f 989/989/1043 990/990/1044 1869/1869/2018 
f 1869/1869/2018 990/990/1044 992/992/1046 
f 1869/1869/2018 992/992/1046 991/991/1045 
f 1902/1902/2051 991/991/1045 1903/1903/2052 
f 1900/1900/2049 1903/1903/2052 1901/1901/2050 
f 1898/1898/2047 1901/1901/2050 1904/1904/2053 
f 1898/1898/2047 1904/1904/2053 1899/1899/2048 
f 1897/1897/2046 1899/1899/2048 1905/1905/2054 
f 1897/1897/2046 1905/1905/2054 1906/1906/2055 
f 1907/1907/2056 1908/1908/2057 1909/1909/2058 
f 1907/1907/2059 1906/1906/2055 1908/1908/2060 
f 1908/1908/2057 1910/1910/2061 1911/1911/2062 
f 1908/1908/2060 1906/1906/2055 1910/1910/2063 
f 1910/1910/2063 1906/1906/2055 1905/1905/2054 
f 1910/1910/2061 1912/1912/2064 1913/1913/2065 
f 1910/1910/2063 1905/1905/2054 1912/1912/2066 
f 1912/1912/2066 1905/1905/2054 1899/1899/2048 
f 1912/1912/2064 1914/1914/2067 1915/1915/2068 
f 1912/1912/2066 1899/1899/2048 1914/1914/2069 
f 1914/1914/2069 1899/1899/2048 1904/1904/2053 
f 1914/1914/2067 1916/1916/2070 1917/1917/2071 
f 1914/1914/2069 1904/1904/2053 1916/1916/2072 
f 1916/1916/2072 1904/1904/2053 1901/1901/2050 
f 1916/1916/2070 1918/1918/2073 1919/1919/2074 
f 1916/1916/2072 1901/1901/2050 1918/1918/2075 
f 1918/1918/2075 1901/1901/2050 1903/1903/2052 
f 1918/1918/2073 1920/1920/2076 1921/1921/2077 
f 1918/1918/2075 1903/1903/2052 1920/1920/2078 
f 1920/1920/2078 1903/1903/2052 991/991/1045 
f 1920/1920/2076 993/993/1048 1922/1922/2079 
f 1920/1920/2078 991/991/1045 993/993/1047 
f 994/994/1049 997/997/1053 995/995/1050 
f 993/993/1048 995/995/1050 1922/1922/2079 
f 1920/1920/2076 1922/1922/2079 1921/1921/2077 
f 1918/1918/2073 1921/1921/2077 1919/1919/2074 
f 1916/1916/2070 1919/1919/2074 1917/1917/2071 
f 1914/1914/2067 1917/1917/2071 1915/1915/2068 
f 1912/1912/2064 1915/1915/2068 1913/1913/2065 
f 1910/1910/2061 1913/1913/2065 1911/1911/2062 
f 1908/1908/2057 1911/1911/2062 1909/1909/2058 
f 1907/1907/2056 1909/1909/2058 1923/1923/2080 
f 1907/1907/2059 1924/1924/2081 1925/1925/2082 
f 1907/1907/2056 1923/1923/2080 1924/1924/2083 
f 1924/1924/2083 1923/1923/2080 1926/1926/2084 
f 1924/1924/2081 1927/1927/2085 1925/1925/2082 
f 1924/1924/2083 1926/1926/2084 1927/1927/2086 
f 1927/1927/2086 1926/1926/2084 1928/1928/2087 
f 1927/1927/2085 1929/1929/2088 1930/1930/2089 
f 1927/1927/2086 1928/1928/2087 1929/1929/2090 
f 1929/1929/2090 1928/1928/2087 1708/1708/1854 
f 1929/1929/2090 1708/1708/1854 1707/1707/1853 
f 1927/1927/2085 1931/1931/2091 1925/1925/2082 
f 1927/1927/2085 1930/1930/2089 1931/1931/2091 
f 1931/1931/2091 1930/1930/2089 1932/1932/2092 
f 1931/1931/2091 1933/1933/2093 1925/1925/2082 
f 1931/1931/2091 1932/1932/2092 1933/1933/2093 
f 1933/1933/2093 1932/1932/2092 1934/1934/2094 
f 1933/1933/2093 1935/1935/2095 1936/1936/2096 
f 1933/1933/2093 1934/1934/2094 1935/1935/2095 
f 1935/1935/2095 1934/1934/2094 877/877/931 
f 1935/1935/2095 1937/1937/2097 1897/1897/2046 
f 1935/1935/2095 877/877/931 1937/1937/2097 
f 1937/1937/2097 877/877/931 878/878/932 
f 1937/1937/2097 1938/1938/2098 1894/1894/2043 
f 1937/1937/2097 878/878/932 1938/1938/2098 
f 1938/1938/2098 878/878/932 879/879/933 
f 1938/1938/2098 1893/1893/2042 1894/1894/2043 
f 1938/1938/2098 879/879/933 1893/1893/2042 
f 1893/1893/2042 879/879/933 880/880/934 
f 1937/1937/2097 1894/1894/2043 1897/1897/2046 
f 1935/1935/2095 1897/1897/2046 1906/1906/2055 
f 1935/1935/2095 1906/1906/2055 1936/1936/2096 
f 1933/1933/2093 1936/1936/2096 1925/1925/2082 
f 1907/1907/2059 1925/1925/2082 1936/1936/2096 
f 1907/1907/2059 1936/1936/2096 1906/1906/2055 
f 795/795/849 796/796/850 1827/1827/1976 
f 1826/1826/1975 796/796/850 797/797/851 
f 1768/1768/1917 1771/1771/1920 1769/1769/1918 
f 1757/1757/1906 1769/1769/1918 1939/1939/2099 
f 1771/1771/1920 1786/1786/1935 1769/1769/1918 
f 1769/1769/1918 1786/1786/1935 1798/1798/1947 
f 1769/1769/1918 1798/1798/1947 1939/1939/2099 
f 1939/1939/2099 1798/1798/1947 1940/1940/2100 
f 1939/1939/2099 1940/1940/2100 1941/1941/2101 
f 1941/1941/2101 1940/1940/2100 1942/1942/2102 
f 1941/1941/2101 1942/1942/2102 867/867/921 
f 867/867/921 1942/1942/2102 864/864/918 
f 864/864/918 1942/1942/2102 855/855/909 
f 855/855/909 1942/1942/2102 847/847/901 
f 847/847/901 1942/1942/2102 1940/1940/2100 
f 847/847/901 1940/1940/2100 845/845/899 
f 845/845/899 1940/1940/2100 1798/1798/1947 
f 845/845/899 1798/1798/1947 843/843/897 
f 1750/1750/1899 1757/1757/1906 1752/1752/1901 
f 1752/1752/1901 1757/1757/1906 1939/1939/2099 
f 1752/1752/1901 1939/1939/2099 1941/1941/2101 
f 1752/1752/1901 1941/1941/2101 1753/1753/1902 
f 1753/1753/1902 1941/1941/2101 867/867/921 
f 1753/1753/1902 867/867/921 1755/1755/1904 
f 1755/1755/1904 867/867/921 868/868/922 
f 1755/1755/1904 1943/1943/2103 1756/1756/1905 
f 1755/1755/1904 868/868/922 1943/1943/2103 
f 1943/1943/2103 868/868/922 869/869/923 
f 1943/1943/2103 869/869/923 1944/1944/2104 
f 1943/1943/2103 1944/1944/2104 1945/1945/2105 
f 1943/1943/2103 1945/1945/2105 1756/1756/1905 
f 1733/1733/1882 1751/1751/1900 1731/1731/1880 
f 1731/1731/1880 1751/1751/1900 1754/1754/1903 
f 1731/1731/1880 1754/1754/1903 1946/1946/2106 
f 1946/1946/2106 1754/1754/1903 1756/1756/1905 
f 1946/1946/2106 1756/1756/1905 1947/1947/2107 
f 1947/1947/2107 1756/1756/1905 1945/1945/2105 
f 1947/1947/2107 1945/1945/2105 1948/1948/2108 
f 1948/1948/2108 1945/1945/2105 1949/1949/2109 
f 1949/1949/2109 1945/1945/2105 1944/1944/2104 
f 1949/1949/2109 1944/1944/2104 1932/1932/2092 
f 1932/1932/2092 1944/1944/2104 1934/1934/2094 
f 1934/1934/2094 1944/1944/2104 869/869/923 
f 1934/1934/2094 869/869/923 870/870/924 
f 1934/1934/2094 870/870/924 877/877/931 
f 1731/1731/1880 1946/1946/2106 1730/1730/1879 
f 1730/1730/1879 1946/1946/2106 1724/1724/1873 
f 1724/1724/1873 1946/1946/2106 1947/1947/2107 
f 1724/1724/1873 1947/1947/2107 1722/1722/1871 
f 1722/1722/1871 1947/1947/2107 1948/1948/2108 
f 1722/1722/1871 1948/1948/2108 1950/1950/2110 
f 1950/1950/2110 1948/1948/2108 1951/1951/2111 
f 1951/1951/2111 1948/1948/2108 1949/1949/2109 
f 1951/1951/2111 1949/1949/2109 1952/1952/2112 
f 1952/1952/2112 1949/1949/2109 1932/1932/2092 
f 1952/1952/2112 1932/1932/2092 1930/1930/2089 
f 1952/1952/2112 1930/1930/2089 1929/1929/2088 
f 1952/1952/2112 1929/1929/2088 1707/1707/2113 
f 1952/1952/2112 1707/1707/2113 1705/1705/2114 
f 1722/1722/1871 1950/1950/2110 1719/1719/1868 
f 1719/1719/1868 1953/1953/2115 1720/1720/1869 
f 1719/1719/1868 1950/1950/2110 1953/1953/2115 
f 1953/1953/2115 1950/1950/2110 1951/1951/2111 
f 1953/1953/2115 1954/1954/2116 1705/1705/2114 
f 1953/1953/2115 1951/1951/2111 1954/1954/2116 
f 1954/1954/2116 1951/1951/2111 1952/1952/2112 
f 1954/1954/2116 1952/1952/2112 1705/1705/2114 
f 1953/1953/2115 1705/1705/2114 1703/1703/2117 
f 1953/1953/2115 1703/1703/2117 1720/1720/1869 
f 1690/1690/1834 1720/1720/1869 1693/1693/1837 
f 1693/1693/1837 1720/1720/1869 1703/1703/2117 
f 1481/1481/1588 1955/1955/2118 643/643/681 
f 643/643/681 1955/1955/2118 1473/1473/1580 
f 1473/1473/1580 1955/1955/2118 1956/1956/2119 
f 1473/1473/1580 1956/1956/2119 1474/1474/1581 
f 1474/1474/1581 1956/1956/2119 1957/1957/2120 
f 1498/1498/1605 1500/1500/2121 1479/1479/1586 
f 1479/1479/1586 1500/1500/2121 1480/1480/1587 
f 1480/1480/1587 1500/1500/2121 1958/1958/2122 
f 1480/1480/1587 1958/1958/2122 1481/1481/1588 
f 1481/1481/1588 1958/1958/2122 1959/1959/2123 
f 1481/1481/1588 1959/1959/2123 1955/1955/2118 
f 1955/1955/2118 1959/1959/2123 1960/1960/2124 
f 1955/1955/2118 1960/1960/2124 1956/1956/2119 
f 1956/1956/2119 1960/1960/2124 1961/1961/2125 
f 1956/1956/2119 1961/1961/2125 1957/1957/2120 
f 1957/1957/2120 1961/1961/2125 1962/1962/2126 
f 1957/1957/2120 1962/1962/2126 1963/1963/2127 
f 1957/1957/2120 1963/1963/2127 1964/1964/2128 
f 1957/1957/2120 1965/1965/2129 1474/1474/1581 
f 1957/1957/2120 1964/1964/2128 1965/1965/2129 
f 1500/1500/1607 1499/1499/1606 1958/1958/2130 
f 1958/1958/2130 1499/1499/1606 1966/1966/2131 
f 1958/1958/2130 1966/1966/2131 1959/1959/2132 
f 1959/1959/2132 1966/1966/2131 1967/1967/2133 
f 1959/1959/2132 1967/1967/2133 1960/1960/2134 
f 1960/1960/2134 1967/1967/2133 1968/1968/2135 
f 1960/1960/2134 1968/1968/2135 1961/1961/2136 
f 1961/1961/2136 1968/1968/2135 1969/1969/2137 
f 1961/1961/2136 1969/1969/2137 1962/1962/2138 
f 1962/1962/2138 1969/1969/2137 1970/1970/2139 
f 1962/1962/2138 1970/1970/2139 1971/1971/2140 
f 1962/1962/2141 1971/1971/2140 1963/1963/2142 
f 1963/1963/2143 1971/1971/2144 1972/1972/2145 
f 1963/1963/2143 1972/1972/2145 1964/1964/2146 
f 1964/1964/2146 1972/1972/2145 1965/1965/2147 
f 1965/1965/2147 1972/1972/2145 1973/1973/2148 
f 1965/1965/2129 1974/1974/2149 1474/1474/1581 
f 1965/1965/2147 1973/1973/2148 1974/1974/2150 
f 1974/1974/2150 1973/1973/2148 1975/1975/2151 
f 1974/1974/2149 1976/1976/2152 642/642/680 
f 1974/1974/2150 1975/1975/2151 1976/1976/2152 
f 1976/1976/2152 1975/1975/2151 1977/1977/2153 
f 1976/1976/2152 1978/1978/2154 1468/1468/1575 
f 1976/1976/2152 1977/1977/2153 1978/1978/2154 
f 1978/1978/2154 1977/1977/2153 1979/1979/2155 
f 1978/1978/2154 1980/1980/2156 648/648/686 
f 1978/1978/2154 1979/1979/2155 1980/1980/2156 
f 1980/1980/2156 1981/1981/2157 1982/1982/2158 
f 1980/1980/2156 1979/1979/2155 1981/1981/2159 
f 1981/1981/2159 1979/1979/2155 1983/1983/2160 
f 1981/1981/2157 658/658/696 1982/1982/2158 
f 1981/1981/2159 1983/1983/2160 658/658/2161 
f 658/658/2161 1983/1983/2160 677/677/722 
f 658/658/2161 677/677/722 661/661/721 
f 658/658/696 660/660/698 1982/1982/2158 
f 1980/1980/2156 1982/1982/2158 1984/1984/2162 
f 1980/1980/2156 1984/1984/2162 648/648/686 
f 1978/1978/2154 648/648/686 1468/1468/1575 
f 1976/1976/2152 1468/1468/1575 642/642/680 
f 1974/1974/2149 642/642/680 1474/1474/1581 
f 648/648/686 1984/1984/2162 646/646/684 
f 646/646/684 1984/1984/2162 1985/1985/2163 
f 1985/1985/2163 1984/1984/2162 1982/1982/2158 
f 1985/1985/2163 1982/1982/2158 660/660/698 
f 1985/1985/2163 660/660/698 659/659/697 
f 1985/1985/2163 1986/1986/2164 646/646/684 
f 1985/1985/2163 659/659/697 1986/1986/2164 
f 1986/1986/2164 659/659/697 653/653/691 
f 1986/1986/2164 1987/1987/2165 651/651/689 
f 1986/1986/2164 653/653/691 1987/1987/2165 
f 1987/1987/2165 653/653/691 651/651/689 
f 1986/1986/2164 651/651/689 645/645/683 
f 1986/1986/2164 645/645/683 646/646/684 
f 385/385/420 396/396/431 382/382/417 
f 382/382/417 396/396/431 530/530/565 
f 382/382/417 530/530/565 379/379/414 
f 379/379/414 530/530/565 532/532/567 
f 379/379/414 532/532/567 366/366/401 
f 1988/1988/2166 1989/1989/2167 1454/1454/1553 
f 1454/1454/1553 1989/1989/2167 355/355/390 
f 355/355/390 1989/1989/2167 356/356/391 
f 356/356/391 1989/1989/2167 1990/1990/2168 
f 356/356/391 1990/1990/2168 349/349/384 
f 1990/1990/2168 1991/1991/2169 1992/1992/2170 
f 1990/1990/2168 1989/1989/2167 1991/1991/2169 
f 1991/1991/2169 1989/1989/2167 1988/1988/2166 
f 1991/1991/2169 1993/1993/2171 1994/1994/2172 
f 1991/1991/2169 1988/1988/2166 1993/1993/2171 
f 1993/1993/2171 1988/1988/2166 1995/1995/2173 
f 1993/1993/2171 1996/1996/2174 1997/1997/2175 
f 1993/1993/2171 1995/1995/2173 1996/1996/2174 
f 1996/1996/2174 1995/1995/2173 1998/1998/2176 
f 1996/1996/2174 1999/1999/2177 2000/2000/2178 
f 1996/1996/2174 1998/1998/2176 1999/1999/2177 
f 1999/1999/2177 1998/1998/2176 2001/2001/2179 
f 1999/1999/2177 2002/2002/2180 2003/2003/2181 
f 1999/1999/2177 2001/2001/2179 2002/2002/2180 
f 2002/2002/2180 2001/2001/2179 2004/2004/2182 
f 2002/2002/2180 2005/2005/2183 2006/2006/2184 
f 2002/2002/2180 2004/2004/2182 2005/2005/2183 
f 2005/2005/2183 2004/2004/2182 2007/2007/2185 
f 2005/2005/2183 2008/2008/2186 2009/2009/2187 
f 2005/2005/2183 2007/2007/2185 2008/2008/2186 
f 2010/2010/2188 2011/2011/2189 1414/1414/1495 
f 2010/2010/2188 2008/2008/2186 2011/2011/2189 
f 2011/2011/2189 2008/2008/2186 2007/2007/2185 
f 2011/2011/2189 2012/2012/2190 1432/1432/1517 
f 2011/2011/2189 2007/2007/2185 2012/2012/2190 
f 2012/2012/2190 2007/2007/2185 2013/2013/2191 
f 2013/2013/2191 2007/2007/2185 2004/2004/2182 
f 2013/2013/2191 2004/2004/2182 2014/2014/2192 
f 2014/2014/2192 2004/2004/2182 2001/2001/2179 
f 2014/2014/2192 2001/2001/2179 2015/2015/2193 
f 2015/2015/2193 2001/2001/2179 1998/1998/2176 
f 2015/2015/2193 1998/1998/2176 1457/1457/1557 
f 1457/1457/1557 1998/1998/2176 1995/1995/2173 
f 1457/1457/1557 1995/1995/2173 1456/1456/1556 
f 1456/1456/1556 1995/1995/2173 1988/1988/2166 
f 1456/1456/1556 1988/1988/2166 1454/1454/1553 
f 2012/2012/2190 1434/1434/1522 1433/1433/1519 
f 2012/2012/2190 2013/2013/2191 1434/1434/1522 
f 1434/1434/1522 2013/2013/2191 1435/1435/1524 
f 1435/1435/1524 2013/2013/2191 2014/2014/2192 
f 1435/1435/1524 2014/2014/2192 1437/1437/1526 
f 1437/1437/1526 2014/2014/2192 2015/2015/2193 
f 1437/1437/1526 2015/2015/2193 1439/1439/1528 
f 1439/1439/1528 2015/2015/2193 1457/1457/1557 
f 1455/1455/1555 1457/1457/1557 1456/1456/1556 
f 1453/1453/1552 1456/1456/1556 1454/1454/1553 
f 1452/1452/1551 1454/1454/1553 355/355/390 
f 2012/2012/2190 1433/1433/1519 1432/1432/1517 
f 2011/2011/2189 1432/1432/1517 1414/1414/1495 
f 2010/2010/2188 2016/2016/2194 2017/2017/2195 
f 2010/2010/2188 1414/1414/1495 2016/2016/2194 
f 2016/2016/2194 1414/1414/1495 1413/1413/1494 
f 2016/2016/2194 2018/2018/2196 2019/2019/2197 
f 2016/2016/2194 1413/1413/1494 2018/2018/2196 
f 2018/2018/2196 1413/1413/1494 1416/1416/1497 
f 2018/2018/2196 2020/2020/2198 2021/2021/2199 
f 2018/2018/2196 1416/1416/1497 2020/2020/2198 
f 2020/2020/2198 1416/1416/1497 1418/1418/1499 
f 2020/2020/2198 2022/2022/2200 2023/2023/2201 
f 2020/2020/2198 1418/1418/1499 2022/2022/2200 
f 2022/2022/2200 1418/1418/1499 1410/1410/1491 
f 2022/2022/2200 1399/1399/1480 2024/2024/2202 
f 2022/2022/2200 1410/1410/1491 1399/1399/1480 
f 1398/1398/1479 2024/2024/2202 1399/1399/1480 
f 2022/2022/2200 2024/2024/2202 2023/2023/2201 
f 2020/2020/2198 2023/2023/2201 2021/2021/2199 
f 2018/2018/2196 2021/2021/2199 2019/2019/2197 
f 1229/1229/1293 2025/2025/2203 1231/1231/1295 
f 1231/1231/1295 2025/2025/2203 1237/1237/1301 
f 1237/1237/1301 2025/2025/2203 2026/2026/2204 
f 1237/1237/1301 2026/2026/2204 1239/1239/1303 
f 1239/1239/1303 2026/2026/2204 2027/2027/2205 
f 1239/1239/1303 2027/2027/2205 1241/1241/1305 
f 1241/1241/1305 2027/2027/2205 2028/2028/2206 
f 1241/1241/1305 2028/2028/2206 1243/1243/1307 
f 1243/1243/1307 2028/2028/2206 1398/1398/1479 
f 1398/1398/1479 2028/2028/2206 2024/2024/2202 
f 2024/2024/2202 2028/2028/2206 2029/2029/2207 
f 2024/2024/2202 2029/2029/2207 2023/2023/2201 
f 2023/2023/2201 2029/2029/2207 2030/2030/2208 
f 2023/2023/2201 2030/2030/2208 2021/2021/2199 
f 2031/2031/2209 2032/2032/2210 458/458/493 
f 458/458/493 2032/2032/2210 1228/1228/1292 
f 1228/1228/1292 2032/2032/2210 1229/1229/1293 
f 1229/1229/1293 2032/2032/2210 2025/2025/2203 
f 2025/2025/2203 2032/2032/2210 2033/2033/2211 
f 2025/2025/2203 2033/2033/2211 2026/2026/2204 
f 2026/2026/2204 2033/2033/2211 2034/2034/2212 
f 2026/2026/2204 2034/2034/2212 2027/2027/2205 
f 2027/2027/2205 2034/2034/2212 2035/2035/2213 
f 2027/2027/2205 2035/2035/2213 2028/2028/2206 
f 2028/2028/2206 2035/2035/2213 2029/2029/2207 
f 2029/2029/2207 2035/2035/2213 2030/2030/2208 
f 2030/2030/2208 2035/2035/2213 2036/2036/2214 
f 2030/2030/2208 2036/2036/2214 2037/2037/2215 
f 2036/2036/2214 2038/2038/2216 2037/2037/2215 
f 2037/2037/2215 2038/2038/2216 2039/2039/2217 
f 2039/2039/2217 2038/2038/2216 2040/2040/2218 
f 2040/2040/2218 2038/2038/2216 2041/2041/2219 
f 2040/2040/2218 2041/2041/2219 2042/2042/2220 
f 2042/2042/2220 2041/2041/2219 2043/2043/2221 
f 2043/2043/2221 2041/2041/2219 2044/2044/2222 
f 2043/2043/2221 2044/2044/2222 2031/2031/2209 
f 2031/2031/2209 2044/2044/2222 2033/2033/2211 
f 2031/2031/2209 2033/2033/2211 2032/2032/2210 
f 2030/2030/2208 2037/2037/2215 2021/2021/2199 
f 2021/2021/2199 2037/2037/2215 2019/2019/2197 
f 2019/2019/2197 2037/2037/2215 2039/2039/2217 
f 2019/2019/2197 2045/2045/2223 2017/2017/2195 
f 2019/2019/2197 2039/2039/2217 2045/2045/2223 
f 2045/2045/2223 2039/2039/2217 425/425/460 
f 425/425/460 2039/2039/2217 2040/2040/2218 
f 425/425/460 2040/2040/2218 423/423/458 
f 423/423/458 2040/2040/2218 2042/2042/2220 
f 423/423/458 2042/2042/2220 418/418/453 
f 418/418/453 2042/2042/2220 461/461/496 
f 461/461/496 2042/2042/2220 2043/2043/2221 
f 461/461/496 2043/2043/2221 460/460/495 
f 460/460/495 2043/2043/2221 2031/2031/2209 
f 460/460/495 2031/2031/2209 458/458/493 
f 423/423/458 418/418/453 420/420/455 
f 416/416/451 418/418/453 461/461/496 
f 459/459/494 461/461/496 460/460/495 
f 457/457/492 460/460/495 458/458/493 
f 455/455/490 458/458/493 1228/1228/1292 
f 455/455/490 1228/1228/1292 456/456/491 
f 453/453/488 456/456/491 454/454/489 
f 393/393/428 389/389/424 394/394/429 
f 392/392/427 394/394/429 430/430/465 
f 428/428/463 430/430/465 429/429/464 
f 426/426/461 429/429/464 427/427/462 
f 424/424/459 427/427/462 2045/2045/2223 
f 424/424/459 2045/2045/2223 425/425/460 
f 422/422/457 425/425/460 423/423/458 
f 394/394/429 2006/2006/2184 430/430/465 
f 430/430/465 2006/2006/2184 2009/2009/2187 
f 430/430/465 2009/2009/2187 429/429/464 
f 429/429/464 2009/2009/2187 2046/2046/2224 
f 429/429/464 2046/2046/2224 427/427/462 
f 427/427/462 2046/2046/2224 2017/2017/2195 
f 427/427/462 2017/2017/2195 2045/2045/2223 
f 2019/2019/2197 2017/2017/2195 2016/2016/2194 
f 2010/2010/2188 2017/2017/2195 2046/2046/2224 
f 2010/2010/2188 2046/2046/2224 2008/2008/2186 
f 2008/2008/2186 2046/2046/2224 2009/2009/2187 
f 2006/2006/2184 394/394/429 2003/2003/2181 
f 2003/2003/2181 394/394/429 389/389/424 
f 2003/2003/2181 389/389/424 2000/2000/2178 
f 2000/2000/2178 389/389/424 386/386/421 
f 2000/2000/2178 386/386/421 1997/1997/2175 
f 1997/1997/2175 386/386/421 383/383/418 
f 1997/1997/2175 383/383/418 1994/1994/2172 
f 1994/1994/2172 383/383/418 380/380/415 
f 1994/1994/2172 380/380/415 1992/1992/2170 
f 1992/1992/2170 380/380/415 377/377/412 
f 1992/1992/2170 377/377/412 350/350/385 
f 350/350/385 377/377/412 375/375/410 
f 350/350/385 375/375/410 351/351/386 
f 351/351/386 375/375/410 363/363/398 
f 2009/2009/2187 2006/2006/2184 2005/2005/2183 
f 2002/2002/2180 2006/2006/2184 2003/2003/2181 
f 1999/1999/2177 2003/2003/2181 2000/2000/2178 
f 1996/1996/2174 2000/2000/2178 1997/1997/2175 
f 1993/1993/2171 1997/1997/2175 1994/1994/2172 
f 1991/1991/2169 1994/1994/2172 1992/1992/2170 
f 1990/1990/2168 1992/1992/2170 350/350/385 
f 1990/1990/2168 350/350/385 349/349/384 
f 1250/1250/1314 2047/2047/2225 1252/1252/1316 
f 1252/1252/1316 2047/2047/2225 2048/2048/2226 
f 1252/1252/1316 2048/2048/2226 1383/1383/1464 
f 1383/1383/1464 2048/2048/2226 2049/2049/2227 
f 1383/1383/1464 2049/2049/2227 1382/1382/1463 
f 2047/2047/2225 2050/2050/2228 1396/1396/1477 
f 2047/2047/2225 1250/1250/1314 2050/2050/2228 
f 2050/2050/2228 1250/1250/1314 1244/1244/1308 
f 2050/2050/2228 1244/1244/1308 1243/1243/1307 
f 2050/2050/2228 1243/1243/1307 1398/1398/1479 
f 2050/2050/2228 1398/1398/1479 1396/1396/1477 
f 2047/2047/2225 1396/1396/1477 1394/1394/1475 
f 2047/2047/2225 1394/1394/1475 2048/2048/2226 
f 2048/2048/2226 1394/1394/1475 1392/1392/1473 
f 2048/2048/2226 1392/1392/1473 2049/2049/2227 
f 2049/2049/2227 1392/1392/1473 1389/1389/1470 
f 2049/2049/2227 1389/1389/1470 1388/1388/1469 
f 2049/2049/2227 1388/1388/1469 1382/1382/1463 
f 1382/1382/1463 1388/1388/1469 1380/1380/1461 
f 1560/1560/1680 1563/1563/1683 1561/1561/1681 
f 1561/1561/1681 2051/2051/2229 2052/2052/2230 
f 1561/1561/1681 1563/1563/1683 2051/2051/2229 
f 2051/2051/2229 1563/1563/1683 1574/1574/1694 
f 2051/2051/2229 2053/2053/2231 2052/2052/2230 
f 2051/2051/2229 1574/1574/1694 2053/2053/2231 
f 2053/2053/2231 1574/1574/1694 1571/1571/1691 
f 2053/2053/2231 2054/2054/2232 2055/2055/2233 
f 2053/2053/2231 1571/1571/1691 2054/2054/2232 
f 1549/1549/1670 2052/2052/2230 1550/1550/1671 
f 1550/1550/1671 2052/2052/2230 2056/2056/2234 
f 1550/1550/1671 2057/2057/2235 2058/2058/2236 
f 1550/1550/1671 2056/2056/2234 2057/2057/2235 
f 2057/2057/2235 2056/2056/2234 2055/2055/2233 
f 2057/2057/2235 2059/2059/2237 2060/2060/2238 
f 2057/2057/2235 2055/2055/2233 2059/2059/2237 
f 2059/2059/2237 2054/2054/2232 2061/2061/2239 
f 2059/2059/2237 2055/2055/2233 2054/2054/2232 
f 2053/2053/2231 2055/2055/2233 2056/2056/2234 
f 2053/2053/2231 2056/2056/2234 2052/2052/2230 
f 1561/1561/1681 2052/2052/2230 1549/1549/1670 
f 1571/1571/1691 1573/1573/1693 2062/2062/2240 
f 1571/1571/1691 2062/2062/2240 2054/2054/2232 
f 2054/2054/2232 2062/2062/2240 2061/2061/2239 
f 2059/2059/2237 2061/2061/2239 2063/2063/2241 
f 2059/2059/2237 2063/2063/2241 2064/2064/2242 
f 2059/2059/2237 2064/2064/2242 2060/2060/2238 
f 2057/2057/2235 2060/2060/2238 2058/2058/2236 
f 1550/1550/1671 2058/2058/2236 1542/1542/1663 
f 1534/1534/1655 2065/2065/2243 2066/2066/2244 
f 1534/1534/1655 1536/1536/1657 2065/2065/2243 
f 2065/2065/2243 1536/1536/1657 1542/1542/1663 
f 2065/2065/2243 2067/2067/2245 2068/2068/2246 
f 2065/2065/2243 1542/1542/1663 2067/2067/2245 
f 2067/2067/2245 1542/1542/1663 2058/2058/2236 
f 2067/2067/2245 2069/2069/2247 2070/2070/2248 
f 2067/2067/2245 2058/2058/2236 2069/2069/2247 
f 2069/2069/2247 2058/2058/2236 2060/2060/2238 
f 2069/2069/2247 2071/2071/2249 2072/2072/2250 
f 2069/2069/2247 2060/2060/2238 2071/2071/2249 
f 2071/2071/2249 2060/2060/2238 2064/2064/2242 
f 2071/2071/2249 2073/2073/2251 2074/2074/2252 
f 2071/2071/2249 2064/2064/2242 2073/2073/2251 
f 2073/2073/2251 2064/2064/2242 2063/2063/2241 
f 2073/2073/2251 2063/2063/2241 2075/2075/2253 
f 2071/2071/2249 2074/2074/2252 2072/2072/2250 
f 2069/2069/2247 2072/2072/2250 2070/2070/2248 
f 2067/2067/2245 2070/2070/2248 2068/2068/2246 
f 2065/2065/2243 2068/2068/2246 2066/2066/2244 
f 1534/1534/1655 2066/2066/2244 1535/1535/1656 
f 1531/1531/1652 1535/1535/1656 1532/1532/1653 
f 1521/1521/1636 1532/1532/1653 1519/1519/1639 
f 1519/1519/1634 1532/1532/2254 1520/1520/1635 
f 1520/1520/1635 1532/1532/2254 2076/2076/2255 
f 2076/2076/2255 1532/1532/2254 1535/1535/2256 
f 2076/2076/2255 1535/1535/2256 2077/2077/2257 
f 2077/2077/2257 1535/1535/2256 2066/2066/2258 
f 2077/2077/2257 2066/2066/2258 2078/2078/2259 
f 2078/2078/2259 2066/2066/2258 2068/2068/2260 
f 2078/2078/2259 2068/2068/2260 2079/2079/2261 
f 2079/2079/2261 2068/2068/2260 2070/2070/2262 
f 2079/2079/2261 2070/2070/2262 2080/2080/2263 
f 2080/2080/2263 2070/2070/2262 2072/2072/2264 
f 2080/2080/2263 2072/2072/2264 2081/2081/2265 
f 2081/2081/2265 2072/2072/2264 2074/2074/2266 
f 2081/2081/2265 2074/2074/2266 2082/2082/2267 
f 2074/2074/2266 2083/2083/2268 2082/2082/2267 
f 2082/2082/2267 2083/2083/2268 2084/2084/2269 
f 2084/2084/2269 2083/2083/2268 2085/2085/2270 
f 2084/2084/2269 2085/2085/2270 2086/2086/2271 
f 2086/2086/2271 2085/2085/2270 2087/2087/2272 
f 2087/2087/2272 2085/2085/2270 2088/2088/2273 
f 2087/2087/2274 2088/2088/2275 2089/2089/2276 
f 2089/2089/2276 2088/2088/2275 2090/2090/2277 
f 2089/2089/2276 2090/2090/2277 2091/2091/2278 
f 2089/2089/2276 2091/2091/2278 2092/2092/2279 
f 2092/2092/2279 2091/2091/2278 2093/2093/2280 
f 2092/2092/2279 2093/2093/2280 2094/2094/2281 
f 2094/2094/2281 2093/2093/2280 2095/2095/2282 
f 2094/2094/2281 2095/2095/2282 2096/2096/2283 
f 2074/2074/2252 2073/2073/2251 2083/2083/2284 
f 2083/2083/2284 2073/2073/2251 2075/2075/2253 
f 2083/2083/2284 2075/2075/2253 2085/2085/2285 
f 2085/2085/2285 2075/2075/2253 2088/2088/2286 
f 2088/2088/2286 2075/2075/2253 2090/2090/2287 
f 2090/2090/2287 2075/2075/2253 2091/2091/2288 
f 2091/2091/2288 2075/2075/2253 2063/2063/2241 
f 2091/2091/2288 2063/2063/2241 2093/2093/2289 
f 2093/2093/2289 2063/2063/2241 2061/2061/2239 
f 2093/2093/2289 2061/2061/2239 2095/2095/2282 
f 2095/2095/2282 2061/2061/2239 2062/2062/2240 
f 2095/2095/2282 2062/2062/2240 2097/2097/2290 
f 2097/2097/2290 2062/2062/2240 1573/1573/1693 
f 2097/2097/2290 1573/1573/1693 2098/2098/2291 
f 2095/2095/2282 2097/2097/2290 2096/2096/2283 
f 2096/2096/2283 2097/2097/2290 2099/2099/2292 
f 2099/2099/2292 2097/2097/2290 2098/2098/2291 
f 2099/2099/2292 2098/2098/2291 2100/2100/2293 
f 2099/2099/2292 2100/2100/2293 2101/2101/2294 
f 2101/2101/2294 2100/2100/2293 2102/2102/2295 
f 2101/2101/2294 2102/2102/2295 2103/2103/2296 
f 2103/2103/2296 2102/2102/2295 2104/2104/2297 
f 2103/2103/2296 2104/2104/2297 2105/2105/2298 
f 2105/2105/2298 2104/2104/2297 2106/2106/2299 
f 2105/2105/2298 2106/2106/2299 2107/2107/2300 
f 2107/2107/2300 2106/2106/2299 2108/2108/2301 
f 2107/2107/2300 2108/2108/2301 1604/1604/1724 
f 1604/1604/1724 2108/2108/2301 1593/1593/1725 
f 1573/1573/1693 2109/2109/2302 2098/2098/2291 
f 2098/2098/2291 2109/2109/2302 2110/2110/2303 
f 2098/2098/2291 2110/2110/2303 2100/2100/2304 
f 2100/2100/2304 2110/2110/2303 2102/2102/2305 
f 2102/2102/2305 2110/2110/2303 2111/2111/2306 
f 2102/2102/2305 2111/2111/2306 2112/2112/2307 
f 2102/2102/2305 2112/2112/2307 2104/2104/2308 
f 2104/2104/2308 2112/2112/2307 1583/1583/1703 
f 2104/2104/2308 1583/1583/1703 2106/2106/2309 
f 2106/2106/2309 1583/1583/1703 1584/1584/1704 
f 2106/2106/2309 1584/1584/1704 2108/2108/2310 
f 2108/2108/2310 1584/1584/1704 1585/1585/1705 
f 2108/2108/2310 1585/1585/1705 1593/1593/1713 
f 1593/1593/1713 1585/1585/1705 1586/1586/1706 
f 1573/1573/1693 1572/1572/1692 2109/2109/2302 
f 2109/2109/2302 1572/1572/1692 2113/2113/2311 
f 2109/2109/2302 2113/2113/2311 2110/2110/2303 
f 2110/2110/2303 2113/2113/2311 2111/2111/2306 
f 2111/2111/2306 2113/2113/2311 2112/2112/2307 
f 2112/2112/2307 2113/2113/2311 1576/1576/1696 
f 2112/2112/2307 1576/1576/1696 1583/1583/1703 
f 1583/1583/1703 1576/1576/1696 2114/2114/2312 
f 1583/1583/1703 2114/2114/2312 1577/1577/1697 
f 1577/1577/1697 2114/2114/2312 1576/1576/1696 
f 1572/1572/1692 1576/1576/1696 2113/2113/2311 
f 2033/2033/2211 2044/2044/2222 2034/2034/2212 
f 2034/2034/2212 2044/2044/2222 2115/2115/2313 
f 2034/2034/2212 2115/2115/2313 2035/2035/2213 
f 2035/2035/2213 2115/2115/2313 2036/2036/2214 
f 2036/2036/2214 2115/2115/2313 2038/2038/2216 
f 2038/2038/2216 2115/2115/2313 2041/2041/2219 
f 2041/2041/2219 2115/2115/2313 2044/2044/2222 
f 1859/1859/2008 1861/1861/2010 1865/1865/2014 
f 1269/1269/1333 1267/1267/1331 2116/2116/2314 
f 2116/2116/2314 1267/1267/1331 2117/2117/2315 
f 2116/2116/2314 2117/2117/2315 2118/2118/2316 
f 2118/2118/2316 2117/2117/2315 147/147/154 
f 147/147/154 2117/2117/2315 145/145/152 
f 145/145/152 2117/2117/2315 1264/1264/1328 
f 1264/1264/1328 2117/2117/2315 1267/1267/1331 
f 1044/1044/1108 1269/1269/1333 150/150/157 
f 150/150/157 1269/1269/1333 151/151/158 
f 151/151/158 1269/1269/1333 2116/2116/2314 
f 151/151/158 2116/2116/2314 155/155/162 
f 155/155/162 2116/2116/2314 2118/2118/2316 
f 155/155/162 2118/2118/2316 158/158/165 
f 158/158/165 2118/2118/2316 162/162/169 
f 162/162/169 2118/2118/2316 147/147/154 
f 162/162/169 147/147/154 146/146/153 
f 144/144/151 147/147/154 145/145/152 
f 143/143/150 145/145/152 142/142/149 
f 1362/1362/1439 1368/1368/2317 1363/1363/1440 
f 1363/1363/1440 1368/1368/2317 2119/2119/2318 
f 2119/2119/2318 1368/1368/2317 1367/1367/2319 
f 2119/2119/2318 1367/1367/2319 2120/2120/2320 
f 2120/2120/2320 1367/1367/2319 2121/2121/2321 
f 2120/2120/2320 2121/2121/2321 2122/2122/2322 
f 2122/2122/2322 2121/2121/2321 2123/2123/2323 
f 2122/2122/2322 2123/2123/2323 2124/2124/2324 
f 2124/2124/2324 2123/2123/2323 2125/2125/2325 
f 2124/2124/2324 2125/2125/2325 2126/2126/2326 
f 2126/2126/2326 2125/2125/2325 2127/2127/2327 
f 2126/2126/2326 2127/2127/2327 2128/2128/2328 
f 2128/2128/2328 2127/2127/2327 2129/2129/2329 
f 2128/2128/2328 2129/2129/2329 2130/2130/2330 
f 1367/1367/1444 1364/1364/1441 2121/2121/2331 
f 2121/2121/2331 1364/1364/1441 1384/1384/1465 
f 2121/2121/2331 1384/1384/1465 2123/2123/2332 
f 2123/2123/2332 1384/1384/1465 1386/1386/1467 
f 2123/2123/2332 1386/1386/1467 2125/2125/2333 
f 2125/2125/2333 1386/1386/1467 1400/1400/1481 
f 2125/2125/2333 1400/1400/1481 2127/2127/2334 
f 2127/2127/2334 1400/1400/1481 1401/1401/1482 
f 2127/2127/2334 1401/1401/1482 2129/2129/2335 
f 2129/2129/2335 1401/1401/1482 2131/2131/2336 
f 2131/2131/2336 1401/1401/1482 1402/1402/1483 
f 2131/2131/2336 1402/1402/1483 2132/2132/2337 
f 2132/2132/2337 1402/1402/1483 1403/1403/1484 
f 2132/2132/2337 1403/1403/1484 1405/1405/1486 
f 2130/2130/2330 2129/2129/2329 2133/2133/2338 
f 2133/2133/2338 2129/2129/2329 2131/2131/2339 
f 2133/2133/2338 2131/2131/2339 2134/2134/2340 
f 2134/2134/2340 2131/2131/2339 2132/2132/2341 
f 2134/2134/2340 2132/2132/2341 2135/2135/2342 
f 2135/2135/2342 2132/2132/2341 1405/1405/2343 
f 2135/2135/2342 1405/1405/2343 2136/2136/2344 
f 2136/2136/2344 1405/1405/2343 1407/1407/2345 
f 2136/2136/2344 1407/1407/2345 2137/2137/2346 
f 2137/2137/2346 1407/1407/2345 1409/1409/2347 
f 2137/2137/2346 1409/1409/2347 2138/2138/2348 
f 2138/2138/2348 1409/1409/2347 1411/1411/2349 
f 2138/2138/2348 1411/1411/2349 1420/1420/1501 
f 1420/1420/1501 1411/1411/2349 1419/1419/1502 
f 1010/1010/1071 1011/1011/1072 2139/2139/2350 
f 2139/2139/2350 1011/1011/1072 1012/1012/2351 
f 2139/2139/2350 1012/1012/2351 2140/2140/2352 
f 2140/2140/2352 1012/1012/2351 1014/1014/2353 
f 2140/2140/2352 1014/1014/2353 2141/2141/2354 
f 2141/2141/2354 1014/1014/2353 1016/1016/2355 
f 2141/2141/2354 1016/1016/2355 2142/2142/2356 
f 2142/2142/2356 1016/1016/2355 1018/1018/2357 
f 2142/2142/2356 1018/1018/2357 2143/2143/2358 
f 2143/2143/2358 1018/1018/2357 1020/1020/2359 
f 2143/2143/2358 1020/1020/2359 2144/2144/2360 
f 2144/2144/2360 1020/1020/2359 1021/1021/2361 
f 2144/2144/2360 1021/1021/2361 1694/1694/1838 
f 1694/1694/1838 1021/1021/2361 1695/1695/1839 
f 1021/1021/1085 1022/1022/1086 1695/1695/1858 
f 1695/1695/1858 1022/1022/1086 1710/1710/1859 
f 1710/1710/1859 1022/1022/1086 470/470/505 
f 1710/1710/1859 470/470/505 1711/1711/1860 
f 1711/1711/1860 470/470/505 451/451/486 
f 1711/1711/1860 451/451/486 1713/1713/1862 
f 1713/1713/1862 451/451/486 450/450/485 
f 1713/1713/1862 450/450/485 1714/1714/1863 
f 1714/1714/1863 450/450/485 1220/1220/1284 
f 1714/1714/1863 1220/1220/1284 1716/1716/1865 
f 1716/1716/1865 1220/1220/1284 1217/1217/1281 
f 1716/1716/1865 1217/1217/1281 1718/1718/1867 
f 1718/1718/1867 1217/1217/1281 1206/1206/1270 
f 1718/1718/1867 1206/1206/1270 1204/1204/1268 
f 1582/1582/1702 1568/1568/1688 1590/1590/1710 
f 1590/1590/1710 1568/1568/1688 1569/1569/1689 
f 1590/1590/1710 1569/1569/1689 1591/1591/1711 
f 1591/1591/1711 1569/1569/1689 1570/1570/1690 
f 1591/1591/1711 1570/1570/1690 2145/2145/2362 
f 2145/2145/2362 1570/1570/1690 121/121/128 
f 2145/2145/2362 121/121/128 127/127/134 
f 2145/2145/2362 127/127/134 2146/2146/2363 
f 2146/2146/2363 127/127/134 2147/2147/2364 
f 2147/2147/2364 127/127/134 128/128/135 
f 2147/2147/2364 128/128/135 2148/2148/2365 
f 2148/2148/2365 128/128/135 130/130/137 
f 2148/2148/2365 130/130/137 2149/2149/2366 
f 2149/2149/2366 130/130/137 1684/1684/1828 
f 1591/1591/1711 2145/2145/2362 1592/1592/1712 
f 1592/1592/1712 2145/2145/2362 1599/1599/1719 
f 1599/1599/1719 2145/2145/2362 2146/2146/2363 
f 1599/1599/1719 2146/2146/2363 1601/1601/1721 
f 1601/1601/1721 2146/2146/2363 2147/2147/2364 
f 1601/1601/1721 2147/2147/2364 2148/2148/2365 
f 1601/1601/1721 2148/2148/2365 1603/1603/1723 
f 1603/1603/1723 2148/2148/2365 2149/2149/2366 
f 1603/1603/1723 2149/2149/2366 1626/1626/1752 
f 1626/1626/1752 2149/2149/2366 1684/1684/1828 
f 1626/1626/1752 1684/1684/1828 1627/1627/1754 
f 1627/1627/1754 1684/1684/1828 1685/1685/1829 
f 1627/1627/1754 1685/1685/1829 1683/1683/1827 
f 1627/1627/1754 1683/1683/1827 1628/1628/1756 
f 524/524/559 2150/2150/2367 954/954/1008 
f 524/524/559 519/519/554 2150/2150/2367 
f 2150/2150/2367 519/519/554 518/518/553 
f 2150/2150/2367 2151/2151/2368 955/955/1009 
f 2150/2150/2367 518/518/553 2151/2151/2368 
f 2151/2151/2368 518/518/553 976/976/1030 
f 2151/2151/2368 976/976/1030 957/957/1011 
f 2151/2151/2368 957/957/1011 956/956/1010 
f 2151/2151/2368 956/956/1010 955/955/1009 
f 2150/2150/2367 955/955/1009 954/954/1008 
f 524/524/559 954/954/1008 544/544/579 
f 524/524/559 544/544/579 525/525/560 
f 525/525/560 544/544/579 533/533/568 
f 525/525/560 533/533/568 526/526/561 
# 4086 faces

