# 3ds Max Wavefront OBJ Exporter v0.99 - (c)2007 guruware
# File Created: 01.04.2025 23:11:03

mtllib Cofre_Carro.mtl

#
# object Cofre
#

v  2.6059 -0.1563 1.8527
v  2.6059 -0.1531 1.7596
v  2.6059 -0.1468 1.8527
v  2.6059 -0.1437 1.7584
v  2.6059 -0.1353 1.7584
v  2.6059 -0.1647 1.9470
v  2.6059 -0.1552 1.9483
v  2.6059 -0.1384 1.8527
v  2.6059 -0.1468 1.9483
v  2.6059 -0.1647 -1.9470
v  2.6059 -0.1552 -1.9482
v  2.6059 -0.1563 -1.8527
v  2.6059 -0.1468 -1.8527
v  2.6059 -0.1531 -1.7596
v  2.6059 -0.1437 -1.7584
v  2.6059 -0.1353 -1.7584
v  2.6059 -0.1384 -1.8527
v  2.6059 -0.1468 -1.9482
v  2.6102 -0.1542 1.6580
v  2.6059 -0.1447 1.6715
v  2.6059 -0.1531 1.6727
v  2.6059 -0.1363 1.6702
v  2.5973 -0.1353 1.6715
v  2.6059 -0.1668 2.0352
v  2.5973 -0.1342 1.7596
v  2.5973 -0.1374 1.8540
v  2.5491 -0.1290 1.6776
v  2.5502 -0.1290 1.7645
v  2.6038 -0.1363 1.6457
v  2.6102 -0.1363 1.6543
v  2.6102 -0.1447 1.6556
v  2.6209 -0.1468 1.6457
v  2.4891 -0.1227 1.6102
v  2.4837 -0.1216 1.6408
v  2.4923 -0.1227 1.6421
v  2.4923 -0.1216 1.6837
v  2.6059 -0.1762 2.0340
v  2.6102 -0.1689 2.0498
v  2.6102 -0.1783 2.0487
v  2.5523 -0.1321 1.8576
v  2.5973 -0.1458 1.9495
v  2.6059 -0.1584 2.0364
v  2.6102 -0.1605 2.0511
v  2.6209 -0.1720 2.0597
v  2.6209 -0.1636 2.0609
v  2.6338 -0.1731 2.0597
v  2.6338 -0.1647 2.0609
v  2.6938 -0.1794 2.0401
v  2.6938 -0.1710 2.0412
v  2.7507 -0.1762 2.0192
v  2.7507 -0.1846 2.0167
v  2.5534 -0.1405 1.9519
v  2.5973 -0.1573 2.0389
v  2.6049 -0.1615 2.0609
v  2.6166 -0.1647 2.0707
v  2.6413 -0.1678 2.0707
v  2.6971 -0.1731 2.0511
v  2.7550 -0.1773 2.0278
v  2.7389 -0.1815 2.0694
v  2.8364 -0.1846 1.9898
v  2.8268 -0.1825 1.9837
v  2.8268 -0.1899 1.9812
v  2.9458 -0.1930 1.9310
v  2.9458 -0.2014 1.9298
v  2.9362 -0.1941 1.9457
v  3.1367 -0.2182 1.8735
v  3.1367 -0.2266 1.8723
v  3.1345 -0.2193 1.8845
v  3.2610 -0.2371 1.8441
v  3.2235 -0.2382 1.8503
v  3.1367 -0.2361 1.8698
v  2.9458 -0.2329 1.9225
v  2.8268 -0.2340 1.9702
v  2.6938 -0.2371 2.0279
v  2.7507 -0.2361 2.0057
v  2.6209 -0.1815 2.0573
v  2.6338 -0.1825 2.0584
v  2.6338 -0.2371 2.0475
v  2.5727 -0.1857 2.0768
v  2.6338 -0.2455 2.0462
v  2.5727 -0.2465 2.0683
v  2.6938 -0.2455 2.0266
v  2.7507 -0.2444 2.0033
v  2.8268 -0.2423 1.9690
v  2.9458 -0.2403 1.9200
v  2.5727 -0.2382 2.0695
v  3.5280 -0.2833 -1.6763
v  3.5033 -0.2780 -1.6592
v  3.5334 -0.2843 -1.6678
v  3.4755 -0.2728 -1.6518
v  3.5752 -0.2959 -1.7645
v  3.5687 -0.2927 -1.7254
v  3.5816 -0.3053 -1.7621
v  3.5602 -0.2917 -1.7290
v  3.5537 -0.2885 -1.6934
v  3.5752 -0.3022 -1.7217
v  3.5462 -0.2875 -1.6996
v  3.4765 -0.2717 -1.6948
v  3.2600 -0.2319 -1.6250
v  3.4755 -0.2728 -1.6409
v  3.5055 -0.2791 -1.6494
v  3.1216 -0.2077 -1.6690
v  2.8750 -0.1741 -1.5809
v  3.0734 -0.2025 -1.6016
v  3.0745 -0.2035 -1.5919
v  3.2610 -0.2329 -1.6151
v  3.4733 -0.2812 -1.6323
v  3.5076 -0.2875 -1.6409
v  3.5366 -0.2938 -1.6604
v  3.5591 -0.2980 -1.6874
v  3.2578 -0.2298 -1.6763
v  2.8740 -0.1836 -1.5625
v  3.0734 -0.2119 -1.5821
v  2.8750 -0.1741 -1.5711
v  3.2600 -0.2413 -1.6054
v  2.6660 -0.1468 -1.5637
v  2.6660 -0.1468 -1.5539
v  2.5716 -0.1353 -1.5601
v  2.5716 -0.1353 -1.5503
v  2.6649 -0.1552 -1.5454
v  2.5437 -0.1321 -1.5526
v  2.5705 -0.1437 -1.5404
v  2.5459 -0.1321 -1.5625
v  2.5201 -0.1279 -1.5649
v  2.5405 -0.1405 -1.5440
v  2.4740 -0.1290 -1.6409
v  2.4794 -0.1300 -1.6065
v  2.4837 -0.1216 -1.6409
v  2.4891 -0.1227 -1.6102
v  2.4923 -0.1227 -1.6421
v  2.4933 -0.1332 -1.5784
v  2.5008 -0.1258 -1.5845
v  2.5148 -0.1363 -1.5563
v  2.5491 -0.1290 -1.6776
v  2.5084 -0.1258 -1.5907
v  2.4987 -0.1248 -1.6090
v  2.5244 -0.1290 -1.5735
v  2.4923 -0.1216 -1.6837
v  2.4837 -0.1206 -1.6849
v  2.4912 -0.1216 -1.7707
v  2.4826 -0.1206 -1.7707
v  2.4740 -0.1279 -1.6862
v  2.4912 -0.1248 -1.8613
v  2.4826 -0.1237 -1.8625
v  2.4730 -0.1279 -1.7718
v  2.4901 -0.1332 -1.9542
v  2.4815 -0.1321 -1.9556
v  2.4730 -0.1311 -1.8625
v  2.4901 -0.1468 -2.0633
v  2.4815 -0.1458 -2.0645
v  2.4719 -0.1395 -1.9542
v  2.4955 -0.1521 -2.0964
v  2.4869 -0.1510 -2.1000
v  2.4719 -0.1531 -2.0633
v  2.5094 -0.1573 -2.1233
v  2.5030 -0.1573 -2.1306
v  2.5502 -0.1290 -1.7645
v  2.5523 -0.1321 -1.8576
v  2.5534 -0.1405 -1.9519
v  2.5555 -0.1531 -2.0486
v  2.6038 -0.1363 -1.6458
v  2.5973 -0.1353 -1.6715
v  2.5973 -0.1342 -1.7596
v  2.5973 -0.1374 -1.8539
v  2.5973 -0.1458 -1.9495
v  2.5973 -0.1573 -2.0388
v  2.6049 -0.1615 -2.0609
v  2.5566 -0.1689 -2.1514
v  2.5866 -0.1720 -2.1502
v  2.5555 -0.1699 -2.1624
v  2.6166 -0.1647 -2.0707
v  2.6842 -0.1825 -2.1270
v  2.5877 -0.1741 -2.1600
v  2.6059 -0.1584 -2.0364
v  2.6102 -0.1605 -2.0511
v  2.6209 -0.1636 -2.0609
v  2.6338 -0.1647 -2.0609
v  2.6413 -0.1678 -2.0707
v  2.6938 -0.1710 -2.0412
v  2.6971 -0.1731 -2.0511
v  2.7550 -0.1773 -2.0278
v  2.7389 -0.1815 -2.0694
v  2.6059 -0.1668 -2.0352
v  2.6102 -0.1689 -2.0498
v  2.6209 -0.1720 -2.0596
v  2.6338 -0.1731 -2.0596
v  2.6938 -0.1794 -2.0401
v  2.7507 -0.1762 -2.0192
v  2.8268 -0.1825 -1.9837
v  2.8364 -0.1846 -1.9899
v  2.9458 -0.1930 -1.9311
v  2.9362 -0.1941 -1.9457
v  2.6338 -0.2371 -2.0473
v  2.6938 -0.2371 -2.0278
v  2.7507 -0.1846 -2.0167
v  2.8268 -0.1899 -1.9813
v  2.9458 -0.2014 -1.9298
v  3.1367 -0.2266 -1.8723
v  3.1367 -0.2182 -1.8735
v  3.2235 -0.2382 -1.8503
v  3.2610 -0.2371 -1.8441
v  3.1367 -0.2361 -1.8699
v  2.9458 -0.2329 -1.9225
v  2.8268 -0.2340 -1.9703
v  2.7507 -0.2361 -2.0058
v  3.1345 -0.2193 -1.8845
v  3.2621 -0.2382 -1.8539
v  3.4186 -0.2665 -1.8148
v  3.2610 -0.2507 -1.8429
v  3.1367 -0.2444 -1.8686
v  2.9458 -0.2403 -1.9201
v  2.8268 -0.2423 -1.9690
v  2.8847 -0.1951 -2.0180
v  3.1163 -0.2245 -1.9556
v  3.2675 -0.2455 -1.9126
v  3.4283 -0.2686 -1.8233
v  3.4787 -0.2749 -1.7731
v  3.4154 -0.2654 -1.8062
v  3.4154 -0.2623 -1.7804
v  3.4154 -0.2623 -1.7621
v  3.4186 -0.2623 -1.7523
v  2.8933 -0.2067 -2.0792
v  2.6853 -0.1836 -2.1367
v  3.0895 -0.2298 -2.0229
v  2.8954 -0.2077 -2.0877
v  3.2750 -0.2549 -1.9703
v  3.0916 -0.2319 -2.0315
v  3.4840 -0.2822 -1.8515
v  3.4851 -0.2875 -1.8894
v  3.5505 -0.2959 -1.8306
v  3.5344 -0.2948 -1.8564
v  3.5666 -0.2938 -1.7645
v  3.5634 -0.2959 -1.7976
v  3.5580 -0.2980 -1.8356
v  2.5266 -0.1647 -2.1514
v  2.5309 -0.1636 -2.1428
v  3.2750 -0.2665 -1.9873
v  3.0916 -0.2413 -2.0388
v  3.2760 -0.2570 -1.9801
v  2.8954 -0.2182 -2.0964
v  2.6842 -0.1941 -2.1440
v  2.5877 -0.1836 -2.1673
v  2.5534 -0.1794 -2.1698
v  2.5212 -0.1731 -2.1587
v  2.4955 -0.1657 -2.1343
v  2.4783 -0.1594 -2.1024
v  2.7496 -0.2235 -1.6874
v  2.6992 -0.2214 -1.7572
v  2.6896 -0.2224 -1.6739
v  2.7485 -0.2434 -1.9948
v  2.8268 -0.2413 -1.9579
v  2.7507 -0.2444 -2.0033
v  2.7013 -0.2329 -1.9348
v  2.6992 -0.2245 -1.8465
v  2.8236 -0.2277 -1.8356
v  2.8257 -0.2256 -1.7093
v  2.8268 -0.2256 -1.6996
v  2.7528 -0.2235 -1.6776
v  2.6928 -0.2224 -1.6640
v  2.6349 -0.2203 -1.6556
v  2.6349 -0.2203 -1.6666
v  2.5727 -0.2193 -1.6568
v  2.6349 -0.2193 -1.7621
v  2.5727 -0.2182 -1.7670
v  2.6349 -0.2224 -1.8503
v  2.5727 -0.2214 -1.8551
v  2.6349 -0.2308 -1.9397
v  2.9458 -0.2392 -1.9103
v  2.6917 -0.2444 -2.0167
v  2.5727 -0.2193 -1.6470
v  2.6349 -0.2444 -2.0364
v  2.5727 -0.2444 -2.0571
v  2.5727 -0.2287 -1.9446
v  2.5727 -0.2465 -2.0682
v  2.6338 -0.2455 -2.0462
v  2.6938 -0.2455 -2.0266
v  2.6949 -0.1479 -1.6384
v  2.6928 -0.1468 -1.6482
v  2.6349 -0.1405 -1.6409
v  2.7528 -0.1552 -1.6604
v  2.8718 -0.1710 -1.6409
v  2.7292 -0.1531 -1.6138
v  2.6392 -0.1405 -1.6310
v  2.7539 -0.1552 -1.6507
v  2.8354 -0.1657 -1.6752
v  2.8268 -0.1647 -1.6825
v  2.7528 -0.1636 -1.6629
v  2.6928 -0.1563 -1.6507
v  2.6349 -0.1489 -1.6432
v  2.9329 -0.1794 -1.6960
v  2.9469 -0.1804 -1.7082
v  2.8268 -0.1731 -1.6849
v  2.7528 -0.2151 -1.6752
v  2.6928 -0.2140 -1.6629
v  2.6349 -0.2119 -1.6543
v  2.6349 -0.1573 -1.6445
v  2.5727 -0.2109 -1.6458
v  2.5727 -0.1594 -1.6384
v  2.8268 -0.2172 -1.6971
v  2.9469 -0.1888 -1.7107
v  2.9469 -0.2203 -1.7205
v  3.1367 -0.2098 -1.7327
v  3.1367 -0.2182 -1.7364
v  3.1334 -0.2098 -1.7229
v  3.2578 -0.2298 -1.7351
v  3.2578 -0.2298 -1.7450
v  3.4251 -0.2633 -1.7424
v  2.9469 -0.2277 -1.7229
v  3.1367 -0.2287 -1.7401
v  3.1367 -0.2361 -1.7437
v  3.2364 -0.2340 -1.7473
v  3.2578 -0.2444 -1.7510
v  3.5709 -0.2980 -1.7988
v  3.5409 -0.2969 -1.8637
v  3.5151 -0.2948 -1.8858
v  3.5109 -0.2927 -1.8772
v  3.4862 -0.2896 -1.8992
v  3.5773 -0.3085 -1.8012
v  3.5655 -0.3085 -1.8379
v  3.5441 -0.3074 -1.8686
v  3.5173 -0.3043 -1.8931
v  3.4851 -0.2990 -1.9078
v  3.5033 -0.2780 1.6593
v  3.5334 -0.2843 1.6679
v  3.5055 -0.2791 1.6494
v  3.5537 -0.2885 1.6935
v  3.5280 -0.2833 1.6763
v  3.4755 -0.2728 1.6518
v  3.4755 -0.2728 1.6408
v  3.5752 -0.2959 1.7645
v  3.5687 -0.2927 1.7254
v  3.5602 -0.2917 1.7290
v  3.5462 -0.2875 1.6996
v  3.5666 -0.2938 1.7645
v  3.4765 -0.2717 1.6947
v  3.4787 -0.2749 1.7731
v  3.2600 -0.2319 1.6249
v  3.2578 -0.2298 1.6763
v  3.2610 -0.2329 1.6151
v  3.0745 -0.2035 1.5918
v  3.0734 -0.2025 1.6016
v  3.1216 -0.2077 1.6690
v  2.8750 -0.1741 1.5809
v  2.8718 -0.1710 1.6408
v  2.7528 -0.2235 1.6776
v  2.8268 -0.2172 1.6971
v  2.7528 -0.2151 1.6751
v  2.8268 -0.1731 1.6849
v  2.7528 -0.1636 1.6629
v  2.9469 -0.1888 1.7106
v  2.9469 -0.1804 1.7082
v  2.8268 -0.1647 1.6825
v  3.1367 -0.2098 1.7327
v  3.1334 -0.2098 1.7229
v  2.9329 -0.1794 1.6959
v  3.2578 -0.2298 1.7351
v  3.4251 -0.2633 1.7426
v  2.8268 -0.2256 1.6996
v  2.9469 -0.2203 1.7204
v  3.1367 -0.2182 1.7363
v  3.2578 -0.2298 1.7449
v  3.4186 -0.2623 1.7522
v  3.4154 -0.2623 1.7620
v  3.4154 -0.2623 1.7804
v  3.4154 -0.2654 1.8061
v  3.4186 -0.2665 1.8147
v  2.9469 -0.2277 1.7229
v  3.1367 -0.2287 1.7400
v  3.2364 -0.2340 1.7474
v  3.2578 -0.2444 1.7510
v  3.1367 -0.2361 1.7437
v  3.5344 -0.2948 1.8563
v  3.4840 -0.2822 1.8514
v  3.5109 -0.2927 1.8772
v  3.5505 -0.2959 1.8306
v  3.4283 -0.2686 1.8233
v  3.2675 -0.2455 1.9127
v  3.2621 -0.2382 1.8540
v  3.2750 -0.2549 1.9702
v  3.4851 -0.2875 1.8894
v  3.0916 -0.2319 2.0314
v  3.0895 -0.2298 2.0229
v  3.2760 -0.2570 1.9800
v  3.5151 -0.2948 1.8857
v  3.5409 -0.2969 1.8637
v  3.5580 -0.2980 1.8355
v  3.5634 -0.2959 1.7976
v  3.5709 -0.2980 1.7988
v  3.5173 -0.3043 1.8931
v  3.5441 -0.3074 1.8686
v  3.5655 -0.3085 1.8381
v  3.5773 -0.3085 1.8012
v  3.5816 -0.3053 1.7620
v  3.5752 -0.3022 1.7217
v  3.5591 -0.2980 1.6874
v  3.5366 -0.2938 1.6604
v  3.5076 -0.2875 1.6408
v  3.4733 -0.2812 1.6322
v  3.2600 -0.2413 1.6054
v  3.0734 -0.2119 1.5820
v  2.8750 -0.1741 1.5710
v  2.8740 -0.1836 1.5625
v  2.6660 -0.1468 1.5539
v  2.6649 -0.1552 1.5453
v  2.5716 -0.1353 1.5502
v  2.5705 -0.1437 1.5404
v  2.6660 -0.1468 1.5638
v  2.5716 -0.1353 1.5601
v  2.5437 -0.1321 1.5527
v  2.5459 -0.1321 1.5625
v  2.5201 -0.1279 1.5649
v  2.5244 -0.1290 1.5735
v  2.5084 -0.1258 1.5906
v  2.5405 -0.1405 1.5441
v  2.5148 -0.1363 1.5563
v  2.5008 -0.1258 1.5846
v  2.4987 -0.1248 1.6090
v  2.4730 -0.1279 1.7718
v  2.4826 -0.1206 1.7706
v  2.4740 -0.1279 1.6861
v  2.4837 -0.1206 1.6849
v  2.4740 -0.1290 1.6408
v  2.4794 -0.1300 1.6065
v  2.4933 -0.1332 1.5784
v  2.4869 -0.1510 2.1000
v  2.4815 -0.1458 2.0646
v  2.4719 -0.1531 2.0634
v  2.4955 -0.1521 2.0964
v  2.4901 -0.1468 2.0634
v  2.4815 -0.1321 1.9556
v  2.4719 -0.1395 1.9543
v  2.4901 -0.1332 1.9543
v  2.4826 -0.1237 1.8626
v  2.4730 -0.1311 1.8626
v  2.4912 -0.1248 1.8612
v  2.4912 -0.1216 1.7706
v  2.5094 -0.1573 2.1234
v  2.5555 -0.1531 2.0487
v  2.4783 -0.1594 2.1026
v  2.5030 -0.1573 2.1307
v  2.4955 -0.1657 2.1344
v  2.5266 -0.1647 2.1515
v  2.5212 -0.1731 2.1589
v  2.5555 -0.1699 2.1625
v  2.5534 -0.1794 2.1699
v  2.5877 -0.1741 2.1601
v  2.5309 -0.1636 2.1430
v  2.5566 -0.1689 2.1515
v  2.5866 -0.1720 2.1503
v  2.6842 -0.1825 2.1271
v  2.6853 -0.1836 2.1367
v  2.8933 -0.2067 2.0792
v  2.8954 -0.2077 2.0878
v  2.8847 -0.1951 2.0180
v  3.1163 -0.2245 1.9555
v  3.1367 -0.2444 1.8686
v  3.2610 -0.2507 1.8429
v  3.2610 -0.2497 -1.8331
v  3.2578 -0.2455 -1.7976
v  3.1356 -0.2382 -1.8086
v  3.1367 -0.2361 -1.7535
v  3.1367 -0.2434 -1.8587
v  2.9469 -0.2308 -1.8257
v  2.9469 -0.2287 -1.7327
v  3.2578 -0.2444 -1.7609
v  2.6992 -0.2214 1.7571
v  2.6992 -0.2245 1.8465
v  2.8236 -0.2277 1.8355
v  2.8268 -0.2413 1.9580
v  2.7496 -0.2235 1.6874
v  2.8257 -0.2256 1.7095
v  2.9469 -0.2308 1.8257
v  2.9458 -0.2392 1.9102
v  3.1367 -0.2434 1.8589
v  2.7485 -0.2434 1.9947
v  2.7013 -0.2329 1.9348
v  2.6349 -0.2224 1.8503
v  2.6349 -0.2193 1.7620
v  2.6896 -0.2224 1.6739
v  2.6349 -0.2203 1.6665
v  2.6928 -0.2224 1.6641
v  2.6349 -0.2203 1.6556
v  2.9469 -0.2287 1.7327
v  3.1356 -0.2382 1.8087
v  3.2610 -0.2497 1.8331
v  3.2578 -0.2455 1.7976
v  3.2578 -0.2444 1.7608
v  3.1367 -0.2361 1.7535
v  2.6917 -0.2444 2.0168
v  2.6349 -0.2308 1.9397
v  2.6349 -0.2444 2.0364
v  2.5727 -0.2214 1.8551
v  2.5727 -0.2287 1.9446
v  2.5727 -0.2444 2.0573
v  2.5727 -0.2182 1.7670
v  2.5727 -0.2193 1.6567
v  2.5727 -0.2193 1.6470
v  2.6209 -0.1384 1.6445
v  2.6156 -0.1384 1.6359
v  2.6392 -0.1405 1.6310
v  2.6349 -0.1405 1.6408
v  2.6949 -0.1479 1.6385
v  2.6349 -0.1489 1.6434
v  2.6928 -0.1468 1.6482
v  2.5727 -0.2109 1.6457
v  2.6349 -0.2119 1.6543
v  2.5727 -0.1594 1.6385
v  2.6349 -0.1573 1.6445
v  2.6928 -0.1563 1.6507
v  2.6209 -0.1563 1.6470
v  2.7528 -0.1552 1.6604
v  2.7539 -0.1552 1.6507
v  2.8354 -0.1657 1.6751
v  2.7292 -0.1531 1.6140
v  2.6928 -0.2140 1.6629
v  2.5727 -0.1794 2.0536
v  2.5727 -0.1825 2.0670
v  2.5727 -0.1647 1.9470
v  2.5727 -0.1563 1.8527
v  2.5727 -0.1531 1.7596
v  2.5727 -0.1563 1.6665
v  2.5727 -0.1563 1.6507
v  2.5727 -0.1584 1.6408
v  3.4862 -0.2896 1.8992
v  3.4851 -0.2990 1.9078
v  3.2750 -0.2665 1.9874
v  3.0916 -0.2413 2.0388
v  2.8954 -0.2182 2.0963
v  2.6842 -0.1941 2.1442
v  2.5877 -0.1836 2.1675
v  2.5727 -0.1563 -1.6666
v  2.6102 -0.1542 -1.6580
v  2.5727 -0.1563 -1.6507
v  2.6209 -0.1563 -1.6470
v  2.5727 -0.1584 -1.6409
v  2.6059 -0.1531 -1.6726
v  2.5727 -0.1531 -1.7596
v  2.5727 -0.1563 -1.8527
v  2.5727 -0.1647 -1.9470
v  2.5727 -0.1794 -2.0535
v  2.6059 -0.1762 -2.0339
v  2.5727 -0.1825 -2.0670
v  2.6102 -0.1783 -2.0486
v  2.5727 -0.1857 -2.0768
v  2.6209 -0.1815 -2.0571
v  2.6338 -0.1825 -2.0584
v  2.5727 -0.2382 -2.0694
v  2.6059 -0.1447 -1.6715
v  2.6102 -0.1447 -1.6556
v  2.6209 -0.1468 -1.6458
v  2.6209 -0.1384 -1.6445
v  2.6102 -0.1363 -1.6543
v  2.6059 -0.1363 -1.6703
v  2.6156 -0.1384 -1.6360
v  3.4862 -0.2927 -1.9201
v  3.2782 -0.2612 -1.9997
v  3.0938 -0.2350 -2.0511
v  2.8986 -0.2119 -2.1073
v  2.6874 -0.1867 -2.1563
v  2.5888 -0.1773 -2.1783
v  2.5545 -0.1731 -2.1820
v  2.5180 -0.1657 -2.1673
v  2.5555 -0.1741 -2.1918
v  2.5877 -0.1783 -2.1881
v  2.5587 -0.1804 -2.2322
v  2.6885 -0.1888 -2.1649
v  2.6938 -0.1983 -2.2200
v  2.8997 -0.2130 -2.1172
v  2.9040 -0.2182 -2.1417
v  3.0959 -0.2371 -2.0596
v  3.1023 -0.2455 -2.1013
v  3.2803 -0.2623 -2.0082
v  3.2878 -0.2738 -2.0609
v  3.4862 -0.2938 -1.9298
v  3.4851 -0.3074 -2.0143
v  2.5126 -0.1657 -2.1759
v  2.4601 -0.1657 -2.2212
v  2.4869 -0.1584 -2.1538
v  2.4912 -0.1584 -2.1453
v  2.4226 -0.1479 -2.1330
v  2.4655 -0.1510 -2.1184
v  2.9126 -0.2298 -2.1980
v  2.7024 -0.2130 -2.3094
v  2.4665 -0.1783 -2.3081
v  2.2253 -0.1416 -2.2702
v  2.2349 -0.1321 -2.1944
v  2.2414 -0.1227 -2.1171
v  2.4129 -0.1363 -2.0596
v  2.2457 -0.1143 -2.0401
v  2.4140 -0.1237 -1.9568
v  2.4569 -0.1290 -1.9568
v  2.2500 -0.1059 -1.9592
v  2.2510 -0.0996 -1.8772
v  2.4151 -0.1164 -1.8673
v  2.7078 -0.2245 -2.3903
v  2.4665 -0.1888 -2.3877
v  2.2156 -0.1500 -2.3412
v  1.9862 -0.1132 -2.2665
v  2.0066 -0.1080 -2.2089
v  2.0259 -0.1017 -2.1477
v  2.0387 -0.0965 -2.0854
v  2.0484 -0.0912 -2.0217
v  2.0559 -0.0849 -1.9542
v  2.9319 -0.2581 -2.3670
v  2.7131 -0.2329 -2.4564
v  2.4676 -0.1962 -2.4526
v  2.2071 -0.1563 -2.4024
v  1.9658 -0.1174 -2.3228
v  1.8093 -0.0849 -2.1809
v  1.8393 -0.0828 -2.1379
v  1.8629 -0.0797 -2.0964
v  1.8747 -0.0765 -2.0486
v  1.6849 -0.0639 -2.1000
v  1.7825 -0.0870 -2.2285
v  1.6517 -0.0639 -2.1416
v  1.9379 -0.1195 -2.3842
v  1.7492 -0.0891 -2.3008
v  2.1728 -0.1563 -2.4514
v  2.0891 -0.1500 -2.4906
v  2.4655 -0.2056 -2.5396
v  2.1481 -0.1668 -2.5775
v  2.7174 -0.2434 -2.5397
v  2.4601 -0.2224 -2.7036
v  2.9383 -0.2675 -2.4331
v  3.1367 -0.2990 -2.3976
v  3.1313 -0.2896 -2.3327
v  3.3189 -0.3305 -2.3584
v  2.9597 -0.3116 -2.7846
v  2.7239 -0.2581 -2.6719
v  2.9512 -0.2927 -2.6376
v  2.1524 -0.1825 -2.7318
v  1.8940 -0.1216 -2.4612
v  1.6999 -0.0933 -2.4147
v  1.8790 -0.1321 -2.5800
v  1.8436 -0.1458 -2.7563
v  2.1299 -0.2004 -2.9216
v  1.7996 -0.1626 -2.9620
v  2.1063 -0.2203 -3.1114
v  1.7567 -0.1836 -3.1739
v  2.0848 -0.2403 -3.2926
v  1.7160 -0.2046 -3.3771
v  1.7139 -0.2056 -3.3882
v  1.3943 -0.1794 -3.4579
v  1.3933 -0.1846 -3.4653
v  1.1392 -0.1657 -3.5180
v  2.4558 -0.2403 -2.8751
v  2.4494 -0.2602 -3.0453
v  2.4429 -0.2780 -3.2057
v  2.0827 -0.2413 -3.3024
v  1.7139 -0.2109 -3.3967
v  1.7117 -0.2507 -3.4776
v  1.3901 -0.2287 -3.5450
v  2.0666 -0.3148 -3.4812
v  2.0730 -0.2801 -3.3956
v  2.4129 -0.3452 -3.3993
v  2.0827 -0.2444 -3.3110
v  2.4269 -0.3137 -3.3110
v  2.4429 -0.2791 -3.2155
v  2.4408 -0.2833 -3.2241
v  2.7346 -0.3148 -3.1311
v  2.7346 -0.3158 -3.1409
v  2.7324 -0.2969 -2.9854
v  2.9737 -0.3494 -3.0687
v  2.7292 -0.2770 -2.8299
v  2.9673 -0.3305 -2.9315
v  2.4044 -0.3694 -3.4726
v  2.7335 -0.3190 -3.1507
v  2.7217 -0.3484 -3.2364
v  2.7089 -0.3777 -3.3234
v  2.6992 -0.4008 -3.3943
v  2.6896 -0.4176 -3.4604
v  2.4033 -0.3872 -3.5364
v  2.6778 -0.4271 -3.5290
v  2.9340 -0.4596 -3.4568
v  2.9254 -0.4649 -3.5242
v  3.1474 -0.4995 -3.4666
v  3.1527 -0.4922 -3.3944
v  2.9458 -0.4502 -3.3895
v  3.1592 -0.4806 -3.3283
v  2.9533 -0.4334 -3.3246
v  2.9597 -0.4103 -3.2536
v  2.9673 -0.3819 -3.1691
v  2.9737 -0.3536 -3.0870
v  2.9748 -0.3505 -3.0785
v  3.1774 -0.3819 -3.0221
v  3.1763 -0.3809 -3.0123
v  3.3575 -0.4124 -2.9621
v  3.1699 -0.3631 -2.8813
v  3.1613 -0.3442 -2.7393
v  3.3500 -0.3945 -2.8323
v  3.1517 -0.3253 -2.5972
v  3.3425 -0.3757 -2.6940
v  2.9437 -0.2770 -2.5127
v  3.1431 -0.3095 -2.4772
v  4.0727 -0.5614 -2.7429
v  3.8775 -0.4995 -2.6780
v  4.0641 -0.5425 -2.6180
v  3.8668 -0.4796 -2.5446
v  4.0534 -0.5215 -2.4821
v  3.6845 -0.4418 -2.5997
v  3.6749 -0.4229 -2.4650
v  3.8550 -0.4607 -2.4111
v  3.5033 -0.3893 -2.5127
v  3.4958 -0.3736 -2.3952
v  3.6652 -0.4071 -2.3499
v  3.3243 -0.3410 -2.4368
v  3.3329 -0.3568 -2.5556
v  3.4905 -0.3631 -2.3180
v  4.2528 -0.5877 -2.5507
v  4.2625 -0.6076 -2.6780
v  4.4479 -0.6559 -2.6107
v  4.2635 -0.6087 -2.6878
v  4.0738 -0.5625 -2.7527
v  3.3136 -0.3211 -2.2935
v  3.4851 -0.3526 -2.2531
v  3.6599 -0.3966 -2.2727
v  3.8443 -0.4439 -2.2960
v  4.0405 -0.5016 -2.3486
v  4.2399 -0.5667 -2.4135
v  4.4372 -0.6349 -2.4797
v  4.6249 -0.7063 -2.5433
v  4.2249 -0.5446 -2.2776
v  4.0276 -0.4838 -2.2323
v  3.8368 -0.4323 -2.2188
v  4.0180 -0.4722 -2.1552
v  3.6535 -0.3861 -2.2103
v  3.8304 -0.4218 -2.1576
v  3.4776 -0.3379 -2.1784
v  3.6449 -0.3704 -2.1380
v  3.3082 -0.3064 -2.2164
v  3.2986 -0.2896 -2.1331
v  3.1249 -0.2759 -2.2531
v  3.1141 -0.2602 -2.1674
v  2.9233 -0.2455 -2.2862
v  3.4808 -0.3221 -2.0951
v  3.6363 -0.3526 -2.0596
v  3.8218 -0.4071 -2.0890
v  4.0105 -0.4617 -2.0964
v  4.2003 -0.5142 -2.0828
v  4.2110 -0.5268 -2.1601
v  4.5755 -0.6349 -2.1209
v  4.3879 -0.5698 -2.0817
v  4.5541 -0.6129 -1.9997
v  4.3772 -0.5572 -2.0033
v  4.1928 -0.5048 -2.0241
v  4.0041 -0.4491 -2.0315
v  3.8132 -0.3914 -2.0167
v  3.6288 -0.3358 -1.9825
v  3.5344 -0.3022 -1.9066
v  3.5269 -0.2990 -1.9004
v  3.5548 -0.3022 -1.8735
v  4.6956 -0.6506 -1.9213
v  4.5391 -0.5982 -1.9225
v  4.3686 -0.5467 -1.9482
v  4.1863 -0.4932 -1.9666
v  3.9955 -0.4344 -1.9654
v  3.8057 -0.3757 -1.9433
v  3.6213 -0.3211 -1.9066
v  3.5634 -0.3043 -1.8784
v  3.6149 -0.3106 -1.8331
v  4.5251 -0.5877 -1.8723
v  4.5069 -0.5761 -1.8343
v  4.3590 -0.5362 -1.8992
v  4.1799 -0.4806 -1.9090
v  3.9869 -0.4208 -1.9004
v  3.7982 -0.3631 -1.8723
v  3.7918 -0.3526 -1.8062
v  3.9719 -0.3998 -1.7780
v  3.7875 -0.3463 -1.7413
v  3.6095 -0.3032 -1.7609
v  3.6073 -0.3001 -1.6874
v  4.6484 -0.6202 -1.8050
v  4.6163 -0.6055 -1.7780
v  4.5734 -0.5898 -1.7694
v  4.4908 -0.5656 -1.8001
v  4.3493 -0.5257 -1.8515
v  4.3407 -0.5163 -1.8037
v  4.1702 -0.4691 -1.8515
v  4.3332 -0.5079 -1.7584
v  4.1606 -0.4586 -1.7976
v  3.9783 -0.4082 -1.8368
v  4.1531 -0.4502 -1.7486
v  4.3257 -0.5016 -1.7180
v  4.4844 -0.5583 -1.7609
v  4.1488 -0.4449 -1.7009
v  3.9676 -0.3945 -1.7217
v  3.9644 -0.3903 -1.6640
v  4.1456 -0.4418 -1.6519
v  3.9633 -0.3893 -1.6054
v  4.1467 -0.4418 -1.6017
v  3.9665 -0.3924 -1.5440
v  4.1499 -0.4428 -1.5503
v  3.9719 -0.3966 -1.4841
v  4.1552 -0.4470 -1.4976
v  4.3225 -0.4943 -1.5564
v  4.3268 -0.4964 -1.5123
v  4.4705 -0.5404 -1.5637
v  3.9762 -0.4019 -1.4229
v  4.1606 -0.4512 -1.4437
v  3.7950 -0.3589 -1.4082
v  3.7982 -0.3631 -1.3433
v  3.7907 -0.3526 -1.4756
v  3.6170 -0.3190 -1.3972
v  3.7864 -0.3463 -1.5429
v  3.6149 -0.3127 -1.4693
v  3.7843 -0.3431 -1.6090
v  3.6116 -0.3064 -1.5417
v  3.7843 -0.3431 -1.6763
v  3.6084 -0.3011 -1.6138
v  3.9815 -0.4071 -1.3629
v  4.1660 -0.4544 -1.3886
v  3.2632 -0.2350 -1.5857
v  3.4712 -0.2728 -1.6102
v  3.2621 -0.2340 -1.5956
v  3.4551 -0.2738 -1.5417
v  3.5237 -0.2833 -1.6262
v  3.4733 -0.2728 -1.6213
v  3.5537 -0.2885 -1.6494
v  3.5162 -0.2812 -1.6335
v  3.5741 -0.2927 -1.6776
v  3.5462 -0.2875 -1.6556
v  3.5913 -0.2980 -1.7168
v  3.5838 -0.2959 -1.7179
v  3.5998 -0.3011 -1.7621
v  3.5956 -0.3032 -1.8037
v  3.5913 -0.2990 -1.7621
v  3.5816 -0.3043 -1.8465
v  3.5870 -0.3022 -1.8037
v  3.5741 -0.3022 -1.8429
v  3.5666 -0.2917 -1.6812
v  3.0755 -0.2046 -1.5723
v  2.8761 -0.1752 -1.5515
v  2.6660 -0.1479 -1.5343
v  3.0766 -0.2046 -1.5625
v  3.0788 -0.2088 -1.5196
v  2.8761 -0.1762 -1.5417
v  2.6660 -0.1479 -1.5245
v  2.6670 -0.1500 -1.4878
v  2.5716 -0.1363 -1.5307
v  2.5663 -0.1353 -1.5221
v  2.4194 -0.1143 -1.6176
v  2.4805 -0.1237 -1.5662
v  2.4633 -0.1206 -1.6029
v  2.4462 -0.1206 -1.5307
v  2.5030 -0.1269 -1.5417
v  2.5116 -0.1279 -1.5466
v  2.5384 -0.1332 -1.5001
v  2.5394 -0.1321 -1.5232
v  2.8804 -0.1804 -1.4743
v  3.2664 -0.2382 -1.5368
v  2.5405 -0.1321 -1.5331
v  2.4869 -0.1237 -1.5723
v  2.4719 -0.1216 -1.6029
v  2.4676 -0.1206 -1.6335
v  2.4590 -0.1195 -1.6299
v  2.4665 -0.1195 -1.6874
v  2.4580 -0.1174 -1.6874
v  2.4665 -0.1185 -1.7731
v  2.4569 -0.1174 -1.7731
v  2.4161 -0.1132 -1.6948
v  2.4151 -0.1132 -1.7792
v  2.4569 -0.1206 -1.8637
v  2.4558 -0.1416 -2.0645
v  2.4655 -0.1216 -1.8637
v  2.4644 -0.1300 -1.9556
v  2.4644 -0.1437 -2.0645
v  2.4719 -0.1510 -2.1123
v  4.9261 -0.9382 2.9486
v  4.7782 -0.8763 2.9253
v  4.7739 -0.8868 3.0074
v  5.3550 -1.1188 2.8457
v  5.2156 -1.0600 2.9045
v  5.2146 -1.0621 2.9155
v  5.2264 -1.0516 2.8274
v  5.0762 -0.9928 2.8886
v  5.0687 -1.0012 2.9682
v  5.0677 -1.0023 2.9780
v  4.9208 -0.9466 3.0282
v  4.9208 -0.9477 3.0392
v  4.7707 -0.8963 3.0894
v  4.7696 -0.8973 3.0992
v  4.6152 -0.8385 3.0686
v  4.6131 -0.8469 3.1494
v  4.6131 -0.8480 3.1592
v  4.2635 -0.7168 3.0429
v  4.2646 -0.7294 3.1115
v  4.4458 -0.7777 3.0466
v  4.4469 -0.7892 3.1311
v  4.2667 -0.7409 3.1947
v  4.4479 -0.7986 3.2119
v  4.2700 -0.7493 3.2768
v  4.2700 -0.7504 3.2878
v  4.4479 -0.7997 3.2217
v  4.6163 -0.8270 2.9841
v  4.4469 -0.7651 2.9792
v  4.6184 -0.8144 2.9168
v  4.4479 -0.7504 2.9180
v  4.2635 -0.7021 2.9829
v  4.6206 -0.7986 2.8568
v  4.4479 -0.7315 2.8555
v  4.2635 -0.6832 2.9204
v  4.6227 -0.7798 2.7931
v  4.4490 -0.7094 2.7870
v  4.2635 -0.6611 2.8531
v  4.6238 -0.7588 2.7221
v  4.4490 -0.6842 2.7074
v  4.2635 -0.6360 2.7735
v  4.6249 -0.7336 2.6412
v  4.6249 -0.7063 2.5433
v  4.4490 -0.6580 2.6204
v  4.6259 -0.7073 2.5531
v  4.4490 -0.6611 2.6302
v  4.6259 -0.7105 2.5629
v  4.2635 -0.6118 2.6976
v  4.0727 -0.6150 2.9168
v  4.0727 -0.5887 2.8372
v  3.8850 -0.5467 2.8984
v  4.0738 -0.5656 2.7625
v  3.8872 -0.5226 2.8225
v  4.2635 -0.6087 2.6878
v  4.0738 -0.5625 2.7527
v  4.4479 -0.6559 2.6106
v  4.2625 -0.6076 2.6780
v  4.4372 -0.6349 2.4796
v  4.2528 -0.5877 2.5506
v  4.6141 -0.6842 2.4086
v  4.4222 -0.6129 2.3400
v  4.2399 -0.5667 2.4135
v  4.5981 -0.6601 2.2641
v  4.4051 -0.5898 2.2004
v  4.2249 -0.5446 2.2776
v  4.5755 -0.6349 2.1208
v  4.6720 -0.6192 1.7351
v  4.6484 -0.6202 1.8049
v  4.7214 -0.6402 1.7559
v  4.6710 -0.6339 1.8478
v  4.7578 -0.6580 1.7902
v  4.5391 -0.5982 1.9225
v  4.6956 -0.6506 1.9212
v  4.5541 -0.6129 1.9996
v  4.7353 -0.6790 2.0376
v  4.8039 -0.6811 1.8502
v  4.7717 -0.7094 2.1784
v  4.8811 -0.7210 1.9469
v  4.7889 -0.7357 2.3290
v  4.9690 -0.7923 2.2396
v  4.7964 -0.7577 2.4747
v  4.9647 -0.8133 2.4049
v  4.7964 -0.7598 2.4845
v  4.3879 -0.5698 2.0816
v  4.2110 -0.5268 2.1600
v  4.3772 -0.5572 2.0033
v  4.2003 -0.5142 2.0829
v  4.3686 -0.5467 1.9482
v  4.1928 -0.5048 2.0241
v  4.5251 -0.5877 1.8723
v  4.5069 -0.5761 1.8343
v  4.6163 -0.6055 1.7780
v  4.5970 -0.5929 1.7351
v  4.5734 -0.5898 1.7694
v  4.6056 -0.5919 1.6996
v  4.4833 -0.5530 1.7229
v  4.4844 -0.5583 1.7608
v  4.4801 -0.5488 1.6910
v  4.3257 -0.5016 1.7180
v  4.1488 -0.4449 1.7008
v  3.9676 -0.3945 1.7217
v  3.9719 -0.3998 1.7780
v  3.9644 -0.3903 1.6641
v  3.7875 -0.3463 1.7412
v  4.1531 -0.4502 1.7486
v  4.3214 -0.4964 1.6800
v  4.3193 -0.4943 1.6408
v  4.4780 -0.5457 1.6616
v  4.4758 -0.5425 1.6322
v  4.6098 -0.5908 1.6702
v  4.6109 -0.5898 1.6445
v  4.6956 -0.6244 1.6996
v  4.7106 -0.6265 1.6641
v  4.7610 -0.6506 1.7143
v  4.3332 -0.5079 1.7584
v  4.1606 -0.4586 1.7976
v  4.1702 -0.4691 1.8514
v  3.9783 -0.4082 1.8367
v  3.9869 -0.4208 1.9004
v  3.7982 -0.3631 1.8723
v  3.7918 -0.3526 1.8061
v  3.6149 -0.3106 1.8331
v  3.6095 -0.3032 1.7608
v  3.5956 -0.3032 1.8037
v  4.3407 -0.5163 1.8037
v  4.3590 -0.5362 1.8992
v  3.9955 -0.4344 1.9653
v  4.1799 -0.4806 1.9090
v  4.3493 -0.5257 1.8514
v  4.4908 -0.5656 1.8000
v  4.1863 -0.4932 1.9665
v  4.0041 -0.4491 2.0314
v  3.6449 -0.3704 2.1367
v  3.8304 -0.4218 2.1576
v  3.8218 -0.4071 2.0890
v  4.0105 -0.4617 2.0963
v  4.0180 -0.4722 2.1551
v  4.0276 -0.4838 2.2323
v  4.0405 -0.5016 2.3486
v  3.6535 -0.3861 2.2102
v  3.8368 -0.4323 2.2188
v  3.8443 -0.4439 2.2959
v  3.8550 -0.4607 2.4110
v  3.6599 -0.3966 2.2727
v  3.6652 -0.4071 2.3498
v  3.4851 -0.3526 2.2531
v  3.4905 -0.3631 2.3180
v  3.4776 -0.3379 2.1784
v  3.3082 -0.3064 2.2163
v  3.3136 -0.3211 2.2935
v  4.0534 -0.5215 2.4821
v  3.1249 -0.2759 2.2531
v  3.1313 -0.2896 2.3327
v  3.3189 -0.3305 2.3584
v  3.4958 -0.3736 2.3951
v  3.6749 -0.4229 2.4649
v  3.8668 -0.4796 2.5445
v  4.0641 -0.5425 2.6180
v  3.1367 -0.2990 2.3976
v  3.3243 -0.3410 2.4368
v  3.5033 -0.3893 2.5127
v  3.6845 -0.4418 2.5996
v  3.8775 -0.4995 2.6780
v  4.0727 -0.5614 2.7429
v  3.1431 -0.3095 2.4772
v  3.3329 -0.3568 2.5555
v  3.5130 -0.4082 2.6486
v  3.6953 -0.4617 2.7343
v  3.8861 -0.5184 2.8029
v  3.8872 -0.5194 2.8127
v  3.1517 -0.3253 2.5972
v  3.3425 -0.3757 2.6939
v  3.5226 -0.4271 2.7845
v  3.7049 -0.4796 2.8580
v  3.7060 -0.4806 2.8678
v  3.7060 -0.4838 2.8776
v  3.3500 -0.3945 2.8323
v  3.5312 -0.4449 2.9106
v  3.5323 -0.4460 2.9204
v  3.5312 -0.4491 2.9302
v  3.7028 -0.5090 2.9547
v  3.8840 -0.5730 2.9780
v  4.0727 -0.6370 2.9853
v  3.8840 -0.5961 3.0466
v  4.0738 -0.6559 3.0478
v  3.3586 -0.4134 2.9719
v  3.3575 -0.4166 2.9804
v  3.5291 -0.4754 3.0074
v  3.7006 -0.5352 3.0355
v  4.0738 -0.6716 3.1078
v  3.8840 -0.6150 3.1102
v  3.6996 -0.5583 3.1053
v  3.5269 -0.5016 3.0894
v  3.3543 -0.4439 3.0588
v  3.1763 -0.3851 3.0319
v  3.1774 -0.3819 3.0221
v  3.3575 -0.4124 2.9621
v  4.0759 -0.6832 3.1764
v  3.8850 -0.6286 3.1702
v  3.6996 -0.5772 3.1678
v  3.5248 -0.5247 3.1580
v  3.3522 -0.4712 3.1408
v  3.1731 -0.4134 3.1115
v  2.9737 -0.3536 3.0870
v  4.0791 -0.6926 3.2608
v  3.8861 -0.6391 3.2388
v  3.6996 -0.5908 3.2290
v  3.5237 -0.5425 3.2217
v  3.3490 -0.4932 3.2106
v  3.1688 -0.4407 3.1947
v  2.9673 -0.3819 3.1690
v  4.0834 -0.7021 3.3539
v  4.0834 -0.7010 3.3441
v  3.8915 -0.6559 3.4200
v  3.8883 -0.6485 3.3257
v  3.8915 -0.6548 3.4102
v  3.7028 -0.6003 3.2976
v  3.7103 -0.6087 3.3833
v  3.5248 -0.5562 3.2841
v  3.5344 -0.5677 3.3515
v  3.3468 -0.5110 3.2743
v  3.3457 -0.5247 3.3380
v  3.1645 -0.4638 3.2645
v  3.1592 -0.4806 3.3282
v  2.9597 -0.4103 3.2535
v  2.9533 -0.4334 3.3245
v  3.8883 -0.6758 3.4347
v  3.7189 -0.6381 3.4923
v  3.7199 -0.6171 3.4776
v  3.5998 -0.6129 3.5327
v  3.5934 -0.5898 3.5119
v  3.7199 -0.6160 3.4678
v  3.5612 -0.5793 3.4335
v  3.4594 -0.5593 3.4776
v  3.3618 -0.5362 3.4176
v  3.1527 -0.4922 3.3943
v  2.9458 -0.4502 3.3894
v  2.6992 -0.4008 3.3944
v  2.7089 -0.3777 3.3233
v  2.4129 -0.3452 3.3993
v  2.4269 -0.3137 3.3112
v  2.0730 -0.2801 3.3956
v  2.9340 -0.4596 3.4568
v  2.6896 -0.4176 3.4605
v  2.6778 -0.4271 3.5291
v  2.4044 -0.3694 3.4728
v  2.0666 -0.3148 3.4814
v  1.7117 -0.2507 3.4777
v  1.7139 -0.2109 3.3969
v  1.3933 -0.1846 3.4654
v  1.7139 -0.2056 3.3883
v  1.3943 -0.1794 3.4581
v  1.7160 -0.2046 3.3773
v  1.3965 -0.1783 3.4471
v  1.4544 -0.1542 3.2229
v  2.4033 -0.3872 3.5365
v  2.4161 -0.3966 3.5951
v  2.0977 -0.3620 3.6099
v  2.0677 -0.3421 3.5548
v  1.7128 -0.2896 3.5584
v  1.3901 -0.2287 3.5450
v  1.3890 -0.2707 3.6222
v  1.1392 -0.1657 3.5181
v  1.1402 -0.1605 3.5107
v  1.1424 -0.1594 3.4997
v  1.7214 -0.3179 3.6283
v  1.7299 -0.3400 3.6969
v  1.3954 -0.2980 3.6761
v  1.4029 -0.3127 3.7115
v  1.1381 -0.2822 3.7067
v  1.1317 -0.2591 3.6699
v  0.9858 -0.2749 3.7287
v  1.1327 -0.2151 3.5977
v  0.9698 -0.1531 3.5536
v  0.9698 -0.1479 3.5450
v  0.9708 -0.1468 3.5352
v  0.9998 -0.1132 3.2781
v  0.8207 -0.1007 3.3124
v  0.7843 -0.0576 3.0258
v  0.5538 -0.0597 3.2156
v  0.6406 -0.0944 3.3907
v  0.4819 -0.0933 3.4838
v  0.3854 -0.0660 3.3674
v  0.3650 -0.0944 3.5597
v  0.9655 -0.2067 3.6332
v  0.8368 -0.1447 3.5793
v  0.8400 -0.1993 3.6552
v  0.8368 -0.1384 3.5720
v  0.8357 -0.1374 3.5622
v  0.6910 -0.1279 3.5903
v  0.5334 -0.1195 3.6197
v  0.5366 -0.1206 3.6295
v  0.3608 -0.1101 3.6528
v  0.2610 -0.0786 3.5131
v  0.1763 -0.1007 3.6859
v  0.2514 -0.0408 3.2793
v  0.6942 -0.1300 3.5989
v  0.5345 -0.1269 3.6369
v  0.3586 -0.1174 3.6699
v  0.3597 -0.1122 3.6625
v  0.2010 -0.1101 3.6981
v  0.6964 -0.1353 3.6063
v  0.7135 -0.1899 3.6736
v  0.6031 -0.1825 3.6908
v  0.9719 -0.2528 3.6992
v  0.5173 -0.2109 3.7434
v  0.6213 -0.2287 3.7422
v  0.7307 -0.2434 3.7397
v  0.8432 -0.2570 3.7361
v  1.1327 -0.2896 3.7226
v  0.3490 -0.1783 3.7434
v  0.4251 -0.1920 3.7422
v  0.3500 -0.1720 3.7361
v  0.4197 -0.1962 3.7495
v  0.5152 -0.2161 3.7508
v  0.6245 -0.2350 3.7495
v  0.7328 -0.2497 3.7471
v  0.8443 -0.2623 3.7434
v  0.9601 -0.2759 3.7385
v  1.1306 -0.2927 3.7312
v  1.4040 -0.3158 3.7201
v  1.1027 -0.3074 3.7397
v  1.2861 -0.3221 3.7336
v  0.9612 -0.2948 3.7445
v  0.8432 -0.2812 3.7483
v  0.7307 -0.2696 3.7520
v  0.6202 -0.2549 3.7544
v  0.5098 -0.2361 3.7544
v  0.4133 -0.2161 3.7531
v  0.3415 -0.1972 3.7471
v  1.4919 -0.3368 3.7275
v  1.7321 -0.3431 3.7067
v  1.7010 -0.3505 3.7214
v  2.0613 -0.3704 3.6908
v  1.9186 -0.3673 3.7128
v  2.1502 -0.3882 3.7030
v  2.3722 -0.3987 3.6761
v  2.3904 -0.4134 3.6908
v  2.6402 -0.4292 3.6614
v  2.6327 -0.4428 3.6773
v  2.8911 -0.4649 3.6466
v  2.8815 -0.4785 3.6637
v  3.1485 -0.5079 3.6294
v  2.0859 -0.3715 3.6797
v  2.3775 -0.3987 3.6662
v  2.6638 -0.4323 3.6503
v  2.8965 -0.4659 3.6355
v  3.1485 -0.5079 3.6196
v  3.4036 -0.5541 3.6025
v  2.1792 -0.3767 3.6393
v  2.6863 -0.4334 3.5854
v  2.9254 -0.4649 3.5241
v  2.7389 -0.4418 3.6160
v  2.9265 -0.4680 3.5829
v  3.1474 -0.5048 3.5449
v  3.1474 -0.4995 3.4666
v  3.3339 -0.5373 3.5192
v  3.4219 -0.5541 3.5217
v  3.4497 -0.5625 3.5743
v  3.4540 -0.5635 3.5829
v  3.5066 -0.5730 3.5449
v  3.4186 -0.5572 3.6049
v  3.4101 -0.5551 3.6111
v  3.4015 -0.5541 3.6111
v  3.5977 -0.5908 3.5204
v  3.5162 -0.5971 3.5658
v  3.5119 -0.5740 3.5535
v  3.4540 -0.5856 3.5988
v  3.4111 -0.5772 3.6270
v  3.4026 -0.5761 3.6331
v  3.3940 -0.5751 3.6331
v  3.1399 -0.5247 3.6490
v  1.8779 -0.0587 -1.7499
v  1.7857 -0.0513 -1.7401
v  1.8693 -0.0576 -1.7093
v  2.0237 -0.0713 -1.6568
v  2.0066 -0.0702 -1.6054
v  1.8500 -0.0555 -1.6726
v  1.7417 -0.0471 -1.7303
v  1.7589 -0.0492 -1.7768
v  1.6796 -0.0429 -1.7756
v  1.7471 -0.0492 -1.8148
v  1.6452 -0.0408 -1.8148
v  1.7417 -0.0503 -1.8551
v  1.6259 -0.0398 -1.8551
v  1.8865 -0.0618 -1.8417
v  1.8886 -0.0650 -1.8931
v  1.8822 -0.0608 -1.7939
v  1.8801 -0.0723 -1.9984
v  1.8854 -0.0681 -1.9457
v  2.0602 -0.0807 -1.8870
v  2.0559 -0.0776 -1.8220
v  2.0473 -0.0755 -1.7609
v  2.0366 -0.0734 -1.7070
v  1.7396 -0.0524 -1.8956
v  1.7407 -0.0545 -1.9384
v  1.6259 -0.0450 -1.9384
v  1.7439 -0.0576 -1.9813
v  1.6420 -0.0492 -1.9813
v  1.7503 -0.0618 -2.0229
v  1.7750 -0.0681 -2.0620
v  1.7246 -0.0650 -2.0731
v  1.6667 -0.0555 -2.0229
v  1.6109 -0.0524 -2.0424
v  1.6034 -0.0650 -2.2200
v  1.5691 -0.0503 -2.0780
v  1.5680 -0.0440 -1.9959
v  1.5252 -0.0335 -1.8967
v  1.5380 -0.0377 -1.9470
v  1.4748 -0.0324 -1.9641
v  1.5155 -0.0408 -2.0240
v  1.5016 -0.0492 -2.1587
v  1.5209 -0.0671 -2.3633
v  1.6410 -0.1007 -2.5702
v  1.5788 -0.1143 -2.7685
v  1.5166 -0.1321 -2.9926
v  1.5777 -0.0314 -1.7241
v  1.5252 -0.0230 -1.6678
v  1.6066 -0.0293 -1.5979
v  1.5166 -0.0272 -1.7768
v  1.4608 -0.0188 -1.7168
v  1.4501 -0.0114 -1.5699
v  1.4737 -0.0251 -1.8368
v  1.4104 -0.0167 -1.8025
v  1.3214 -0.0051 -1.7253
v  1.4565 -0.0261 -1.9004
v  1.3847 -0.0198 -1.9054
v  1.2786 -0.0093 -1.9114
v  1.3933 -0.0272 -2.0069
v  1.4340 -0.0377 -2.0951
v  1.3708 -0.0461 -2.3167
v  1.4254 -0.0734 -2.5518
v  1.3793 -0.0051 -1.5919
v  1.6678 -0.0387 -1.6666
v  1.6249 -0.0377 -1.7548
v  1.5702 -0.0335 -1.8001
v  1.7064 -0.0440 -1.7033
v  1.7975 -0.0492 -1.5882
v  1.8243 -0.0534 -1.6335
v  1.1778 0.0138 -1.6542
v  1.3032 0.0127 -1.3469
v  1.5016 -0.0135 -1.4756
v  1.6710 -0.0282 -1.3629
v  1.7514 -0.0408 -1.5086
v  1.9433 -0.0608 -1.4118
v  1.9680 -0.0660 -1.5001
v  2.1867 -0.0912 -1.4118
v  2.2006 -0.0933 -1.4707
v  2.4365 -0.1237 -1.3960
v  2.6692 -0.1563 -1.3444
v  2.4269 -0.1216 -1.3347
v  2.1695 -0.0870 -1.3237
v  1.9047 -0.0513 -1.2564
v  1.6045 -0.0146 -1.1633
v  1.3150 0.0253 -0.9783
v  2.4129 -0.1185 -1.2502
v  2.1492 -0.0807 -1.1731
v  1.8747 -0.0429 -1.0591
v  1.5959 -0.0062 -0.9160
v  1.3407 0.0305 -0.6575
v  1.0770 0.0599 -0.6734
v  1.0974 0.0620 -0.3367
v  0.8465 0.0904 -0.3440
v  0.8529 0.0914 0.0001
v  2.6552 -0.1531 -1.1999
v  2.3979 -0.1132 -1.1119
v  2.6467 -0.1500 -1.0677
v  2.1331 -0.0744 -0.9907
v  2.3872 -0.1080 -0.9454
v  1.8725 -0.0377 -0.8485
v  2.1342 -0.0702 -0.8058
v  1.6131 -0.0020 -0.6318
v  1.8843 -0.0345 -0.6073
v  1.3590 0.0305 -0.3293
v  1.6259 -0.0009 -0.3220
v  1.1038 0.0620 0.0001
v  1.3665 0.0305 0.0001
v  1.0974 0.0620 0.3368
v  1.3590 0.0305 0.3295
v  0.8465 0.0904 0.3442
v  1.0770 0.0599 0.6736
v  1.1778 0.0138 1.6544
v  1.3032 0.0127 1.3470
v  1.0051 0.0473 1.3323
v  1.0470 0.0547 1.0078
v  1.3150 0.0253 0.9785
v  1.3407 0.0305 0.6576
v  2.1417 -0.0671 -0.5890
v  1.8918 -0.0324 -0.3160
v  2.1460 -0.0650 -0.3098
v  1.6313 -0.0009 0.0001
v  1.8951 -0.0314 0.0001
v  1.6259 -0.0009 0.3221
v  1.8918 -0.0324 0.3160
v  1.6131 -0.0020 0.6319
v  1.8843 -0.0345 0.6074
v  1.5959 -0.0062 0.9159
v  1.8725 -0.0377 0.8487
v  1.6045 -0.0146 1.1633
v  1.8747 -0.0429 1.0592
v  1.5016 -0.0135 1.4755
v  1.6710 -0.0282 1.3629
v  1.3793 -0.0051 1.5918
v  1.4501 -0.0114 1.5698
v  1.3214 -0.0051 1.7254
v  1.4608 -0.0188 1.7168
v  1.6066 -0.0293 1.5980
v  1.9047 -0.0513 1.2563
v  1.7417 -0.0471 1.7303
v  1.7064 -0.0440 1.7033
v  1.6796 -0.0429 1.7756
v  1.8243 -0.0534 1.6335
v  1.7975 -0.0492 1.5882
v  1.9680 -0.0660 1.5000
v  1.9433 -0.0608 1.4118
v  2.1867 -0.0912 1.4118
v  2.1695 -0.0870 1.3238
v  1.7514 -0.0408 1.5086
v  1.6678 -0.0387 1.6665
v  2.4129 -0.1185 1.2502
v  2.4269 -0.1216 1.3347
v  2.4365 -0.1237 1.3959
v  2.2006 -0.0933 1.4706
v  1.9873 -0.0692 1.5539
v  1.8500 -0.0555 1.6727
v  1.7857 -0.0513 1.7400
v  1.7589 -0.0492 1.7767
v  1.7471 -0.0492 1.8147
v  1.6452 -0.0408 1.8147
v  2.2135 -0.0933 1.5318
v  2.0066 -0.0702 1.6054
v  1.8693 -0.0576 1.7095
v  1.8779 -0.0587 1.7498
v  1.8822 -0.0608 1.7939
v  1.8865 -0.0618 1.8417
v  1.7417 -0.0503 1.8551
v  1.6259 -0.0398 1.8551
v  1.5702 -0.0335 1.8001
v  2.0473 -0.0755 1.7608
v  2.0559 -0.0776 1.8220
v  2.2478 -0.0954 1.7988
v  1.8886 -0.0650 1.8932
v  2.0602 -0.0807 1.8870
v  1.7396 -0.0524 1.8956
v  1.8854 -0.0681 1.9457
v  1.6195 -0.0419 1.8967
v  1.6259 -0.0450 1.9385
v  1.5369 -0.0314 1.8478
v  1.5252 -0.0335 1.8967
v  1.5380 -0.0377 1.9470
v  1.4737 -0.0251 1.8367
v  1.4565 -0.0261 1.9004
v  1.4748 -0.0324 1.9642
v  1.4104 -0.0167 1.8025
v  1.3847 -0.0198 1.9053
v  1.5166 -0.0272 1.7767
v  1.2786 -0.0093 1.9115
v  1.1188 0.0064 1.9189
v  1.2528 -0.0177 2.0940
v  1.0577 -0.0020 2.1736
v  1.2732 -0.0303 2.2397
v  1.0223 -0.0198 2.4515
v  1.2260 -0.0482 2.5275
v  1.3933 -0.0272 2.0070
v  1.4340 -0.0377 2.0951
v  1.3708 -0.0461 2.3168
v  1.5016 -0.0492 2.1589
v  1.4254 -0.0734 2.5519
v  1.5209 -0.0671 2.3634
v  1.3418 -0.0870 2.7710
v  1.5788 -0.1143 2.7687
v  1.6410 -0.1007 2.5703
v  1.5166 -0.1321 2.9928
v  1.7996 -0.1626 2.9622
v  1.8436 -0.1458 2.7564
v  1.7567 -0.1836 3.1740
v  2.1063 -0.2203 3.1116
v  2.1299 -0.2004 2.9218
v  1.1177 -0.0608 2.7626
v  1.2678 -0.1069 3.0099
v  2.0848 -0.2403 3.2928
v  2.0827 -0.2413 3.3026
v  2.0827 -0.2444 3.3112
v  2.4429 -0.2780 3.2057
v  2.4494 -0.2602 3.0454
v  2.4429 -0.2791 3.2156
v  2.7346 -0.3148 3.1311
v  2.4408 -0.2833 3.2242
v  2.7346 -0.3158 3.1408
v  2.7217 -0.3484 3.2364
v  2.7335 -0.3190 3.1506
v  2.9748 -0.3505 3.0784
v  2.9737 -0.3494 3.0686
v  2.7324 -0.2969 2.9853
v  2.4558 -0.2403 2.8752
v  2.1524 -0.1825 2.7320
v  1.8790 -0.1321 2.5800
v  1.6999 -0.0933 2.4148
v  3.1763 -0.3809 3.0123
v  2.9673 -0.3305 2.9315
v  2.7292 -0.2770 2.8298
v  2.4601 -0.2224 2.7038
v  2.4655 -0.2056 2.5397
v  2.1481 -0.1668 2.5777
v  2.0891 -0.1500 2.4907
v  1.8940 -0.1216 2.4613
v  3.1699 -0.3631 2.8813
v  2.9597 -0.3116 2.7845
v  2.7239 -0.2581 2.6719
v  2.7174 -0.2434 2.5396
v  2.4676 -0.1962 2.4528
v  2.2071 -0.1563 2.4025
v  2.4665 -0.1888 2.3879
v  2.2156 -0.1500 2.3413
v  2.4665 -0.1783 2.3083
v  2.2253 -0.1416 2.2703
v  2.4601 -0.1657 2.2213
v  2.5587 -0.1804 2.2324
v  2.5126 -0.1657 2.1760
v  2.6938 -0.1983 2.2201
v  2.5877 -0.1783 2.1883
v  2.7024 -0.2130 2.3095
v  2.9126 -0.2298 2.1980
v  2.7078 -0.2245 2.3902
v  2.9233 -0.2455 2.2861
v  2.7131 -0.2329 2.4563
v  2.9319 -0.2581 2.3670
v  2.9383 -0.2675 2.4331
v  2.9437 -0.2770 2.5127
v  2.9040 -0.2182 2.1416
v  2.6885 -0.1888 2.1650
v  3.1023 -0.2455 2.1012
v  2.8997 -0.2130 2.1172
v  3.1141 -0.2602 2.1674
v  3.2878 -0.2738 2.0608
v  3.0959 -0.2371 2.0596
v  3.2986 -0.2896 2.1331
v  3.4851 -0.3074 2.0143
v  3.2803 -0.2623 2.0082
v  2.5555 -0.1741 2.1919
v  2.4869 -0.1584 2.1539
v  2.4226 -0.1479 2.1332
v  2.4655 -0.1510 2.1185
v  2.4569 -0.1290 1.9568
v  2.4558 -0.1416 2.0646
v  2.4644 -0.1437 2.0646
v  2.4719 -0.1510 2.1123
v  2.4912 -0.1584 2.1453
v  2.5180 -0.1657 2.1675
v  2.5545 -0.1731 2.1822
v  2.5888 -0.1773 2.1785
v  2.6874 -0.1867 2.1564
v  2.8986 -0.2119 2.1074
v  3.0938 -0.2350 2.0510
v  3.2782 -0.2612 1.9996
v  3.4862 -0.2927 1.9200
v  3.4862 -0.2938 1.9298
v  3.5269 -0.2990 1.9004
v  3.5344 -0.3022 1.9065
v  3.5548 -0.3022 1.8735
v  3.5634 -0.3043 1.8784
v  3.5741 -0.3022 1.8429
v  3.5816 -0.3043 1.8465
v  3.5870 -0.3022 1.8037
v  3.5913 -0.2990 1.7620
v  3.5998 -0.3011 1.7620
v  3.6213 -0.3211 1.9065
v  3.6288 -0.3358 1.9825
v  3.8057 -0.3757 1.9433
v  3.6363 -0.3526 2.0596
v  3.4808 -0.3221 2.0951
v  3.8132 -0.3914 2.0167
v  4.2635 -0.6611 -2.8531
v  4.2635 -0.6832 -2.9205
v  4.0727 -0.6150 -2.9168
v  4.4479 -0.7315 -2.8556
v  4.9529 -0.8616 -2.5935
v  4.9476 -0.8816 -2.6670
v  4.7910 -0.8091 -2.6584
v  4.7878 -0.8301 -2.7307
v  4.6238 -0.7588 -2.7221
v  4.6227 -0.7798 -2.7931
v  4.4490 -0.7094 -2.7870
v  4.2635 -0.6360 -2.7735
v  4.0727 -0.5887 -2.8372
v  4.0738 -0.5656 -2.7625
v  3.8872 -0.5226 -2.8225
v  3.8872 -0.5194 -2.8127
v  4.9594 -0.8385 -2.5078
v  4.7943 -0.7850 -2.5740
v  4.7964 -0.7630 -2.4944
v  4.6249 -0.7336 -2.6413
v  4.6259 -0.7105 -2.5629
v  4.4490 -0.6842 -2.7074
v  4.4490 -0.6611 -2.6303
v  4.2635 -0.6118 -2.6976
v  4.4490 -0.6580 -2.6205
v  4.9637 -0.8175 -2.4246
v  5.1245 -0.8984 -2.4368
v  4.6259 -0.7073 -2.5531
v  4.7964 -0.7598 -2.4846
v  4.9647 -0.8144 -2.4148
v  5.1341 -0.8753 -2.3401
v  5.1331 -0.8784 -2.3499
v  5.1148 -0.9193 -2.5262
v  5.3089 -0.9445 -2.2593
v  5.3100 -0.9445 -2.2482
v  5.1352 -0.8742 -2.3303
v  4.9647 -0.8133 -2.4050
v  4.7964 -0.7577 -2.4748
v  4.6141 -0.6842 -2.4086
v  4.4222 -0.6129 -2.3401
v  5.3379 -0.9298 -2.0584
v  5.1524 -0.8564 -2.1454
v  5.1502 -0.8259 -1.9323
v  4.9690 -0.7923 -2.2397
v  4.9497 -0.7630 -2.0780
v  4.7889 -0.7357 -2.3290
v  4.7717 -0.7094 -2.1784
v  4.5981 -0.6601 -2.2641
v  4.4051 -0.5898 -2.2005
v  5.3647 -0.9162 -1.8576
v  5.2060 -0.8259 -1.7033
v  5.3904 -0.9057 -1.6592
v  5.2199 -0.7881 -1.0641
v  5.2403 -0.8091 -1.3005
v  5.0066 -0.7168 -1.2809
v  5.0569 -0.7409 -1.3996
v  4.9111 -0.6916 -1.4976
v  5.2264 -0.8175 -1.5050
v  5.0634 -0.7535 -1.5490
v  5.0473 -0.7598 -1.7009
v  4.9358 -0.7073 -1.5845
v  4.9926 -0.7525 -1.8392
v  4.9251 -0.7105 -1.6813
v  4.8811 -0.7210 -1.9470
v  4.8800 -0.7021 -1.7743
v  4.7353 -0.6790 -2.0375
v  4.8039 -0.6811 -1.8503
v  4.8564 -0.6685 -1.4290
v  4.8929 -0.6727 -1.2172
v  5.0033 -0.7031 -1.0017
v  4.8286 -0.6632 -1.5490
v  4.8564 -0.6779 -1.6054
v  4.8489 -0.6800 -1.6703
v  4.8136 -0.6727 -1.7364
v  4.7578 -0.6580 -1.7903
v  4.6710 -0.6339 -1.8478
v  4.7321 -0.6276 -1.5405
v  4.7707 -0.6433 -1.5760
v  4.6999 -0.6181 -1.6005
v  4.7782 -0.6423 -1.5037
v  4.7921 -0.6548 -1.6188
v  4.7878 -0.6559 -1.6666
v  4.7610 -0.6506 -1.7143
v  4.7214 -0.6402 -1.7560
v  4.6720 -0.6192 -1.7352
v  4.7128 -0.6255 -1.6311
v  4.7106 -0.6265 -1.6641
v  4.6956 -0.6244 -1.6996
v  4.6056 -0.5919 -1.6996
v  4.5970 -0.5929 -1.7352
v  4.6109 -0.5898 -1.6445
v  4.6045 -0.5856 -1.6201
v  4.6098 -0.5908 -1.6703
v  4.4780 -0.5457 -1.6617
v  4.4801 -0.5488 -1.6911
v  4.4833 -0.5530 -1.7229
v  4.6763 -0.6076 -1.5723
v  4.5948 -0.5803 -1.5931
v  4.6474 -0.5971 -1.5454
v  4.5830 -0.5761 -1.5625
v  4.5905 -0.5782 -1.5184
v  4.5530 -0.5667 -1.5368
v  4.4812 -0.5436 -1.4927
v  4.4715 -0.5404 -1.5270
v  4.6860 -0.6108 -1.5135
v  4.6131 -0.5866 -1.4866
v  4.4941 -0.5488 -1.4535
v  4.3397 -0.5027 -1.4192
v  4.3321 -0.4995 -1.4682
v  4.7782 -0.6381 -1.3837
v  4.7192 -0.6213 -1.4707
v  4.6720 -0.6013 -1.3494
v  4.6356 -0.5929 -1.4413
v  4.5080 -0.5520 -1.4033
v  4.5305 -0.5562 -1.3115
v  4.3482 -0.5037 -1.3654
v  4.3632 -0.5058 -1.2735
v  4.1702 -0.4554 -1.3311
v  4.7385 -0.6181 -1.1817
v  4.5691 -0.5635 -1.1462
v  4.6098 -0.5698 -0.9441
v  4.8039 -0.6328 -0.9711
v  4.4126 -0.5121 -0.9221
v  4.4308 -0.5121 -0.7274
v  4.6345 -0.5719 -0.7384
v  4.3868 -0.5090 -1.1156
v  4.2056 -0.4565 -0.9062
v  4.2164 -0.4554 -0.7225
v  4.0051 -0.4040 -0.7200
v  4.0094 -0.4008 -0.5204
v  3.8143 -0.3557 -0.5253
v  3.8164 -0.3536 -0.2755
v  3.6352 -0.3148 -0.2792
v  3.6363 -0.3137 0.0000
v  3.4680 -0.2780 0.0000
v  3.6352 -0.3148 0.2792
v  3.4658 -0.2791 0.2828
v  3.6331 -0.3169 0.5302
v  4.2239 -0.4544 -0.5168
v  4.4426 -0.5121 -0.5143
v  4.0126 -0.3987 -0.2719
v  4.2292 -0.4533 -0.2694
v  3.8175 -0.3526 0.0000
v  4.0148 -0.3977 0.0000
v  3.8164 -0.3536 0.2755
v  3.8143 -0.3557 0.5253
v  3.8111 -0.3589 0.7200
v  3.6309 -0.3200 0.7212
v  3.8089 -0.3620 0.8877
v  4.0126 -0.3987 0.2718
v  4.2292 -0.4533 0.2694
v  4.0094 -0.4008 0.5204
v  4.2239 -0.4544 0.5167
v  4.0051 -0.4040 0.7200
v  3.9998 -0.4061 0.8951
v  3.8046 -0.3631 1.0555
v  3.9933 -0.4071 1.0702
v  3.8014 -0.3641 1.1963
v  3.9880 -0.4082 1.2160
v  3.7993 -0.3652 1.2833
v  3.6202 -0.3253 1.2661
v  3.6191 -0.3242 1.3286
v  4.2164 -0.4554 0.7224
v  4.4308 -0.5121 0.7273
v  4.2056 -0.4565 0.9061
v  4.4126 -0.5121 0.9220
v  4.1917 -0.4565 1.0898
v  4.3868 -0.5090 1.1155
v  4.1788 -0.4554 1.2416
v  4.3632 -0.5058 1.2735
v  3.9837 -0.4082 1.3041
v  4.1702 -0.4554 1.3310
v  3.7982 -0.3631 1.3433
v  3.9815 -0.4071 1.3629
v  3.6170 -0.3190 1.3971
v  3.7950 -0.3589 1.4082
v  3.9762 -0.4019 1.4229
v  3.9719 -0.3966 1.4841
v  4.3482 -0.5037 1.3653
v  4.5080 -0.5520 1.4033
v  4.1660 -0.4544 1.3886
v  4.3397 -0.5027 1.4192
v  4.1606 -0.4512 1.4437
v  4.3321 -0.4995 1.4682
v  4.1552 -0.4470 1.4976
v  4.3268 -0.4964 1.5122
v  4.1499 -0.4428 1.5502
v  4.3225 -0.4943 1.5563
v  3.9665 -0.3924 1.5441
v  4.1467 -0.4418 1.6016
v  4.3204 -0.4932 1.6004
v  3.9633 -0.3893 1.6054
v  4.1456 -0.4418 1.6518
v  4.4941 -0.5488 1.4535
v  4.4812 -0.5436 1.4927
v  4.4715 -0.5404 1.5269
v  4.4705 -0.5404 1.5637
v  4.4726 -0.5404 1.5992
v  4.5948 -0.5803 1.5931
v  4.6045 -0.5856 1.6200
v  4.6763 -0.6076 1.5722
v  4.6474 -0.5971 1.5453
v  4.6860 -0.6108 1.5135
v  4.5830 -0.5761 1.5625
v  4.5905 -0.5782 1.5184
v  4.5530 -0.5667 1.5367
v  4.6131 -0.5866 1.4865
v  4.6356 -0.5929 1.4412
v  4.7192 -0.6213 1.4706
v  4.6720 -0.6013 1.3494
v  4.7782 -0.6381 1.3837
v  4.7385 -0.6181 1.1816
v  4.8929 -0.6727 1.2171
v  4.8039 -0.6328 0.9710
v  5.0033 -0.7031 1.0016
v  4.8382 -0.6370 0.7518
v  4.5305 -0.5562 1.3114
v  4.5691 -0.5635 1.1461
v  4.6098 -0.5698 0.9441
v  4.6345 -0.5719 0.7384
v  4.6484 -0.5719 0.5155
v  4.8543 -0.6370 0.5167
v  4.6602 -0.5730 0.2645
v  4.8682 -0.6381 0.2632
v  4.4426 -0.5121 0.5143
v  4.4501 -0.5121 0.2669
v  4.4533 -0.5121 0.0000
v  4.6656 -0.5730 0.0000
v  4.6602 -0.5730 -0.2645
v  4.2314 -0.4523 0.0000
v  4.4501 -0.5121 -0.2670
v  4.6484 -0.5719 -0.5155
v  4.8543 -0.6370 -0.5168
v  4.8382 -0.6370 -0.7519
v  5.0516 -0.7115 -0.7678
v  3.5312 -0.4449 -2.9107
v  3.3586 -0.4134 -2.9719
v  3.5323 -0.4460 -2.9205
v  3.7049 -0.4796 -2.8580
v  3.7060 -0.4806 -2.8678
v  3.8861 -0.5184 -2.8029
v  3.1763 -0.3851 -3.0319
v  3.3575 -0.4166 -2.9805
v  3.5312 -0.4491 -2.9303
v  3.7060 -0.4838 -2.8776
v  3.1731 -0.4134 -3.1115
v  3.3543 -0.4439 -3.0589
v  3.5291 -0.4754 -3.0074
v  3.7028 -0.5090 -2.9548
v  3.8850 -0.5467 -2.8984
v  3.1688 -0.4407 -3.1948
v  3.3522 -0.4712 -3.1409
v  3.5269 -0.5016 -3.0895
v  3.7006 -0.5352 -3.0356
v  3.8840 -0.5730 -2.9780
v  3.1645 -0.4638 -3.2646
v  3.3490 -0.4932 -3.2107
v  3.3468 -0.5110 -3.2744
v  3.5248 -0.5247 -3.1580
v  3.5237 -0.5425 -3.2217
v  3.6996 -0.5583 -3.1054
v  3.8840 -0.5961 -3.0466
v  4.0727 -0.6370 -2.9854
v  3.6996 -0.5772 -3.1691
v  3.8840 -0.6150 -3.1103
v  4.0738 -0.6559 -3.0478
v  4.2635 -0.7021 -2.9829
v  4.4479 -0.7504 -2.9180
v  4.6206 -0.7986 -2.8568
v  4.7846 -0.8480 -2.7956
v  4.4469 -0.7651 -2.9793
v  4.6184 -0.8144 -2.9168
v  4.7814 -0.8637 -2.8568
v  4.9369 -0.9141 -2.7968
v  4.9422 -0.8994 -2.7331
v  4.4458 -0.7777 -3.0466
v  4.6163 -0.8270 -2.9842
v  4.6152 -0.8385 -3.0687
v  4.7782 -0.8763 -2.9254
v  4.7739 -0.8868 -3.0074
v  4.9326 -0.9267 -2.8654
v  4.9261 -0.9382 -2.9487
v  5.0838 -0.9813 -2.8066
v  5.0762 -0.9928 -2.8887
v  5.0913 -0.9687 -2.7356
v  5.0977 -0.9540 -2.6695
v  5.1063 -0.9382 -2.6021
v  5.2371 -1.0411 -2.7442
v  5.2264 -1.0516 -2.8274
v  5.2467 -1.0285 -2.6719
v  5.2564 -1.0149 -2.6033
v  5.2671 -1.0012 -2.5323
v  5.2800 -0.9844 -2.4539
v  5.2939 -0.9655 -2.3597
v  5.3068 -0.9466 -2.2690
v  5.3679 -1.1104 -2.7674
v  5.3550 -1.1188 -2.8458
v  5.3818 -1.0999 -2.6842
v  5.3958 -1.0883 -2.6095
v  5.4086 -1.0768 -2.5384
v  5.4226 -1.0631 -2.4650
v  5.4376 -1.0485 -2.3817
v  5.4569 -1.0327 -2.2837
v  5.4751 -1.0159 -2.1882
v  5.3765 -1.1135 -2.7638
v  5.3904 -1.1030 -2.6805
v  5.3915 -1.1282 -2.7184
v  5.4033 -1.0915 -2.6058
v  5.4161 -1.0799 -2.5348
v  5.4204 -1.1030 -2.5593
v  5.4301 -1.0673 -2.4613
v  5.4462 -1.0526 -2.3780
v  5.4408 -1.0841 -2.4503
v  5.4655 -1.0359 -2.2801
v  5.4837 -1.0201 -2.1833
v  5.4858 -1.0180 -2.1735
v  5.3679 -1.1482 -2.8544
v  5.3636 -1.1230 -2.8421
v  5.3625 -1.1240 -2.8531
v  5.3657 -1.1503 -2.8654
v  5.3539 -1.1209 -2.8556
v  5.3582 -1.1461 -2.8691
v  5.2156 -1.0841 -2.9303
v  5.2146 -1.0621 -2.9156
v  5.4655 -1.0610 -2.3180
v  5.4944 -1.0369 -2.1723
v  5.4965 -1.0359 -2.1625
v  5.4987 -1.0348 -2.1515
v  5.4880 -1.0170 -2.1625
v  5.5234 -1.0086 -1.9727
v  5.5341 -1.0264 -1.9629
v  5.5577 -0.9991 -1.7768
v  5.5684 -1.0180 -1.7682
v  5.5855 -0.9928 -1.5919
v  5.5963 -1.0107 -1.5845
v  5.6445 -0.9750 -1.0029
v  5.6252 -0.9792 -1.2135
v  5.4526 -0.8879 -1.0213
v  5.6327 -0.9823 -1.2123
v  5.6102 -0.9876 -1.4070
v  5.6027 -0.9834 -1.4082
v  5.4333 -0.8921 -1.2454
v  5.5780 -0.9886 -1.5943
v  5.4129 -0.8973 -1.4560
v  5.5491 -0.9960 -1.7805
v  5.5148 -1.0044 -1.9764
v  5.4794 -1.0138 -2.1662
v  5.4772 -1.0149 -2.1772
v  5.2650 -0.7944 -0.7788
v  5.4687 -0.8837 -0.7776
v  5.0666 -0.7105 -0.5204
v  5.2789 -0.7913 -0.5229
v  4.8682 -0.6381 -0.2633
v  5.0795 -0.7105 -0.2633
v  4.8736 -0.6381 0.0000
v  5.6606 -0.9729 -0.7702
v  5.4815 -0.8805 -0.5229
v  5.6713 -0.9697 -0.5217
v  5.4901 -0.8795 -0.2621
v  5.2885 -0.7913 -0.2621
v  5.2928 -0.7913 0.0000
v  5.4923 -0.8795 0.0000
v  5.4901 -0.8795 0.2620
v  5.2885 -0.7913 0.2620
v  5.4815 -0.8805 0.5228
v  5.2789 -0.7913 0.5228
v  5.4687 -0.8837 0.7775
v  5.2650 -0.7944 0.7788
v  5.4526 -0.8879 1.0212
v  5.2199 -0.7881 1.0641
v  5.4333 -0.8921 1.2453
v  5.6788 -0.9687 -0.2633
v  5.6820 -0.9687 0.0000
v  5.6788 -0.9687 0.2632
v  5.6713 -0.9697 0.5216
v  5.6606 -0.9729 0.7702
v  5.6681 -0.9760 0.7702
v  5.6445 -0.9750 1.0028
v  5.6531 -0.9792 1.0016
v  5.6252 -0.9792 1.2135
v  5.6327 -0.9823 1.2122
v  5.6027 -0.9834 1.4082
v  5.6102 -0.9876 1.4069
v  5.4880 -1.0170 2.1625
v  5.5148 -1.0044 1.9763
v  5.4794 -1.0138 2.1661
v  5.5234 -1.0086 1.9727
v  5.5491 -0.9960 1.7804
v  5.5577 -0.9991 1.7767
v  5.5780 -0.9886 1.5943
v  5.5855 -0.9928 1.5918
v  5.5963 -1.0107 1.5845
v  5.5684 -1.0180 1.7682
v  5.5341 -1.0264 1.9629
v  5.4987 -1.0348 2.1514
v  5.4858 -1.0180 2.1735
v  5.4965 -1.0359 2.1625
v  5.4837 -1.0201 2.1833
v  5.4944 -1.0369 2.1723
v  5.4655 -1.0610 2.3180
v  5.4655 -1.0359 2.2800
v  5.4462 -1.0526 2.3780
v  5.4408 -1.0841 2.4502
v  5.4772 -1.0149 2.1772
v  5.4751 -1.0159 2.1882
v  5.4569 -1.0327 2.2837
v  5.4376 -1.0485 2.3816
v  5.4301 -1.0673 2.4612
v  5.4226 -1.0631 2.4649
v  5.4161 -1.0799 2.5347
v  5.4086 -1.0768 2.5384
v  5.4033 -1.0915 2.6057
v  5.4204 -1.1030 2.5592
v  5.3915 -1.1282 2.7184
v  5.3904 -1.1030 2.6804
v  5.3765 -1.1135 2.7637
v  5.3679 -1.1482 2.8543
v  5.3636 -1.1230 2.8421
v  5.3625 -1.1240 2.8531
v  5.3657 -1.1503 2.8653
v  5.3539 -1.1209 2.8555
v  5.3582 -1.1461 2.8690
v  5.2156 -1.0841 2.9302
v  5.3679 -1.1104 2.7674
v  5.3818 -1.0999 2.6841
v  5.2371 -1.0411 2.7441
v  5.3958 -1.0883 2.6094
v  5.2467 -1.0285 2.6719
v  5.2564 -1.0149 2.6033
v  5.0666 -1.0212 2.9939
v  4.9176 -0.9676 3.0551
v  4.7675 -0.9172 3.1151
v  4.6109 -0.8690 3.1751
v  4.4458 -0.8207 3.2376
v  4.2667 -0.7703 3.3025
v  4.0802 -0.7220 3.3686
v  1.6249 -0.0377 1.7548
v  1.5777 -0.0314 1.7241
v  1.5252 -0.0230 1.6679
v  0.1881 -0.1028 3.6944
v  0.6481 -0.0051 2.6916
v  0.8926 -0.0345 2.7369
v  0.5387 -0.0198 2.9155
v  0.3972 -0.0303 3.1079
v  0.1324 -0.0555 3.4422
v  0.0316 -0.0734 3.5928
v  1.2024 -0.1321 3.2573
v  1.0437 -0.0828 3.0148
v  0.7360 0.0096 2.4466
v  0.4841 0.0379 2.4124
v  0.4026 0.0243 2.6364
v  0.3114 0.0096 2.8458
v  0.2128 -0.0030 3.0368
v  0.8154 0.0211 2.1932
v  0.8861 0.0316 1.9262
v  0.9505 0.0400 1.6385
v  0.5591 0.0484 2.1822
v  0.5495 0.0494 2.1822
v  0.6267 0.0589 1.9324
v  0.6181 0.0599 1.9324
v  0.6910 0.0683 1.6507
v  0.6813 0.0694 1.6507
v  0.7467 0.0767 1.3446
v  0.7382 0.0778 1.3446
v  0.7929 0.0830 1.0201
v  0.7843 0.0841 1.0213
v  0.8261 0.0872 0.6858
v  0.8175 0.0883 0.6858
v  0.8379 0.0914 0.3442
v  0.4755 0.0389 2.4111
v  0.3843 0.0043 2.6267
v  0.3940 0.0253 2.6339
v  0.4658 0.0180 2.4050
v  0.5398 0.0295 2.1773
v  0.6084 0.0389 1.9299
v  0.6728 0.0484 1.6495
v  0.7285 0.0568 1.3434
v  0.7746 0.0631 1.0201
v  0.8079 0.0673 0.6858
v  0.8282 0.0704 0.3442
v  0.8443 0.0925 0.0001
v  0.8347 0.0725 0.0001
v  0.8282 0.0704 -0.3440
v  0.8379 0.0914 -0.3440
v  0.8175 0.0883 -0.6857
v  0.8079 0.0673 -0.6857
v  0.7843 0.0841 -1.0213
v  0.7746 0.0631 -1.0199
v  0.7382 0.0778 -1.3444
v  0.7285 0.0568 -1.3432
v  0.6813 0.0694 -1.6506
v  0.6728 0.0484 -1.6493
v  0.6267 0.0589 -1.9322
v  0.6910 0.0683 -1.6506
v  0.8861 0.0316 -1.9261
v  0.7467 0.0767 -1.3444
v  0.9505 0.0400 -1.6383
v  0.7929 0.0830 -1.0199
v  1.0051 0.0473 -1.3322
v  0.8261 0.0872 -0.6857
v  1.0470 0.0547 -1.0078
v  0.8154 0.0211 -2.1930
v  0.5591 0.0484 -2.1820
v  0.6181 0.0599 -1.9322
v  0.7360 0.0096 -2.4465
v  0.4841 0.0379 -2.4122
v  0.5495 0.0494 -2.1820
v  0.6481 -0.0051 -2.6914
v  1.1188 0.0064 -1.9187
v  1.0577 -0.0020 -2.1734
v  1.0223 -0.0198 -2.4514
v  0.8926 -0.0345 -2.7367
v  0.7843 -0.0576 -3.0257
v  0.5387 -0.0198 -2.9155
v  1.2528 -0.0177 -2.0938
v  1.2732 -0.0303 -2.2397
v  1.2260 -0.0482 -2.5273
v  1.1177 -0.0608 -2.7624
v  1.0437 -0.0828 -3.0148
v  0.9998 -0.1132 -3.2779
v  0.8207 -0.1007 -3.3122
v  0.5538 -0.0597 -3.2155
v  1.3418 -0.0870 -2.7710
v  1.2678 -0.1069 -3.0099
v  1.2024 -0.1321 -3.2571
v  1.1424 -0.1594 -3.4997
v  0.9708 -0.1468 -3.5351
v  1.4544 -0.1542 -3.2228
v  1.3965 -0.1783 -3.4469
v  1.1402 -0.1605 -3.5106
v  0.9698 -0.1479 -3.5450
v  0.8368 -0.1384 -3.5718
v  0.8357 -0.1374 -3.5620
v  0.9698 -0.1531 -3.5536
v  0.6942 -0.1300 -3.5989
v  0.6964 -0.1353 -3.6061
v  0.8368 -0.1447 -3.5792
v  0.9655 -0.2067 -3.6331
v  1.1327 -0.2151 -3.5975
v  1.3890 -0.2707 -3.6220
v  1.7128 -0.2896 -3.5584
v  2.0677 -0.3421 -3.5547
v  0.3597 -0.1122 -3.6624
v  0.3586 -0.1174 -3.6698
v  0.2010 -0.1101 -3.6981
v  0.5366 -0.1206 -3.6294
v  0.5345 -0.1269 -3.6367
v  0.4583 -0.1615 -3.6981
v  0.6031 -0.1825 -3.6906
v  0.7135 -0.1899 -3.6735
v  0.8400 -0.1993 -3.6551
v  0.9719 -0.2528 -3.6992
v  1.1317 -0.2591 -3.6698
v  1.1381 -0.2822 -3.7065
v  0.5173 -0.2109 -3.7434
v  0.6213 -0.2287 -3.7420
v  0.7307 -0.2434 -3.7397
v  0.8432 -0.2570 -3.7359
v  0.9858 -0.2749 -3.7286
v  1.1327 -0.2896 -3.7225
v  1.4029 -0.3127 -3.7114
v  1.3954 -0.2980 -3.6759
v  1.7214 -0.3179 -3.6282
v  1.7299 -0.3400 -3.6967
v  0.7328 -0.2497 -3.7469
v  0.8443 -0.2623 -3.7434
v  0.9601 -0.2759 -3.7384
v  1.1306 -0.2927 -3.7311
v  1.4040 -0.3158 -3.7200
v  1.7321 -0.3431 -3.7065
v  2.0859 -0.3715 -3.6796
v  2.0613 -0.3704 -3.6906
v  2.3775 -0.3987 -3.6661
v  2.3722 -0.3987 -3.6759
v  2.6638 -0.4323 -3.6502
v  0.6202 -0.2549 -3.7543
v  0.7307 -0.2696 -3.7518
v  0.8432 -0.2812 -3.7483
v  0.9612 -0.2948 -3.7445
v  1.1027 -0.3074 -3.7397
v  1.2861 -0.3221 -3.7335
v  1.4919 -0.3368 -3.7273
v  1.7010 -0.3505 -3.7212
v  1.9186 -0.3673 -3.7126
v  2.1502 -0.3882 -3.7030
v  2.3904 -0.4134 -3.6906
v  2.6402 -0.4292 -3.6612
v  2.6327 -0.4428 -3.6772
v  2.8911 -0.4649 -3.6466
v  2.8815 -0.4785 -3.6638
v  3.1485 -0.5079 -3.6295
v  3.1399 -0.5247 -3.6491
v  3.3940 -0.5751 -3.6332
v  3.4015 -0.5541 -3.6111
v  3.4026 -0.5761 -3.6332
v  3.4101 -0.5551 -3.6111
v  3.4111 -0.5772 -3.6270
v  2.8965 -0.4659 -3.6356
v  3.1485 -0.5079 -3.6197
v  3.4036 -0.5541 -3.6025
v  3.4186 -0.5572 -3.6050
v  3.4540 -0.5635 -3.5829
v  3.4497 -0.5625 -3.5744
v  3.5066 -0.5730 -3.5450
v  3.5119 -0.5740 -3.5536
v  3.5934 -0.5898 -3.5119
v  3.4540 -0.5856 -3.5989
v  3.5162 -0.5971 -3.5658
v  3.5977 -0.5908 -3.5205
v  3.5998 -0.6129 -3.5327
v  3.7199 -0.6171 -3.4776
v  3.7189 -0.6381 -3.4923
v  3.8915 -0.6559 -3.4201
v  3.8883 -0.6758 -3.4348
v  4.0834 -0.7021 -3.3540
v  4.0802 -0.7220 -3.3687
v  4.2700 -0.7504 -3.2878
v  3.7199 -0.6160 -3.4678
v  3.8915 -0.6548 -3.4103
v  4.0834 -0.7010 -3.3442
v  4.2700 -0.7493 -3.2768
v  4.4479 -0.7986 -3.2119
v  4.4479 -0.7997 -3.2217
v  4.6131 -0.8469 -3.1495
v  4.6131 -0.8480 -3.1593
v  4.7707 -0.8963 -3.0895
v  4.2667 -0.7703 -3.3025
v  4.4458 -0.8207 -3.2376
v  4.6109 -0.8690 -3.1752
v  4.7696 -0.8973 -3.0993
v  4.7675 -0.9172 -3.1152
v  4.9208 -0.9477 -3.0393
v  4.9176 -0.9676 -3.0552
v  5.0677 -1.0023 -2.9780
v  5.0666 -1.0212 -2.9940
v  4.9208 -0.9466 -3.0282
v  5.0687 -1.0012 -2.9682
v  5.2156 -1.0600 -2.9046
v  4.4469 -0.7892 -3.1311
v  4.2667 -0.7409 -3.1948
v  4.2646 -0.7294 -3.1115
v  4.2635 -0.7168 -3.0429
v  4.0759 -0.6832 -3.1764
v  4.0738 -0.6716 -3.1078
v  4.0791 -0.6926 -3.2609
v  3.8861 -0.6391 -3.2389
v  3.8883 -0.6485 -3.3258
v  3.7103 -0.6087 -3.3834
v  3.7028 -0.6003 -3.2976
v  3.5612 -0.5793 -3.4336
v  3.5344 -0.5677 -3.3515
v  3.4594 -0.5593 -3.4776
v  3.4219 -0.5541 -3.5217
v  3.3618 -0.5362 -3.4176
v  3.3339 -0.5373 -3.5193
v  2.9265 -0.4680 -3.5829
v  3.1474 -0.5048 -3.5450
v  3.3457 -0.5247 -3.3380
v  3.5248 -0.5562 -3.2842
v  3.6996 -0.5908 -3.2291
v  3.8850 -0.6286 -3.1703
v  3.5237 -0.2833 1.6262
v  3.5162 -0.2812 1.6335
v  3.5537 -0.2885 1.6494
v  3.4733 -0.2728 1.6212
v  3.5838 -0.2959 1.7181
v  3.5666 -0.2917 1.6812
v  3.5462 -0.2875 1.6556
v  3.2621 -0.2340 1.5955
v  3.0755 -0.2046 1.5723
v  2.8761 -0.1752 1.5515
v  3.5741 -0.2927 1.6776
v  3.5913 -0.2980 1.7168
v  3.6073 -0.3001 1.6874
v  3.6084 -0.3011 1.6140
v  3.7843 -0.3431 1.6763
v  3.7843 -0.3431 1.6090
v  3.6116 -0.3064 1.5416
v  3.7864 -0.3463 1.5429
v  3.6149 -0.3127 1.4694
v  3.7907 -0.3526 1.4755
v  3.4551 -0.2738 1.5416
v  3.4712 -0.2728 1.6102
v  3.4454 -0.2780 1.4646
v  3.2728 -0.2455 1.4620
v  3.4476 -0.2843 1.3886
v  3.2750 -0.2518 1.3824
v  3.4487 -0.2885 1.3163
v  3.4508 -0.2896 1.2527
v  3.6288 -0.3221 0.8828
v  3.6256 -0.3242 1.0458
v  3.6224 -0.3253 1.1816
v  3.2760 -0.2549 1.3079
v  3.0916 -0.2235 1.2405
v  3.2782 -0.2570 1.2441
v  3.0927 -0.2224 1.1596
v  3.4530 -0.2896 1.1694
v  3.2803 -0.2560 1.1621
v  3.4562 -0.2896 1.0372
v  3.4594 -0.2875 0.8804
v  3.2825 -0.2560 1.0322
v  3.4615 -0.2854 0.7224
v  3.2878 -0.2518 0.7261
v  3.4637 -0.2822 0.5339
v  3.2900 -0.2486 0.5388
v  3.2921 -0.2455 0.2865
v  3.2943 -0.2434 0.0000
v  3.2857 -0.2549 0.8792
v  3.0981 -0.2140 0.5449
v  3.0959 -0.2172 0.7310
v  3.0948 -0.2203 0.8816
v  3.0938 -0.2224 1.0322
v  2.8836 -0.1867 1.0421
v  2.8858 -0.1888 1.1694
v  2.6467 -0.1500 1.0677
v  2.6552 -0.1531 1.2000
v  2.8890 -0.1899 1.2514
v  2.6638 -0.1552 1.2821
v  2.8890 -0.1888 1.3163
v  2.6413 -0.1458 0.9122
v  2.8815 -0.1836 0.8914
v  2.8825 -0.1815 0.7396
v  2.8825 -0.1783 0.5535
v  2.8836 -0.1752 0.2939
v  3.0991 -0.2109 0.2902
v  2.8836 -0.1731 0.0000
v  3.0991 -0.2088 0.0000
v  3.0991 -0.2109 -0.2902
v  3.2921 -0.2455 -0.2866
v  3.2900 -0.2486 -0.5388
v  2.6413 -0.1426 0.7555
v  2.3872 -0.1038 0.7775
v  2.6434 -0.1395 0.5632
v  2.3926 -0.1017 0.5755
v  2.6456 -0.1374 0.3000
v  2.6467 -0.1353 0.0000
v  2.8836 -0.1752 -0.2939
v  3.0981 -0.2140 -0.5449
v  3.2878 -0.2518 -0.7262
v  3.4615 -0.2854 -0.7225
v  2.3958 -0.0996 0.3049
v  2.3979 -0.0986 0.0000
v  2.6456 -0.1374 -0.3000
v  2.8825 -0.1783 -0.5534
v  3.0959 -0.2172 -0.7311
v  3.2857 -0.2549 -0.8792
v  3.4594 -0.2875 -0.8805
v  3.6288 -0.3221 -0.8829
v  2.1417 -0.0671 0.5890
v  2.1460 -0.0650 0.3099
v  2.1481 -0.0639 0.0000
v  2.3958 -0.0996 -0.3049
v  2.6434 -0.1395 -0.5633
v  2.3926 -0.1017 -0.5755
v  2.8825 -0.1815 -0.7396
v  2.6413 -0.1426 -0.7556
v  3.0948 -0.2203 -0.8817
v  2.8815 -0.1836 -0.8915
v  3.2825 -0.2560 -1.0323
v  3.0938 -0.2224 -1.0323
v  2.1342 -0.0702 0.8057
v  2.3872 -0.1038 -0.7776
v  2.6413 -0.1458 -0.9123
v  2.8836 -0.1867 -1.0421
v  3.6191 -0.3242 -1.3285
v  3.6202 -0.3253 -1.2661
v  3.7993 -0.3652 -1.2832
v  3.4487 -0.2885 -1.3163
v  3.4508 -0.2896 -1.2527
v  3.6224 -0.3253 -1.1817
v  3.2760 -0.2549 -1.3077
v  3.2782 -0.2570 -1.2441
v  3.4530 -0.2896 -1.1694
v  3.0916 -0.2235 -1.2405
v  3.0927 -0.2224 -1.1596
v  3.2803 -0.2560 -1.1621
v  2.8858 -0.1888 -1.1694
v  2.8890 -0.1899 -1.2515
v  3.0906 -0.2224 -1.3054
v  3.2750 -0.2518 -1.3824
v  3.4476 -0.2843 -1.3886
v  3.4454 -0.2780 -1.4645
v  2.6638 -0.1552 -1.2821
v  2.8890 -0.1888 -1.3163
v  3.0873 -0.2182 -1.3813
v  2.8858 -0.1857 -1.3923
v  3.2728 -0.2455 -1.4621
v  3.0830 -0.2130 -1.4633
v  2.6692 -0.1531 -1.4191
v  2.4429 -0.1227 -1.4645
v  2.2135 -0.0933 -1.5318
v  2.2242 -0.0933 -1.5956
v  2.2339 -0.0933 -1.6580
v  2.2425 -0.0944 -1.7241
v  2.2478 -0.0954 -1.7988
v  1.9873 -0.0692 -1.5539
v  1.6195 -0.0419 -1.8967
v  1.5369 -0.0314 -1.8478
v  3.4562 -0.2896 -1.0372
v  3.6256 -0.3242 -1.0458
v  3.4637 -0.2822 -0.5339
v  3.6309 -0.3200 -0.7213
v  3.8089 -0.3620 -0.8878
v  3.8046 -0.3631 -1.0556
v  3.8014 -0.3641 -1.1963
v  3.9933 -0.4071 -1.0703
v  3.9880 -0.4082 -1.2160
v  4.1917 -0.4565 -1.0898
v  4.1788 -0.4554 -1.2417
v  3.9837 -0.4082 -1.3041
v  3.9998 -0.4061 -0.8951
v  3.8111 -0.3589 -0.7200
v  3.6331 -0.3169 -0.5302
v  3.4658 -0.2791 -0.2829
v  4.4726 -0.5404 -1.5992
v  4.3214 -0.4964 -1.6801
v  4.4758 -0.5425 -1.6323
v  4.3193 -0.4943 -1.6409
v  4.3204 -0.4932 -1.6005
v  1.6849 -0.0639 2.1000
v  1.7825 -0.0870 2.2287
v  1.8093 -0.0849 2.1809
v  1.9658 -0.1174 2.3230
v  1.9862 -0.1132 2.2666
v  1.9379 -0.1195 2.3842
v  2.1728 -0.1563 2.4515
v  2.0066 -0.1080 2.2091
v  1.8393 -0.0828 2.1381
v  2.2349 -0.1321 2.1944
v  2.0259 -0.1017 2.1479
v  2.2414 -0.1227 2.1173
v  2.4129 -0.1363 2.0597
v  2.2457 -0.1143 2.0401
v  2.0484 -0.0912 2.0217
v  2.0387 -0.0965 2.0854
v  1.8629 -0.0797 2.0964
v  1.8747 -0.0765 2.0487
v  1.7750 -0.0681 2.0622
v  1.7503 -0.0618 2.0230
v  1.7246 -0.0650 2.0732
v  1.6667 -0.0555 2.0230
v  1.8801 -0.0723 1.9985
v  1.7439 -0.0576 1.9813
v  1.6420 -0.0492 1.9813
v  1.6109 -0.0524 2.0426
v  1.6517 -0.0639 2.1417
v  1.7492 -0.0891 2.3009
v  1.6034 -0.0650 2.2201
v  1.5691 -0.0503 2.0781
v  1.5680 -0.0440 1.9959
v  1.5155 -0.0408 2.0242
v  1.7407 -0.0545 1.9385
v  2.0559 -0.0849 1.9543
v  2.2510 -0.0996 1.8772
v  2.2425 -0.0944 1.7241
v  2.0366 -0.0734 1.7069
v  2.2339 -0.0933 1.6580
v  2.2500 -0.1059 1.9592
v  2.4140 -0.1237 1.9568
v  2.4194 -0.1143 1.6176
v  2.4161 -0.1132 1.6947
v  2.4590 -0.1195 1.6298
v  2.4151 -0.1132 1.7793
v  2.4569 -0.1174 1.7731
v  2.4151 -0.1164 1.8674
v  2.4569 -0.1206 1.8637
v  2.4580 -0.1174 1.6874
v  2.4633 -0.1206 1.6029
v  2.4805 -0.1237 1.5661
v  2.5116 -0.1279 1.5465
v  2.4869 -0.1237 1.5723
v  2.4719 -0.1216 1.6029
v  2.4676 -0.1206 1.6335
v  2.4665 -0.1195 1.6874
v  2.4665 -0.1185 1.7731
v  2.4655 -0.1216 1.8637
v  2.4644 -0.1300 1.9556
v  2.5405 -0.1321 1.5331
v  2.5394 -0.1321 1.5234
v  2.5716 -0.1363 1.5307
v  2.6660 -0.1479 1.5343
v  2.6660 -0.1479 1.5245
v  2.5663 -0.1353 1.5221
v  2.6670 -0.1500 1.4878
v  2.5384 -0.1332 1.5000
v  2.4429 -0.1227 1.4646
v  2.4462 -0.1206 1.5307
v  2.5030 -0.1269 1.5416
v  2.2242 -0.0933 1.5955
v  2.0237 -0.0713 1.6567
v  2.3872 -0.1080 0.9453
v  2.1331 -0.0744 0.9906
v  2.3979 -0.1132 1.1119
v  2.1492 -0.0807 1.1731
v  2.6692 -0.1563 1.3446
v  2.6692 -0.1531 1.4193
v  2.8858 -0.1857 1.3922
v  3.0906 -0.2224 1.3053
v  3.0873 -0.2182 1.3813
v  3.0830 -0.2130 1.4633
v  2.8804 -0.1804 1.4743
v  3.2664 -0.2382 1.5367
v  3.0788 -0.2088 1.5196
v  2.8761 -0.1762 1.5416
v  3.2632 -0.2350 1.5857
v  3.0766 -0.2046 1.5625
v  0.1077 -0.0167 3.2083
v  -0.0016 -0.0314 3.3637
v  -0.1067 -0.0461 3.5022
v  0.3039 0.0106 2.8434
v  0.2053 -0.0020 3.0332
v  0.1002 -0.0156 3.2046
v  -0.0091 -0.0303 3.3589
v  -0.1132 -0.0450 3.4948
v  -0.1207 -0.0461 3.5045
v  -0.1121 -0.0471 3.5095
v  0.0262 -0.0744 3.6000
v  0.2943 -0.0093 2.8360
v  0.1956 -0.0230 3.0258
v  0.0884 -0.0366 3.1997
v  -0.0242 -0.0513 3.3589
v  -0.1335 -0.0671 3.5010
v  -0.1400 -0.0681 3.5107
v  -0.1324 -0.0692 3.5156
v  0.1313 -0.1101 3.6883
v  0.1613 -0.1007 3.6895
v  0.1410 -0.1122 3.6957
v  0.1731 -0.1028 3.6969
v  0.1528 -0.1174 3.6992
v  0.1849 -0.1080 3.7005
v  0.2117 -0.1458 3.7164
v  0.2310 -0.1321 3.7164
v  0.2900 -0.1584 3.7324
v  0.2932 -0.1531 3.7263
v  0.2793 -0.1762 3.7348
v  0.2503 -0.1342 3.7140
v  0.3543 -0.1447 3.7030
v  0.4583 -0.1615 3.6981
v  0.5259 -0.1846 3.7091
v  5.0913 -0.9687 2.7355
v  5.0838 -0.9813 2.8066
v  4.9326 -0.9267 2.8653
v  4.9369 -0.9141 2.7968
v  4.7814 -0.8637 2.8568
v  4.9422 -0.8994 2.7331
v  4.7846 -0.8480 2.7955
v  5.0977 -0.9540 2.6694
v  4.9476 -0.8816 2.6670
v  4.7878 -0.8301 2.7306
v  5.1063 -0.9382 2.6021
v  4.9529 -0.8616 2.5935
v  4.7910 -0.8091 2.6584
v  5.1148 -0.9193 2.5261
v  4.9594 -0.8385 2.5078
v  4.7943 -0.7850 2.5739
v  5.1245 -0.8984 2.4368
v  4.9637 -0.8175 2.4245
v  4.7964 -0.7630 2.4943
v  5.1331 -0.8784 2.3498
v  5.1341 -0.8753 2.3400
v  4.9647 -0.8144 2.4147
v  5.3100 -0.9445 2.2482
v  5.3089 -0.9445 2.2592
v  5.3068 -0.9466 2.2690
v  5.2939 -0.9655 2.3596
v  5.2800 -0.9844 2.4539
v  5.2671 -1.0012 2.5323
v  5.3379 -0.9298 2.0584
v  5.1524 -0.8564 2.1453
v  5.3647 -0.9162 1.8576
v  5.1502 -0.8259 1.9323
v  5.3904 -0.9057 1.6592
v  5.2060 -0.8259 1.7033
v  5.4129 -0.8973 1.4559
v  5.2264 -0.8175 1.5049
v  5.2403 -0.8091 1.3004
v  4.7321 -0.6276 1.5404
v  4.7782 -0.6423 1.5037
v  4.8564 -0.6685 1.4290
v  5.0066 -0.7168 1.2808
v  5.0569 -0.7409 1.3996
v  5.0634 -0.7535 1.5490
v  4.7128 -0.6255 1.6310
v  4.6999 -0.6181 1.6004
v  4.7707 -0.6433 1.5759
v  4.8286 -0.6632 1.5490
v  4.9111 -0.6916 1.4976
v  4.9358 -0.7073 1.5845
v  5.0473 -0.7598 1.7008
v  4.9251 -0.7105 1.6812
v  4.9926 -0.7525 1.8392
v  4.8800 -0.7021 1.7743
v  4.8489 -0.6800 1.6702
v  4.8136 -0.6727 1.7363
v  4.7878 -0.6559 1.6665
v  4.7921 -0.6548 1.6188
v  4.9497 -0.7630 2.0780
v  5.1352 -0.8742 2.3302
v  5.0666 -0.7105 0.5204
v  5.0795 -0.7105 0.2632
v  5.0848 -0.7115 0.0000
v  5.0516 -0.7115 0.7677
v  0.6910 -0.1279 -3.5903
v  0.6406 -0.0944 -3.3906
v  0.5334 -0.1195 -3.6196
v  0.3608 -0.1101 -3.6526
v  0.3650 -0.0944 -3.5596
v  0.4819 -0.0933 -3.4837
v  0.3854 -0.0660 -3.3673
v  0.3972 -0.0303 -3.1077
v  0.2610 -0.0786 -3.5131
v  0.2514 -0.0408 -3.2792
v  0.1763 -0.1007 -3.6858
v  0.1881 -0.1028 -3.6944
v  0.0316 -0.0734 -3.5926
v  0.1324 -0.0555 -3.4420
v  0.4026 0.0243 -2.6363
v  0.4755 0.0389 -2.4110
v  0.3114 0.0096 -2.8457
v  0.3940 0.0253 -2.6339
v  0.2128 -0.0030 -3.0367
v  0.3039 0.0106 -2.8432
v  0.1077 -0.0167 -3.2081
v  0.2053 -0.0020 -3.0330
v  -0.0016 -0.0314 -3.3637
v  0.1002 -0.0156 -3.2046
v  -0.1067 -0.0461 -3.5020
v  0.6084 0.0389 -1.9298
v  0.5398 0.0295 -2.1772
v  0.4658 0.0180 -2.4049
v  0.3843 0.0043 -2.6265
v  0.2943 -0.0093 -2.8359
v  0.1956 -0.0230 -3.0257
v  0.0884 -0.0366 -3.1996
v  -0.0091 -0.0303 -3.3589
v  -0.0242 -0.0513 -3.3589
v  -0.1132 -0.0450 -3.4948
v  -0.1335 -0.0671 -3.5008
v  -0.1400 -0.0681 -3.5106
v  -0.1207 -0.0461 -3.5045
v  -0.1324 -0.0692 -3.5155
v  -0.1121 -0.0471 -3.5094
v  0.0262 -0.0744 -3.6000
v  0.1313 -0.1101 -3.6882
v  0.1613 -0.1007 -3.6895
v  0.1410 -0.1122 -3.6955
v  0.1731 -0.1028 -3.6967
v  0.1528 -0.1174 -3.6992
v  0.1849 -0.1080 -3.7004
v  0.2310 -0.1321 -3.7163
v  0.2117 -0.1458 -3.7163
v  0.2900 -0.1584 -3.7322
v  0.2793 -0.1762 -3.7347
v  0.3490 -0.1783 -3.7434
v  0.3415 -0.1972 -3.7469
v  0.4197 -0.1962 -3.7494
v  0.4133 -0.2161 -3.7531
v  0.5152 -0.2161 -3.7506
v  0.5098 -0.2361 -3.7543
v  0.6245 -0.2350 -3.7494
v  0.2503 -0.1342 -3.7139
v  0.2932 -0.1531 -3.7261
v  0.3500 -0.1720 -3.7359
v  0.4251 -0.1920 -3.7420
v  0.3543 -0.1447 -3.7030
v  0.5259 -0.1846 -3.7090
v  4.8564 -0.6779 1.6053
v  3.6953 -0.4617 -2.7344
v  3.5226 -0.4271 -2.7846
v  3.5130 -0.4082 -2.6486
v  5.6198 -1.0054 -1.4009
v  5.6424 -1.0012 -1.2086
v  5.6531 -0.9792 -1.0017
v  5.6617 -0.9970 -0.9992
v  5.6681 -0.9760 -0.7702
v  5.6777 -0.9939 -0.7678
v  5.6799 -0.9739 -0.5217
v  5.6885 -0.9918 -0.5204
v  5.6863 -0.9729 -0.2633
v  5.6960 -0.9907 -0.2633
v  5.6895 -0.9718 0.0000
v  5.6981 -0.9897 0.0000
v  5.6863 -0.9729 0.2632
v  5.6799 -0.9739 0.5216
v  5.6960 -0.9907 0.2632
v  5.6885 -0.9918 0.5204
v  5.6777 -0.9939 0.7677
v  5.6617 -0.9970 0.9992
v  5.6424 -1.0012 1.2086
v  5.6198 -1.0054 1.4008
v  2.0977 -0.3620 -3.6098
v  2.1792 -0.3767 -3.6392
v  2.4161 -0.3966 -3.5951
v  2.6863 -0.4334 -3.5853
v  2.7389 -0.4418 -3.6160
v  3.1613 -0.3442 2.7392
v  2.9512 -0.2927 2.6376
# 2635 vertices

vn 1.0000 0.0000 -0.0000
vn 0.8417 0.0713 0.5352
vn 0.9818 0.0236 0.1887
vn 0.9955 0.0117 0.0943
vn 1.0000 0.0003 -0.0000
vn 0.9955 0.0118 0.0943
vn 0.1250 0.9921 0.0090
vn 0.1166 0.9929 -0.0213
vn 0.1212 0.9925 -0.0152
vn 0.9946 0.0129 -0.1025
vn 0.1296 0.9898 0.0590
vn 0.1239 0.9922 0.0168
vn 0.1258 0.9896 0.0694
vn 0.1226 0.9923 -0.0190
vn 0.1216 0.9924 0.0183
vn 0.1189 0.9924 -0.0313
vn 0.1163 0.9926 -0.0338
vn 0.8925 0.0559 0.4476
vn 0.8122 0.0762 0.5784
vn 0.4293 0.1322 0.8934
vn 0.1196 0.9924 -0.0300
vn 0.1173 0.9928 -0.0234
vn 0.1252 0.9919 -0.0229
vn 0.1216 0.9925 -0.0122
vn 0.1309 0.9846 0.1157
vn 0.9783 0.0268 -0.2056
vn 0.8751 0.0668 -0.4793
vn 0.7583 0.0911 -0.6455
vn 0.1239 0.9899 0.0693
vn 0.1301 0.9838 0.1231
vn 0.1376 0.9798 0.1448
vn 0.9788 0.0281 -0.2031
vn 0.7614 0.0961 -0.6411
vn 0.4514 0.1299 -0.8828
vn 0.2575 0.1434 -0.9556
vn -0.0497 0.1539 -0.9868
vn -0.1541 0.1543 -0.9759
vn -0.2812 0.1627 -0.9458
vn -0.2831 0.1652 -0.9447
vn -0.3362 0.1775 -0.9249
vn -0.3345 0.1771 -0.9256
vn 0.1273 0.9844 0.1219
vn 0.1325 0.9799 0.1493
vn 0.1299 0.9793 0.1554
vn 0.1295 0.9776 0.1661
vn 0.1286 0.9774 0.1678
vn 0.1317 0.9761 0.1728
vn 0.1364 0.9752 0.1741
vn 0.1398 0.9750 0.1730
vn 0.1450 0.9743 0.1725
vn 0.1442 0.9749 0.1695
vn 0.1473 0.9749 0.1669
vn 0.1453 0.9747 0.1696
vn 0.1467 0.9774 0.1523
vn 0.1506 0.9731 0.1746
vn -0.3424 0.1916 -0.9198
vn -0.3539 0.1853 -0.9167
vn 0.1480 0.9764 0.1571
vn -0.2628 0.1891 -0.9461
vn -0.2971 0.1960 -0.9345
vn 0.1577 0.9754 0.1541
vn 0.1608 0.9758 0.1484
vn -0.1899 0.2156 -0.9578
vn -0.2146 0.1753 -0.9608
vn 0.1720 0.9740 0.1474
vn 0.1725 0.9756 0.1355
vn 0.1878 0.9731 0.1335
vn -0.1424 0.2186 -0.9654
vn -0.1685 0.1334 -0.9766
vn -0.2021 0.1222 -0.9717
vn -0.2608 0.1850 -0.9475
vn -0.3454 0.1889 -0.9193
vn -0.3001 0.1673 -0.9391
vn -0.3495 0.1781 -0.9198
vn 0.2511 0.1493 -0.9564
vn -0.1843 0.1577 -0.9701
vn -0.2762 0.1479 -0.9496
vn -0.2724 0.1319 -0.9531
vn -0.2821 0.1584 -0.9462
vn -0.2854 0.1497 -0.9466
vn -0.3103 0.1698 -0.9354
vn -0.3484 0.1749 -0.9209
vn -0.3580 0.1815 -0.9159
vn -0.2966 0.1911 -0.9357
vn -0.2856 0.1304 -0.9494
vn 0.2134 0.9770 0.0050
vn 0.2131 0.9769 0.0151
vn 0.2142 0.9767 0.0121
vn 0.2057 0.9784 0.0206
vn 0.8457 0.5312 -0.0515
vn 0.8142 0.5525 0.1785
vn 0.8435 0.5364 0.0279
vn 0.2144 0.9748 -0.0618
vn 0.2124 0.9762 -0.0428
vn 0.2108 0.9766 -0.0429
vn 0.7176 0.5973 0.3581
vn 0.7844 0.5717 0.2407
vn 0.2129 0.9769 -0.0212
vn 0.2151 0.9762 -0.0290
vn 0.2032 0.9791 -0.0046
vn 0.1776 0.9835 0.0350
vn 0.1979 0.9798 0.0295
vn 0.2145 0.9764 0.0238
vn 0.1574 0.9872 0.0271
vn 0.1457 0.9881 0.0489
vn 0.1571 0.9865 0.0459
vn 0.1575 0.9860 0.0539
vn 0.1765 0.9837 0.0332
vn 0.2738 0.6475 0.7112
vn 0.1967 0.6542 0.7303
vn 0.2376 0.6498 0.7221
vn 0.3709 0.6285 0.6837
vn 0.4328 0.6189 0.6555
vn 0.5450 0.5973 0.5885
vn 0.5945 0.6035 0.5313
vn 0.6801 0.6012 0.4195
vn 0.1793 0.9838 0.0079
vn 0.1486 0.6521 0.7435
vn 0.1694 0.6419 0.7478
vn 0.1554 0.6469 0.7466
vn 0.1408 0.9889 0.0477
vn 0.1768 0.6425 0.7456
vn 0.1898 0.6447 0.7405
vn 0.1307 0.9906 0.0394
vn 0.1306 0.6561 0.7433
vn 0.1289 0.9908 0.0399
vn 0.1240 0.9915 0.0386
vn 0.0821 0.6688 0.7389
vn 0.1204 0.6611 0.7406
vn 0.1254 0.9907 0.0520
vn -0.0443 0.6952 0.7175
vn 0.0560 0.6760 0.7348
vn 0.1256 0.9913 0.0388
vn 0.1245 0.9917 0.0333
vn -0.2617 0.7224 0.6401
vn -0.1203 0.7048 0.6992
vn 0.1294 0.9911 0.0317
vn -0.6119 0.7885 0.0615
vn -0.5557 0.8014 0.2214
vn -0.5933 0.7980 0.1060
vn 0.1172 0.9928 0.0234
vn 0.1196 0.9924 0.0301
vn 0.1252 0.9919 0.0229
vn -0.5333 0.7925 0.2957
vn -0.4737 0.7687 0.4297
vn -0.4401 0.7505 0.4930
vn -0.3268 0.7309 0.5992
vn 0.1226 0.9923 0.0190
vn 0.1287 0.9911 0.0331
vn 0.1324 0.9909 0.0258
vn 0.1214 0.9919 0.0372
vn 0.1287 0.9911 0.0349
vn 0.1216 0.9925 0.0122
vn -0.6166 0.7871 0.0160
vn 0.1207 0.9927 0.0080
vn 0.1205 0.9925 -0.0200
vn -0.6143 0.7890 -0.0053
vn -0.6170 0.7869 0.0101
vn 0.1188 0.9926 -0.0270
vn 0.1247 0.9898 -0.0694
vn -0.6156 0.7869 -0.0424
vn -0.6142 0.7890 -0.0157
vn 0.1247 0.9890 -0.0792
vn 0.1249 0.9848 -0.1209
vn -0.6150 0.7839 -0.0854
vn -0.6166 0.7851 -0.0586
vn 0.1200 0.9845 -0.1277
vn 0.1263 0.9802 -0.1525
vn -0.6036 0.7818 -0.1562
vn -0.6103 0.7863 -0.0963
vn 0.1281 0.9794 -0.1560
vn 0.1274 0.9783 -0.1632
vn -0.5699 0.7503 -0.3351
vn -0.5982 0.7744 -0.2060
vn 0.1295 0.9783 -0.1615
vn 0.1334 0.9768 -0.1673
vn 0.1369 0.9758 -0.1706
vn 0.1216 0.9924 -0.0183
vn 0.1236 0.9899 -0.0694
vn 0.1272 0.9844 -0.1219
vn 0.1328 0.9790 -0.1547
vn 0.1189 0.9924 0.0313
vn 0.1212 0.9925 0.0152
vn 0.1239 0.9922 -0.0167
vn 0.1258 0.9896 -0.0694
vn 0.1301 0.9838 -0.1231
vn 0.1325 0.9799 -0.1493
vn 0.1295 0.9776 -0.1661
vn 0.1382 0.9748 -0.1752
vn 0.1350 0.9763 -0.1694
vn 0.1379 0.9752 -0.1732
vn 0.1317 0.9761 -0.1728
vn 0.1399 0.9754 -0.1705
vn 0.1341 0.9775 -0.1629
vn 0.1296 0.9898 -0.0590
vn 0.1309 0.9846 -0.1157
vn 0.1376 0.9798 -0.1448
vn 0.1299 0.9793 -0.1554
vn 0.1286 0.9774 -0.1678
vn 0.1364 0.9752 -0.1741
vn 0.1398 0.9750 -0.1730
vn 0.1450 0.9743 -0.1725
vn 0.1442 0.9749 -0.1695
vn 0.1472 0.9749 -0.1669
vn 0.1453 0.9748 -0.1696
vn 0.9946 0.0129 0.1034
vn 0.8747 0.0668 0.4800
vn 0.9786 0.0270 0.2042
vn 0.7614 0.0962 0.6411
vn 0.4514 0.1299 0.8828
vn 0.2575 0.1434 0.9556
vn -0.0497 0.1539 0.9868
vn -0.1541 0.1544 0.9759
vn -0.2812 0.1627 0.9458
vn -0.2831 0.1653 0.9447
vn -0.3362 0.1775 0.9249
vn 0.1506 0.9731 -0.1746
vn 0.1480 0.9764 -0.1571
vn 0.1467 0.9774 -0.1523
vn 0.1577 0.9754 -0.1542
vn 0.1608 0.9758 -0.1484
vn -0.2762 0.1479 0.9496
vn -0.3001 0.1673 0.9391
vn -0.3345 0.1771 0.9256
vn -0.3539 0.1853 0.9167
vn -0.3424 0.1916 0.9198
vn -0.2971 0.1960 0.9345
vn -0.2628 0.1891 0.9461
vn -0.2146 0.1753 0.9608
vn -0.1899 0.2156 0.9578
vn -0.1685 0.1334 0.9766
vn -0.1424 0.2185 0.9654
vn -0.2021 0.1222 0.9717
vn -0.2608 0.1850 0.9475
vn -0.3454 0.1890 0.9193
vn -0.3495 0.1782 0.9198
vn 0.1720 0.9740 -0.1474
vn 0.1725 0.9756 -0.1355
vn 0.1878 0.9731 -0.1335
vn 0.1932 0.9735 -0.1227
vn 0.1989 0.9749 -0.0997
vn -0.1405 0.1060 0.9844
vn -0.1696 0.0700 0.9830
vn -0.2049 0.1810 0.9619
vn -0.2966 0.1911 0.9357
vn -0.3580 0.1816 0.9159
vn 0.1555 0.9741 -0.1644
vn 0.1711 0.9727 -0.1567
vn 0.1903 0.9719 -0.1389
vn 0.2014 0.9737 -0.1062
vn 0.2044 0.9765 -0.0679
vn 0.1922 0.9776 -0.0859
vn 0.1965 0.9782 -0.0675
vn 0.1911 0.9803 -0.0508
vn 0.1943 0.9798 -0.0473
vn 0.1551 0.9713 -0.1804
vn 0.1457 0.9735 -0.1765
vn 0.1701 0.9694 -0.1772
vn 0.1608 0.9697 -0.1840
vn 0.1914 0.9672 -0.1671
vn 0.1749 0.9685 -0.1771
vn 0.2148 0.9680 -0.1298
vn 0.2132 0.9649 -0.1534
vn 0.2240 0.9685 -0.1084
vn 0.2303 0.9629 -0.1406
vn 0.2188 0.9731 -0.0728
vn 0.2229 0.9704 -0.0932
vn 0.2160 0.9711 -0.1018
vn 0.1388 0.9744 -0.1769
vn 0.1388 0.9744 -0.1768
vn 0.3194 0.5234 -0.7900
vn 0.2708 0.5207 -0.8096
vn 0.2964 0.5164 -0.8034
vn 0.2696 0.5216 -0.8095
vn 0.2552 0.5251 -0.8119
vn 0.2414 0.5332 -0.8108
vn 0.2260 0.5401 -0.8107
vn 0.2239 0.5446 -0.8082
vn 0.1892 0.5486 -0.8144
vn 0.1552 0.5540 -0.8179
vn 0.0369 0.5770 -0.8159
vn -0.0487 0.5941 -0.8029
vn -0.2044 0.6255 -0.7530
vn -0.2760 0.6416 -0.7156
vn -0.4034 0.6755 -0.6172
vn -0.4592 0.6928 -0.5559
vn -0.5436 0.7297 -0.4148
vn 0.0253 0.9996 0.0093
vn 0.0292 0.9995 -0.0099
vn 0.0273 0.9995 0.0143
vn 0.0406 0.9863 -0.1601
vn 0.0380 0.9894 -0.1401
vn 0.0395 0.9864 -0.1597
vn 0.0407 0.9898 -0.1366
vn 0.0341 0.9963 -0.0790
vn 0.0334 0.9970 -0.0691
vn 0.0281 0.9996 -0.0095
vn 0.0233 0.9997 -0.0084
vn 0.0238 0.9997 0.0056
vn 0.0269 0.9996 0.0130
vn 0.0274 0.9995 0.0135
vn 0.0270 0.9996 0.0124
vn 0.0272 0.9996 0.0124
vn 0.0283 0.9994 -0.0174
vn 0.0280 0.9996 -0.0051
vn 0.0328 0.9961 -0.0818
vn 0.0328 0.9967 -0.0741
vn 0.0388 0.9896 -0.1383
vn 0.0379 0.9911 -0.1279
vn 0.0334 0.9893 -0.1418
vn 0.0420 0.9855 -0.1646
vn 0.0272 0.9996 0.0123
vn 0.0438 0.9852 -0.1655
vn 0.0428 0.9861 -0.1603
vn 0.0381 0.9904 -0.1331
vn 0.0432 0.9870 -0.1546
vn 0.0441 0.9857 -0.1627
vn 0.0441 0.9844 -0.1706
vn 0.1310 0.9908 0.0345
vn 0.1316 0.9907 0.0351
vn 0.1266 0.9912 0.0387
vn 0.1337 0.9907 0.0265
vn 0.1409 0.9895 0.0317
vn 0.1329 0.9906 0.0334
vn 0.1251 0.9914 0.0385
vn 0.1346 0.9904 0.0323
vn 0.1368 0.9904 0.0180
vn 0.1370 0.9905 0.0121
vn -0.1846 0.1999 -0.9623
vn -0.1971 0.2036 -0.9590
vn -0.1870 0.1960 -0.9626
vn -0.1203 0.1761 -0.9770
vn -0.1250 0.1716 -0.9772
vn 0.0387 0.1554 -0.9871
vn 0.1485 0.9888 0.0160
vn 0.1478 0.9889 0.0133
vn -0.1212 0.2473 -0.9613
vn -0.1872 0.2206 -0.9572
vn -0.1989 0.2028 -0.9588
vn -0.1480 0.1824 -0.9720
vn -0.1093 0.1518 -0.9824
vn -0.0277 0.1513 -0.9881
vn -0.1210 0.1497 -0.9813
vn -0.1212 0.1278 -0.9844
vn -0.1056 0.1387 -0.9847
vn -0.1252 0.1123 -0.9858
vn -0.2058 0.2088 -0.9561
vn -0.1507 0.1881 -0.9705
vn -0.1960 0.2292 -0.9534
vn -0.1860 0.2413 -0.9525
vn -0.1092 0.2664 -0.9577
vn -0.1164 0.2675 -0.9565
vn -0.0508 0.3025 -0.9518
vn -0.0444 0.3473 -0.9367
vn 0.1650 0.9863 0.0056
vn 0.1616 0.9868 0.0114
vn 0.1804 0.9836 0.0001
vn 0.1878 0.9821 -0.0136
vn 0.1958 0.9804 -0.0241
vn 0.1944 0.9798 -0.0472
vn 0.0037 0.4041 -0.9147
vn -0.1030 0.2857 -0.9528
vn -0.0592 0.3174 -0.9464
vn -0.0501 0.3008 -0.9524
vn -0.0072 0.3608 -0.9326
vn -0.0004 0.3037 -0.9528
vn 0.0371 0.3700 -0.9283
vn 0.2196 0.9711 -0.0935
vn 0.2211 0.9662 -0.1326
vn 0.2297 0.9614 -0.1518
vn 0.2293 0.9616 -0.1508
vn 0.2202 0.9633 -0.1533
vn 0.1967 0.9668 -0.1633
vn 0.8317 0.5222 -0.1888
vn 0.8075 0.5341 -0.2503
vn 0.7533 0.5386 -0.3774
vn 0.7223 0.5287 -0.4457
vn 0.6529 0.5108 -0.5593
vn 0.6169 0.5007 -0.6072
vn 0.5133 0.5137 -0.6875
vn 0.4579 0.5197 -0.7213
vn 0.3810 0.5297 -0.7578
vn 0.3630 0.5225 -0.7715
vn 0.2131 0.9769 -0.0152
vn 0.2142 0.9767 -0.0121
vn 0.2145 0.9764 -0.0240
vn 0.2127 0.9769 0.0213
vn 0.2133 0.9770 -0.0049
vn 0.2056 0.9784 -0.0206
vn 0.1979 0.9798 -0.0295
vn 0.2145 0.9748 0.0618
vn 0.2108 0.9766 0.0429
vn 0.2122 0.9763 0.0429
vn 0.2149 0.9762 0.0291
vn 0.2188 0.9731 0.0727
vn 0.2032 0.9791 0.0046
vn 0.2044 0.9765 0.0679
vn 0.1776 0.9835 -0.0350
vn 0.1793 0.9838 -0.0079
vn 0.1765 0.9837 -0.0332
vn 0.1575 0.9861 -0.0539
vn 0.1571 0.9865 -0.0459
vn 0.1574 0.9872 -0.0271
vn 0.1457 0.9881 -0.0489
vn 0.1409 0.9895 -0.0317
vn -0.2058 0.2088 0.9561
vn -0.1960 0.2292 0.9534
vn -0.1989 0.2027 0.9588
vn -0.1872 0.2206 0.9572
vn -0.1870 0.1959 0.9626
vn -0.1092 0.2664 0.9577
vn -0.1212 0.2474 0.9613
vn -0.1971 0.2037 0.9590
vn -0.0508 0.3024 0.9518
vn 0.1477 0.9889 -0.0133
vn 0.1616 0.9868 -0.0114
vn 0.1485 0.9888 -0.0160
vn 0.1650 0.9863 -0.0056
vn 0.1804 0.9836 -0.0001
vn 0.1958 0.9804 0.0241
vn -0.1860 0.2413 0.9524
vn -0.1164 0.2675 0.9565
vn -0.0444 0.3473 0.9367
vn 0.0037 0.4041 0.9147
vn 0.1878 0.9821 0.0136
vn 0.1943 0.9798 0.0473
vn 0.1911 0.9803 0.0508
vn 0.1965 0.9782 0.0675
vn 0.1922 0.9776 0.0859
vn 0.1989 0.9749 0.0997
vn -0.1030 0.2858 0.9527
vn -0.0592 0.3174 0.9464
vn -0.0072 0.3609 0.9326
vn 0.0371 0.3699 0.9283
vn 0.0371 0.3700 0.9283
vn -0.0004 0.3037 0.9528
vn -0.0501 0.3008 0.9524
vn 0.2303 0.9629 0.1406
vn 0.2148 0.9680 0.1298
vn 0.2293 0.9616 0.1508
vn 0.2240 0.9685 0.1083
vn 0.2014 0.9737 0.1062
vn 0.1903 0.9719 0.1389
vn 0.1932 0.9735 0.1227
vn 0.1914 0.9672 0.1671
vn 0.2132 0.9649 0.1534
vn 0.1749 0.9685 0.1771
vn 0.1701 0.9694 0.1772
vn 0.1966 0.9668 0.1632
vn 0.2297 0.9614 0.1518
vn 0.2211 0.9662 0.1326
vn 0.2160 0.9711 0.1018
vn 0.2229 0.9704 0.0932
vn 0.2196 0.9711 0.0935
vn 0.4579 0.5197 0.7213
vn 0.5133 0.5138 0.6875
vn 0.6169 0.5007 0.6072
vn 0.6529 0.5108 0.5593
vn 0.7224 0.5287 0.4458
vn 0.7533 0.5386 0.3774
vn 0.8075 0.5341 0.2503
vn 0.8317 0.5222 0.1889
vn 0.8457 0.5312 0.0515
vn 0.8435 0.5364 -0.0279
vn 0.8142 0.5525 -0.1785
vn 0.7844 0.5716 -0.2407
vn 0.7176 0.5973 -0.3581
vn 0.6801 0.6012 -0.4195
vn 0.5945 0.6036 -0.5313
vn 0.5450 0.5973 -0.5884
vn 0.4328 0.6188 -0.6555
vn 0.3709 0.6285 -0.6837
vn 0.2738 0.6474 -0.7112
vn 0.2376 0.6497 -0.7221
vn 0.1967 0.6542 -0.7303
vn 0.1898 0.6447 -0.7405
vn 0.1768 0.6425 -0.7456
vn 0.1694 0.6419 -0.7478
vn 0.1409 0.9889 -0.0477
vn 0.1554 0.6469 -0.7466
vn 0.1486 0.6520 -0.7435
vn 0.1306 0.6561 -0.7433
vn 0.1204 0.6611 -0.7406
vn 0.0821 0.6688 -0.7389
vn 0.0560 0.6760 -0.7348
vn 0.1307 0.9906 -0.0394
vn 0.1289 0.9908 -0.0399
vn 0.1240 0.9915 -0.0386
vn 0.1254 0.9907 -0.0520
vn 0.1256 0.9913 -0.0388
vn 0.1245 0.9917 -0.0333
vn 0.1295 0.9911 -0.0317
vn 0.1286 0.9911 -0.0349
vn 0.1288 0.9911 -0.0331
vn -0.0443 0.6952 -0.7175
vn -0.1203 0.7047 -0.6992
vn -0.2610 0.7223 -0.6405
vn -0.3271 0.7297 -0.6004
vn -0.4416 0.7488 -0.4943
vn 0.1219 0.9919 -0.0369
vn 0.1324 0.9909 -0.0258
vn -0.6142 0.7890 0.0157
vn -0.6143 0.7891 0.0053
vn -0.6170 0.7869 -0.0101
vn -0.6166 0.7871 -0.0160
vn -0.6119 0.7885 -0.0615
vn -0.5932 0.7980 -0.1060
vn -0.5557 0.8014 -0.2214
vn -0.5344 0.7918 -0.2956
vn -0.4757 0.7670 -0.4305
vn -0.5699 0.7503 0.3351
vn -0.6036 0.7818 0.1562
vn -0.5982 0.7744 0.2060
vn 0.1294 0.9784 0.1615
vn 0.1273 0.9784 0.1632
vn 0.1282 0.9794 0.1560
vn 0.1264 0.9802 0.1525
vn -0.6150 0.7839 0.0854
vn -0.6103 0.7863 0.0963
vn 0.1200 0.9845 0.1277
vn 0.1248 0.9848 0.1208
vn -0.6156 0.7869 0.0424
vn -0.6166 0.7851 0.0585
vn 0.1247 0.9890 0.0792
vn 0.1247 0.9898 0.0694
vn 0.1188 0.9926 0.0270
vn 0.1205 0.9925 0.0200
vn 0.1207 0.9927 -0.0080
vn 0.1334 0.9768 0.1673
vn 0.1328 0.9790 0.1547
vn -0.5436 0.7297 0.4148
vn -0.4592 0.6928 0.5560
vn -0.4034 0.6755 0.6172
vn -0.2760 0.6416 0.7156
vn -0.2044 0.6254 0.7530
vn -0.0487 0.5940 0.8030
vn 0.0369 0.5770 0.8159
vn 0.1551 0.5541 0.8179
vn 0.1369 0.9758 0.1706
vn 0.1388 0.9744 0.1768
vn 0.1387 0.9744 0.1769
vn 0.1382 0.9748 0.1752
vn 0.1379 0.9752 0.1732
vn 0.1350 0.9762 0.1694
vn 0.1341 0.9775 0.1629
vn 0.1399 0.9754 0.1705
vn 0.1457 0.9735 0.1765
vn 0.1551 0.9713 0.1804
vn 0.1608 0.9697 0.1840
vn 0.1555 0.9741 0.1644
vn 0.1711 0.9727 0.1568
vn -0.2049 0.1810 -0.9619
vn -0.1696 0.0699 -0.9830
vn -0.1404 0.1061 -0.9844
vn 0.0874 0.9895 -0.1153
vn 0.0923 0.9931 -0.0725
vn 0.1184 0.9873 -0.1061
vn 0.1153 0.9917 -0.0571
vn 0.0568 0.9956 -0.0743
vn 0.0571 0.9977 -0.0371
vn 0.0563 0.9913 -0.1190
vn 0.0372 0.9960 -0.0811
vn 0.0335 0.9990 -0.0295
vn 0.0973 0.9946 -0.0363
vn 0.1132 0.9929 -0.0374
vn 0.0296 0.9989 -0.0375
vn 0.0486 0.9981 -0.0374
vn 0.0815 0.9960 -0.0369
vn 0.1131 0.9928 -0.0387
vn 0.0407 0.9918 -0.1212
vn 0.0640 0.9907 -0.1203
vn 0.1025 0.9886 -0.1102
vn 0.1162 0.9884 -0.0975
vn 0.0293 0.9995 0.0100
vn 0.0341 0.9963 0.0790
vn 0.0334 0.9970 0.0691
vn 0.0380 0.9894 0.1401
vn 0.0253 0.9996 -0.0093
vn 0.0281 0.9996 0.0095
vn 0.0372 0.9960 0.0811
vn 0.0379 0.9911 0.1279
vn 0.0564 0.9913 0.1191
vn 0.0406 0.9863 0.1601
vn 0.0407 0.9898 0.1366
vn 0.0328 0.9961 0.0818
vn 0.0283 0.9994 0.0174
vn 0.0273 0.9995 -0.0143
vn 0.0270 0.9996 -0.0124
vn 0.0269 0.9996 -0.0130
vn 0.0274 0.9995 -0.0135
vn 0.0238 0.9997 -0.0056
vn 0.0232 0.9997 0.0084
vn 0.0335 0.9990 0.0295
vn 0.0296 0.9989 0.0375
vn 0.0568 0.9956 0.0743
vn 0.0874 0.9895 0.1153
vn 0.0923 0.9931 0.0725
vn 0.1184 0.9873 0.1061
vn 0.1152 0.9917 0.0571
vn 0.0973 0.9946 0.0363
vn 0.1132 0.9929 0.0374
vn 0.1131 0.9928 0.0387
vn 0.0815 0.9960 0.0369
vn 0.0571 0.9977 0.0371
vn 0.0486 0.9981 0.0374
vn 0.1162 0.9884 0.0974
vn 0.1025 0.9886 0.1102
vn 0.0640 0.9907 0.1202
vn 0.0406 0.9918 0.1212
vn 0.0333 0.9894 0.1417
vn 0.0395 0.9864 0.1597
vn 0.0420 0.9855 0.1646
vn 0.0389 0.9896 0.1383
vn 0.0438 0.9852 0.1655
vn 0.0329 0.9967 0.0741
vn 0.0381 0.9904 0.1331
vn 0.0428 0.9861 0.1603
vn 0.0441 0.9844 0.1706
vn 0.0441 0.9857 0.1627
vn 0.0432 0.9870 0.1546
vn 0.0280 0.9996 0.0051
vn 0.0272 0.9996 -0.0124
vn 0.0272 0.9996 -0.0123
vn 0.5186 0.1207 0.8464
vn 0.1217 0.9919 -0.0364
vn 0.1200 0.9920 -0.0395
vn 0.1251 0.9914 -0.0385
vn 0.1266 0.9912 -0.0387
vn 0.1310 0.9908 -0.0345
vn 0.0847 0.1558 0.9841
vn 0.0388 0.1554 0.9871
vn -0.1203 0.1761 0.9770
vn -0.1252 0.1123 0.9858
vn -0.1210 0.1498 0.9813
vn -0.1212 0.1279 0.9843
vn -0.1093 0.1518 0.9824
vn -0.1056 0.1386 0.9847
vn -0.0277 0.1513 0.9881
vn -0.1250 0.1716 0.9772
vn 0.3381 0.1388 0.9308
vn 0.1316 0.9907 -0.0351
vn -0.1846 0.1999 0.9623
vn 0.1337 0.9907 -0.0265
vn 0.1346 0.9904 -0.0323
vn 0.1367 0.9904 -0.0180
vn 0.1329 0.9906 -0.0334
vn 0.1370 0.9905 -0.0121
vn -0.1480 0.1823 0.9720
vn -0.1507 0.1880 0.9705
vn 0.0213 -0.9853 -0.1698
vn 0.0259 -0.9828 -0.1831
vn -0.0180 -0.9615 -0.2743
vn -0.0279 -0.9497 -0.3120
vn -0.0675 -0.9013 -0.4279
vn -0.0577 -0.8992 -0.4338
vn -0.1040 -0.8304 -0.5474
vn 0.0149 -0.9903 -0.1383
vn -0.0000 -0.9923 -0.1235
vn -0.0000 -0.9966 -0.0820
vn 0.0011 -0.9982 -0.0603
vn 0.0021 -0.9997 -0.0239
vn 0.0227 -0.9997 -0.0003
vn 0.0396 -0.9985 0.0383
vn 0.0554 -0.9968 0.0573
vn 0.0446 -0.9922 0.1165
vn 0.0353 -0.9883 0.1486
vn 0.0107 -0.9485 0.3165
vn -0.0090 -0.8830 0.4693
vn -0.0263 -0.7994 0.6002
vn -0.0291 -0.7617 0.6472
vn 0.2202 0.9633 0.1533
vn 0.3810 0.5296 0.7578
vn 0.3630 0.5225 0.7715
vn 0.3193 0.5234 0.7900
vn 0.2964 0.5164 0.8034
vn 0.2708 0.5207 0.8097
vn 0.2696 0.5216 0.8095
vn 0.2552 0.5251 0.8119
vn 0.2414 0.5332 0.8108
vn 0.2260 0.5400 0.8107
vn 0.2240 0.5446 0.8083
vn 0.1892 0.5486 0.8144
vn 0.0554 -0.9968 -0.0573
vn 0.0445 -0.9922 -0.1165
vn 0.0353 -0.9883 -0.1486
vn 0.0107 -0.9485 -0.3165
vn -0.0090 -0.8830 -0.4694
vn -0.0263 -0.7994 -0.6002
vn -0.0291 -0.7617 -0.6473
vn 0.0396 -0.9985 -0.0383
vn 0.0227 -0.9997 0.0003
vn 0.0021 -0.9997 0.0239
vn 0.0011 -0.9982 0.0603
vn 0.0000 -0.9966 0.0820
vn 0.0000 -0.9923 0.1235
vn 0.0149 -0.9903 0.1383
vn 0.0213 -0.9853 0.1698
vn 0.0259 -0.9828 0.1831
vn -0.0180 -0.9615 0.2743
vn -0.0279 -0.9497 0.3120
vn -0.0674 -0.9013 0.4279
vn -0.0279 -0.9496 0.3121
vn -0.0675 -0.9013 0.4279
vn -0.0577 -0.8992 0.4338
vn -0.1040 -0.8305 0.5473
vn -0.3484 0.1749 0.9209
vn -0.3103 0.1697 0.9354
vn -0.2821 0.1584 0.9462
vn -0.2854 0.1497 0.9466
vn -0.2856 0.1304 0.9494
vn -0.2724 0.1319 0.9531
vn -0.1843 0.1577 0.9701
vn 0.2511 0.1492 0.9564
vn 0.7583 0.0910 0.6455
vn 0.9781 0.0281 0.2062
vn 0.9955 0.0117 -0.0943
vn 0.9818 0.0236 -0.1887
vn 0.8417 0.0713 -0.5352
vn 0.8122 0.0761 -0.5784
vn 0.3381 0.1388 -0.9308
vn 0.4293 0.1322 -0.8934
vn 0.5186 0.1206 -0.8464
vn 0.8925 0.0559 -0.4476
vn 0.9955 0.0119 -0.0943
vn 0.0847 0.1558 -0.9841
vn 0.1200 0.9920 0.0395
vn 0.1217 0.9919 0.0364
vn 0.1163 0.9926 0.0338
vn 0.1166 0.9929 0.0213
vn 0.1251 0.9921 -0.0089
vn -0.1270 0.8591 0.4959
vn -0.0675 0.8438 0.5324
vn -0.0508 0.8499 0.5244
vn -0.0318 0.8492 0.5271
vn -0.0214 0.8474 0.5306
vn -0.0173 0.8454 0.5338
vn -0.0249 0.8435 0.5366
vn -0.0243 0.8420 0.5389
vn -0.0194 0.8367 0.5473
vn -0.0168 0.8330 0.5531
vn -0.0243 0.8256 0.5638
vn -0.0009 0.8198 0.5726
vn 0.0318 0.8199 0.5717
vn 0.1547 0.8069 0.5701
vn 0.2473 0.7883 0.5634
vn 0.4038 0.7489 0.5254
vn 0.4734 0.7385 0.4801
vn 0.1403 0.9747 -0.1737
vn 0.1377 0.9753 -0.1727
vn 0.1394 0.9751 -0.1725
vn 0.1390 0.9746 -0.1755
vn 0.1420 0.9758 -0.1662
vn 0.1463 0.9716 -0.1858
vn 0.1487 0.9708 -0.1881
vn 0.1483 0.9733 -0.1751
vn 0.1624 0.9682 -0.1903
vn 0.1612 0.9687 -0.1888
vn 0.1595 0.9701 -0.1831
vn 0.1729 0.9665 -0.1898
vn 0.1801 0.9638 -0.1966
vn 0.1770 0.9642 -0.1972
vn 0.1929 0.9626 -0.1901
vn 0.2023 0.9601 -0.1929
vn 0.1962 0.9588 -0.2053
vn 0.2209 0.9570 -0.1882
vn 0.2258 0.9565 -0.1847
vn 0.2218 0.9542 -0.2007
vn 0.1427 0.9755 -0.1674
vn 0.1338 0.9773 -0.1645
vn 0.1369 0.9767 -0.1652
vn 0.1417 0.9763 -0.1636
vn 0.1254 0.9791 -0.1599
vn 0.1274 0.9784 -0.1627
vn 0.1660 0.9684 -0.1860
vn 0.1520 0.9749 -0.1628
vn 0.1376 0.9776 -0.1592
vn 0.1229 0.9800 -0.1566
vn 0.1215 0.9803 -0.1559
vn 0.1185 0.9825 -0.1436
vn 0.1187 0.9819 -0.1474
vn 0.1122 0.9853 -0.1284
vn 0.1144 0.9866 -0.1161
vn 0.1202 0.9852 -0.1221
vn 0.1081 0.9883 -0.1077
vn 0.1074 0.9916 -0.0726
vn 0.1123 0.9912 -0.0707
vn 0.1539 0.9773 -0.1457
vn 0.1392 0.9799 -0.1428
vn 0.1264 0.9818 -0.1421
vn 0.1113 0.9837 -0.1415
vn 0.1072 0.9826 -0.1516
vn 0.1095 0.9838 -0.1417
vn 0.1079 0.9865 -0.1231
vn 0.1038 0.9886 -0.1087
vn 0.1011 0.9896 -0.1025
vn 0.1720 0.9739 -0.1482
vn 0.1565 0.9788 -0.1324
vn 0.1433 0.9814 -0.1280
vn 0.1318 0.9833 -0.1259
vn 0.1214 0.9854 -0.1196
vn 0.1028 0.9866 -0.1266
vn 0.0940 0.9857 -0.1397
vn 0.0970 0.9866 -0.1309
vn 0.0986 0.9890 -0.1101
vn 0.0988 0.9888 -0.1115
vn 0.1150 0.9876 -0.1072
vn 0.1111 0.9891 -0.0966
vn 0.1259 0.9860 -0.1094
vn 0.1202 0.9875 -0.1021
vn 0.1318 0.9844 -0.1168
vn 0.1298 0.9847 -0.1163
vn 0.1401 0.9827 -0.1213
vn 0.1327 0.9840 -0.1190
vn 0.1565 0.9797 -0.1251
vn 0.1465 0.9811 -0.1263
vn 0.1724 0.9762 -0.1315
vn 0.1898 0.9720 -0.1386
vn 0.1901 0.9689 -0.1586
vn 0.2059 0.9681 -0.1425
vn 0.1786 0.9744 -0.1363
vn 0.1605 0.9785 -0.1293
vn 0.1758 0.9757 -0.1310
vn 0.1348 0.9833 -0.1226
vn 0.1256 0.9857 -0.1120
vn 0.1218 0.9868 -0.1067
vn 0.1278 0.9849 -0.1170
vn 0.1271 0.9843 -0.1221
vn 0.1349 0.9821 -0.1314
vn 0.1258 0.9829 -0.1343
vn 0.1335 0.9811 -0.1401
vn 0.1233 0.9818 -0.1446
vn 0.1295 0.9810 -0.1446
vn 0.1181 0.9812 -0.1528
vn 0.1507 0.9287 -0.3387
vn 0.1424 0.9197 -0.3659
vn 0.1643 0.8316 -0.5305
vn 0.1614 0.7991 -0.5791
vn 0.1463 0.9805 -0.1309
vn 0.1477 0.9795 -0.1373
vn 0.1433 0.9798 -0.1395
vn 0.1598 0.9381 -0.3073
vn 0.1724 0.8591 -0.4819
vn 0.1591 0.8577 -0.4888
vn 0.1498 0.8284 -0.5397
vn 0.1578 0.8947 -0.4178
vn 0.1705 0.8800 -0.4434
vn 0.1779 0.9016 -0.3943
vn 0.1809 0.8819 -0.4355
vn 0.1867 0.8927 -0.4101
vn 0.1730 0.9431 -0.2841
vn 0.1948 0.8947 -0.4019
vn 0.1625 0.9767 -0.1399
vn 0.1907 0.9440 -0.2693
vn 0.1641 0.9767 -0.1385
vn 0.1806 0.9731 -0.1433
vn 0.1614 0.9778 -0.1337
vn 0.1808 0.9733 -0.1414
vn 0.1624 0.9269 -0.3383
vn 0.2136 0.8971 -0.3867
vn 0.2068 0.8964 -0.3919
vn 0.2007 0.9027 -0.3806
vn 0.1905 0.9218 -0.3378
vn 0.1724 0.9539 -0.2459
vn 0.1404 0.9665 -0.2149
vn 0.1542 0.9774 -0.1445
vn 0.1776 0.9709 -0.1605
vn 0.1630 0.9832 -0.0825
vn 0.1839 0.9779 -0.0993
vn 0.1978 0.9650 -0.1721
vn 0.1950 0.9473 -0.2542
vn 0.2147 0.9405 -0.2633
vn 0.2103 0.9183 -0.3353
vn 0.2188 0.9023 -0.3715
vn 0.2237 0.8977 -0.3795
vn 0.2290 0.8966 -0.3791
vn 0.2082 0.9403 -0.2693
vn 0.2222 0.9388 -0.2633
vn 0.1961 0.9697 -0.1454
vn 0.2118 0.9662 -0.1469
vn 0.1976 0.9701 -0.1407
vn 0.1962 0.9709 -0.1371
vn 0.2127 0.9669 -0.1406
vn 0.1936 0.9720 -0.1329
vn 0.2107 0.9678 -0.1377
vn 0.1755 0.9761 -0.1285
vn 0.1909 0.9729 -0.1306
vn 0.2692 0.9520 -0.1459
vn 0.2534 0.9566 -0.1436
vn 0.2706 0.9518 -0.1445
vn 0.2508 0.9578 -0.1405
vn 0.2683 0.9530 -0.1405
vn 0.2365 0.9615 -0.1398
vn 0.2344 0.9624 -0.1371
vn 0.2487 0.9589 -0.1370
vn 0.2217 0.9655 -0.1364
vn 0.2198 0.9661 -0.1354
vn 0.2331 0.9630 -0.1352
vn 0.2062 0.9694 -0.1335
vn 0.2085 0.9687 -0.1350
vn 0.2205 0.9645 -0.1455
vn 0.2883 0.9467 -0.1438
vn 0.2870 0.9467 -0.1460
vn 0.3062 0.9403 -0.1489
vn 0.3113 0.9205 -0.2363
vn 0.2936 0.9251 -0.2409
vn 0.2071 0.9639 -0.1674
vn 0.2237 0.9587 -0.1756
vn 0.2348 0.9609 -0.1468
vn 0.2472 0.9596 -0.1347
vn 0.2657 0.9543 -0.1366
vn 0.2867 0.9478 -0.1398
vn 0.3064 0.9411 -0.1431
vn 0.3251 0.9344 -0.1458
vn 0.2835 0.9493 -0.1360
vn 0.2639 0.9552 -0.1337
vn 0.2493 0.9573 -0.1460
vn 0.2657 0.9533 -0.1439
vn 0.2403 0.9539 -0.1796
vn 0.2567 0.9499 -0.1784
vn 0.2246 0.9531 -0.2027
vn 0.2438 0.9473 -0.2077
vn 0.2058 0.9592 -0.1939
vn 0.2067 0.9557 -0.2098
vn 0.1911 0.9647 -0.1814
vn 0.1862 0.9624 -0.1978
vn 0.1712 0.9704 -0.1705
vn 0.2254 0.9506 -0.2136
vn 0.2438 0.9459 -0.2141
vn 0.2628 0.9428 -0.2053
vn 0.2738 0.9460 -0.1735
vn 0.2823 0.9488 -0.1416
vn 0.2811 0.9503 -0.1335
vn 0.3169 0.9389 -0.1345
vn 0.2979 0.9452 -0.1338
vn 0.3140 0.9401 -0.1327
vn 0.2985 0.9442 -0.1391
vn 0.2899 0.9427 -0.1653
vn 0.2816 0.9391 -0.1972
vn 0.2645 0.9420 -0.2067
vn 0.2409 0.9501 -0.1983
vn 0.2280 0.9582 -0.1731
vn 0.2365 0.9553 -0.1774
vn 0.2288 0.9607 -0.1573
vn 0.3304 0.9347 -0.1309
vn 0.3150 0.9392 -0.1365
vn 0.3063 0.9388 -0.1576
vn 0.2979 0.9366 -0.1846
vn 0.2839 0.9390 -0.1940
vn 0.2649 0.9458 -0.1880
vn 0.2379 0.9571 -0.1657
vn 0.2260 0.9625 -0.1499
vn 0.2361 0.9644 -0.1188
vn 0.3203 0.9351 -0.1514
vn 0.3229 0.9323 -0.1630
vn 0.3119 0.9342 -0.1734
vn 0.3009 0.9369 -0.1779
vn 0.2847 0.9433 -0.1706
vn 0.2649 0.9525 -0.1506
vn 0.2606 0.9588 -0.1134
vn 0.2767 0.9550 -0.1072
vn 0.2564 0.9640 -0.0700
vn 0.2287 0.9711 -0.0682
vn 0.2249 0.9742 -0.0192
vn 0.3303 0.9328 -0.1442
vn 0.3315 0.9309 -0.1533
vn 0.3287 0.9320 -0.1530
vn 0.3215 0.9332 -0.1603
vn 0.3119 0.9351 -0.1682
vn 0.3109 0.9377 -0.1553
vn 0.2998 0.9407 -0.1588
vn 0.3092 0.9413 -0.1353
vn 0.2963 0.9449 -0.1391
vn 0.2831 0.9486 -0.1417
vn 0.2931 0.9500 -0.1081
vn 0.3076 0.9455 -0.1069
vn 0.3211 0.9364 -0.1418
vn 0.2881 0.9551 -0.0694
vn 0.2747 0.9588 -0.0718
vn 0.2702 0.9622 -0.0337
vn 0.2849 0.9580 -0.0322
vn 0.2668 0.9637 0.0120
vn 0.2841 0.9588 0.0009
vn 0.2618 0.9640 0.0475
vn 0.2816 0.9590 0.0323
vn 0.2588 0.9636 0.0675
vn 0.2786 0.9591 0.0498
vn 0.2935 0.9557 0.0230
vn 0.2917 0.9560 0.0293
vn 0.3044 0.9525 0.0051
vn 0.2555 0.9648 0.0625
vn 0.2758 0.9603 0.0416
vn 0.2359 0.9685 0.0792
vn 0.2319 0.9716 0.0461
vn 0.2361 0.9683 0.0818
vn 0.2191 0.9724 0.0801
vn 0.2406 0.9684 0.0660
vn 0.2169 0.9720 0.0904
vn 0.2465 0.9688 0.0266
vn 0.2165 0.9732 0.0776
vn 0.2489 0.9684 -0.0181
vn 0.2212 0.9747 0.0312
vn 0.2487 0.9681 0.0293
vn 0.2676 0.9633 0.0194
vn 0.1765 0.9815 0.0740
vn 0.2013 0.9772 0.0674
vn 0.1833 0.9802 0.0753
vn 0.1976 0.9771 0.0794
vn 0.2105 0.9760 0.0551
vn 0.2074 0.9765 0.0586
vn 0.2099 0.9775 0.0194
vn 0.2114 0.9767 0.0358
vn 0.2168 0.9762 -0.0064
vn 0.2101 0.9776 0.0137
vn 0.2173 0.9755 -0.0358
vn 0.2243 0.9740 -0.0317
vn 0.2195 0.9735 -0.0634
vn 0.2217 0.9701 -0.0989
vn 0.2195 0.9725 -0.0783
vn 0.2312 0.9650 -0.1241
vn 0.2367 0.9659 -0.1048
vn 0.2380 0.9615 -0.1371
vn 0.2266 0.9740 0.0008
vn -0.1968 0.8618 0.4675
vn -0.2837 0.8780 0.3855
vn -0.3516 0.8662 0.3551
vn -0.4248 0.8647 0.2680
vn -0.4794 0.8482 0.2253
vn -0.5240 0.8436 0.1176
vn -0.5347 0.8429 0.0598
vn -0.5343 0.8435 -0.0545
vn -0.5318 0.8391 -0.1144
vn -0.5144 0.8236 -0.2389
vn -0.5026 0.8072 -0.3096
vn -0.4434 0.7936 -0.4167
vn -0.3993 0.8028 -0.4427
vn -0.3081 0.7927 -0.5261
vn -0.2442 0.8061 -0.5390
vn -0.1335 0.7722 -0.6212
vn -0.0671 0.7708 -0.6335
vn 0.0180 0.7442 -0.6677
vn 0.0448 0.7518 -0.6579
vn 0.0642 0.7513 -0.6569
vn 0.0575 0.7539 -0.6544
vn 0.0516 0.7580 -0.6502
vn 0.0517 0.7556 -0.6530
vn 0.0521 0.7500 -0.6594
vn 0.0517 0.7421 -0.6683
vn 0.0576 0.7390 -0.6713
vn 0.0628 0.7322 -0.6782
vn 0.1591 0.9847 0.0710
vn 0.1588 0.9850 0.0674
vn 0.1611 0.9840 0.0759
vn 0.1461 0.9871 0.0652
vn 0.1463 0.9861 0.0789
vn 0.1345 0.9892 0.0580
vn 0.1312 0.9902 0.0480
vn 0.1335 0.9897 0.0525
vn 0.1265 0.9909 0.0468
vn 0.1260 0.9910 0.0443
vn 0.1148 0.9930 0.0261
vn 0.1256 0.9915 0.0351
vn 0.1219 0.9921 0.0299
vn 0.1208 0.9920 0.0377
vn 0.1286 0.9909 0.0397
vn 0.1272 0.9910 0.0408
vn 0.1274 0.9909 0.0440
vn 0.1257 0.9910 0.0469
vn 0.1495 0.9867 0.0635
vn 0.1767 0.9805 0.0859
vn 0.1223 0.9907 0.0602
vn 0.1326 0.9907 0.0317
vn 0.1289 0.9912 0.0299
vn 0.1268 0.9917 0.0228
vn 0.1190 0.9927 0.0211
vn 0.1239 0.9922 0.0137
vn 0.1153 0.9933 0.0079
vn 0.1171 0.9930 -0.0138
vn 0.1125 0.9934 -0.0212
vn 0.1112 0.9938 0.0070
vn 0.1109 0.9936 -0.0236
vn 0.1166 0.9907 -0.0699
vn 0.1213 0.9807 -0.1533
vn 0.1167 0.9913 -0.0604
vn 0.1257 0.9857 -0.1124
vn 0.1257 0.9810 -0.1476
vn 0.1269 0.9783 -0.1637
vn 0.1437 0.9763 -0.1620
vn 0.7920 0.6105 0.0018
vn 0.7866 0.6173 -0.0136
vn 0.7861 0.6181 -0.0026
vn 0.7870 0.6165 -0.0225
vn 0.7878 0.6145 -0.0430
vn 0.7884 0.6128 -0.0545
vn 0.7888 0.6100 -0.0752
vn 0.7908 0.6063 -0.0836
vn 0.7931 0.6069 -0.0518
vn 0.7987 0.6017 -0.0057
vn 0.7620 0.6391 0.1045
vn 0.7293 0.6563 0.1936
vn 0.6379 0.7005 0.3200
vn 0.5936 0.7045 0.3889
vn 0.0946 0.7247 -0.6825
vn 0.1180 0.7234 -0.6802
vn 0.2220 0.7130 -0.6651
vn 0.2887 0.7153 -0.6363
vn 0.4261 0.6985 -0.5748
vn 0.4913 0.6914 -0.5296
vn 0.6081 0.6636 -0.4356
vn 0.6553 0.6524 -0.3808
vn 0.7235 0.6427 -0.2519
vn 0.7441 0.6429 -0.1816
vn 0.7794 0.6225 -0.0708
vn 0.7843 0.6194 -0.0341
vn 0.3795 0.9115 0.1589
vn 0.3608 0.9126 0.1921
vn 0.3539 0.9231 0.1503
vn 0.4462 0.8750 0.1879
vn 0.4323 0.8854 0.1711
vn 0.4407 0.8794 0.1801
vn 0.4327 0.8818 0.1876
vn 0.4086 0.8964 0.1715
vn 0.4042 0.9016 0.1541
vn 0.4172 0.8941 0.1629
vn 0.3751 0.9153 0.1465
vn 0.3860 0.9098 0.1523
vn 0.3503 0.9263 0.1389
vn 0.3602 0.9212 0.1472
vn 0.3319 0.9324 0.1430
vn 0.3282 0.9359 0.1282
vn 0.3380 0.9309 0.1384
vn 0.3081 0.9228 0.2313
vn 0.2967 0.9408 0.1635
vn 0.3174 0.9318 0.1759
vn 0.3116 0.9408 0.1335
vn 0.2919 0.9490 0.1188
vn 0.3092 0.9439 0.1157
vn 0.2907 0.9512 0.1036
vn 0.3001 0.9471 0.1140
vn 0.3169 0.9405 0.1227
vn 0.3386 0.9227 0.1842
vn 0.3285 0.9139 0.2385
vn 0.3494 0.9042 0.2458
vn 0.3380 0.8940 0.2941
vn 0.3192 0.9014 0.2927
vn 0.3579 0.8861 0.2946
vn 0.3438 0.8817 0.3232
vn 0.3261 0.8866 0.3281
vn 0.3627 0.8763 0.3170
vn 0.3459 0.8800 0.3254
vn 0.3282 0.8844 0.3319
vn 0.3647 0.8752 0.3177
vn 0.3467 0.8819 0.3194
vn 0.3283 0.8865 0.3261
vn 0.3658 0.8771 0.3113
vn 0.3251 0.9344 0.1457
vn 0.3300 0.9148 0.2329
vn 0.3502 0.9083 0.2289
vn 0.3506 0.8826 0.3133
vn 0.3711 0.8762 0.3074
vn 0.3312 0.8885 0.3177
vn 0.3089 0.8885 0.3393
vn 0.3098 0.8910 0.3318
vn 0.2921 0.8935 0.3412
vn 0.3137 0.8913 0.3273
vn 0.2965 0.8944 0.3348
vn 0.3112 0.9205 0.2363
vn 0.2936 0.9251 0.2409
vn 0.3062 0.9403 0.1489
vn 0.2870 0.9467 0.1460
vn 0.3063 0.9411 0.1433
vn 0.2884 0.9466 0.1437
vn 0.3255 0.9344 0.1448
vn 0.3030 0.9426 0.1403
vn 0.2861 0.9479 0.1401
vn 0.3209 0.9367 0.1401
vn 0.2997 0.9443 0.1356
vn 0.2835 0.9493 0.1360
vn 0.3168 0.9389 0.1344
vn 0.3406 0.9309 0.1317
vn 0.3302 0.9328 0.1442
vn 0.3443 0.9299 0.1291
vn 0.3293 0.9347 0.1337
vn 0.3469 0.9294 0.1258
vn 0.3150 0.9392 0.1365
vn 0.3303 0.9348 0.1309
vn 0.3140 0.9401 0.1327
vn 0.3351 0.9329 0.1318
vn 0.3516 0.9278 0.1247
vn 0.3435 0.9289 0.1381
vn 0.3560 0.9260 0.1255
vn 0.3478 0.9261 0.1461
vn 0.3741 0.9161 0.1445
vn 0.3470 0.9263 0.1468
vn 0.3708 0.9171 0.1461
vn 0.3717 0.9004 0.2262
vn 0.2979 0.9452 0.1338
vn 0.2811 0.9503 0.1335
vn 0.2985 0.9442 0.1390
vn 0.2823 0.9488 0.1416
vn 0.3063 0.9388 0.1575
vn 0.2899 0.9427 0.1653
vn 0.3203 0.9351 0.1514
vn 0.3229 0.9323 0.1630
vn 0.3315 0.9309 0.1533
vn 0.3304 0.9342 0.1347
vn 0.3287 0.9319 0.1531
vn 0.3334 0.9364 0.1096
vn 0.3204 0.9396 0.1199
vn 0.3210 0.9364 0.1419
vn 0.3212 0.9416 0.1013
vn 0.3076 0.9455 0.1070
vn 0.2881 0.9551 0.0694
vn 0.2748 0.9588 0.0717
vn 0.2767 0.9550 0.1071
vn 0.2702 0.9622 0.0337
vn 0.2564 0.9640 0.0700
vn 0.2931 0.9499 0.1082
vn 0.3032 0.9500 0.0746
vn 0.2988 0.9535 0.0390
vn 0.3193 0.9441 0.0816
vn 0.3139 0.9479 0.0534
vn 0.3352 0.9375 0.0928
vn 0.3390 0.9373 0.0812
vn 0.3478 0.9315 0.1067
vn 0.3521 0.9318 0.0877
vn 0.3567 0.9281 0.1068
vn 0.3092 0.9413 0.1353
vn 0.2963 0.9449 0.1392
vn 0.2998 0.9407 0.1587
vn 0.2831 0.9486 0.1417
vn 0.2847 0.9433 0.1706
vn 0.2649 0.9524 0.1506
vn 0.2606 0.9588 0.1134
vn 0.2361 0.9644 0.1188
vn 0.2287 0.9711 0.0682
vn 0.2216 0.9701 0.0989
vn 0.3109 0.9377 0.1553
vn 0.3119 0.9342 0.1734
vn 0.2839 0.9390 0.1941
vn 0.3010 0.9369 0.1778
vn 0.3119 0.9351 0.1682
vn 0.3215 0.9332 0.1603
vn 0.2980 0.9366 0.1846
vn 0.2816 0.9391 0.1972
vn 0.2438 0.9473 0.2078
vn 0.2567 0.9499 0.1783
vn 0.2628 0.9427 0.2054
vn 0.2738 0.9460 0.1735
vn 0.2657 0.9533 0.1439
vn 0.2641 0.9552 0.1335
vn 0.2657 0.9544 0.1364
vn 0.2403 0.9540 0.1794
vn 0.2493 0.9573 0.1461
vn 0.2472 0.9596 0.1347
vn 0.2487 0.9589 0.1369
vn 0.2349 0.9609 0.1467
vn 0.2331 0.9630 0.1352
vn 0.2237 0.9587 0.1756
vn 0.2205 0.9645 0.1454
vn 0.2246 0.9531 0.2027
vn 0.2058 0.9592 0.1939
vn 0.2071 0.9639 0.1675
vn 0.2684 0.9530 0.1406
vn 0.1911 0.9647 0.1814
vn 0.1901 0.9689 0.1586
vn 0.2059 0.9681 0.1425
vn 0.2198 0.9661 0.1354
vn 0.2344 0.9624 0.1370
vn 0.2509 0.9578 0.1404
vn 0.2705 0.9518 0.1445
vn 0.1898 0.9720 0.1385
vn 0.2062 0.9694 0.1334
vn 0.2216 0.9656 0.1363
vn 0.2364 0.9615 0.1398
vn 0.2534 0.9566 0.1436
vn 0.2692 0.9520 0.1459
vn 0.1909 0.9729 0.1306
vn 0.2084 0.9687 0.1350
vn 0.2236 0.9648 0.1385
vn 0.2390 0.9606 0.1417
vn 0.2529 0.9568 0.1437
vn 0.2777 0.9285 0.2464
vn 0.1936 0.9720 0.1329
vn 0.2108 0.9678 0.1379
vn 0.2256 0.9640 0.1406
vn 0.2377 0.9614 0.1385
vn 0.2641 0.9312 0.2513
vn 0.2833 0.8937 0.3480
vn 0.2127 0.9669 0.1406
vn 0.2247 0.9640 0.1422
vn 0.2496 0.9354 0.2504
vn 0.2714 0.8932 0.3585
vn 0.2785 0.8944 0.3500
vn 0.2904 0.8924 0.3454
vn 0.3065 0.8921 0.3319
vn 0.2876 0.8984 0.3318
vn 0.2993 0.9088 0.2905
vn 0.2359 0.9378 0.2548
vn 0.2570 0.8968 0.3601
vn 0.2663 0.8954 0.3569
vn 0.2765 0.8954 0.3489
vn 0.2875 0.9318 0.2215
vn 0.2804 0.9167 0.2847
vn 0.2728 0.9035 0.3307
vn 0.2634 0.8977 0.3531
vn 0.2527 0.8965 0.3639
vn 0.2422 0.8988 0.3655
vn 0.2222 0.9388 0.2633
vn 0.2118 0.9662 0.1469
vn 0.2757 0.9498 0.1483
vn 0.2678 0.9405 0.2092
vn 0.2638 0.9236 0.2782
vn 0.2584 0.9072 0.3319
vn 0.2493 0.8995 0.3589
vn 0.2381 0.8975 0.3711
vn 0.2290 0.8966 0.3792
vn 0.2706 0.9571 0.1039
vn 0.2552 0.9575 0.1345
vn 0.2499 0.9478 0.1978
vn 0.2479 0.9295 0.2731
vn 0.2436 0.9108 0.3333
vn 0.2342 0.9014 0.3641
vn 0.2238 0.8977 0.3796
vn 0.2788 0.9551 0.1005
vn 0.2679 0.9593 0.0889
vn 0.2575 0.9623 0.0881
vn 0.2497 0.9640 0.0911
vn 0.2480 0.9658 0.0753
vn 0.2367 0.9638 0.1225
vn 0.2307 0.9701 0.0750
vn 0.2329 0.9540 0.1889
vn 0.2180 0.9702 0.1054
vn 0.2321 0.9349 0.2686
vn 0.2164 0.9596 0.1797
vn 0.2274 0.9147 0.3342
vn 0.2147 0.9405 0.2633
vn 0.2189 0.9025 0.3710
vn 0.2103 0.9184 0.3353
vn 0.3628 0.4628 0.8088
vn 0.3515 0.4535 0.8190
vn 0.3541 0.4609 0.8137
vn 0.3472 0.4511 0.8222
vn 0.3460 0.4483 0.8242
vn 0.3532 0.4484 0.8210
vn 0.2188 0.9740 0.0580
vn 0.2324 0.9707 0.0608
vn 0.2382 0.9689 0.0675
vn 0.2152 0.9744 0.0645
vn 0.2076 0.9765 0.0585
vn 0.2000 0.9755 0.0916
vn 0.1978 0.9650 0.1721
vn 0.1950 0.9473 0.2542
vn 0.1905 0.9217 0.3378
vn 0.2007 0.9027 0.3807
vn 0.1779 0.9016 0.3943
vn 0.1867 0.8927 0.4101
vn 0.1705 0.8800 0.4434
vn 0.1776 0.9709 0.1605
vn 0.1724 0.9539 0.2458
vn 0.1541 0.9774 0.1445
vn 0.1624 0.9269 0.3383
vn 0.1578 0.8947 0.4178
vn 0.1591 0.8577 0.4888
vn 0.1724 0.8591 0.4819
vn 0.1642 0.8317 0.5305
vn 0.1507 0.9287 0.3387
vn 0.1424 0.9197 0.3659
vn 0.1181 0.9812 0.1528
vn 0.1072 0.9826 0.1516
vn 0.1123 0.9823 0.1501
vn 0.1404 0.9665 0.2149
vn 0.1285 0.9834 0.1277
vn 0.1246 0.9591 0.2542
vn 0.1431 0.9186 0.3683
vn 0.1385 0.8783 0.4576
vn 0.1498 0.8284 0.5397
vn 0.1293 0.8388 0.5288
vn 0.1614 0.7991 0.5791
vn 0.1388 0.9108 0.3888
vn 0.1031 0.9824 0.1558
vn 0.1186 0.9194 0.3751
vn 0.0998 0.9397 0.3272
vn 0.1119 0.8874 0.4473
vn 0.0969 0.8949 0.4356
vn 0.1080 0.8561 0.5054
vn 0.1307 0.8017 0.5833
vn 0.1184 0.8108 0.5731
vn 0.1475 0.7991 0.5829
vn 0.1606 0.7763 0.6096
vn 0.1357 0.9046 0.4041
vn 0.0998 0.9809 0.1672
vn 0.1029 0.9823 0.1564
vn 0.0988 0.9820 0.1610
vn 0.1009 0.9843 0.1447
vn 0.0976 0.9823 0.1600
vn 0.0946 0.9810 0.1696
vn 0.0933 0.9798 0.1767
vn 0.0915 0.9805 0.1738
vn 0.0847 0.9786 0.1875
vn 0.1464 0.7771 0.6122
vn 0.1529 0.7631 0.6279
vn 0.1352 0.7615 0.6339
vn 0.1313 0.8981 0.4198
vn 0.0949 0.9804 0.1726
vn 0.0890 0.9802 0.1768
vn 0.0870 0.9791 0.1839
vn 0.1234 0.8829 0.4530
vn 0.0815 0.9782 0.1910
vn 0.0838 0.9784 0.1891
vn 0.0823 0.9779 0.1921
vn 0.0913 0.9811 0.1707
vn 0.1283 0.8884 0.4408
vn 0.1494 0.7213 0.6764
vn 0.1468 0.7068 0.6920
vn 0.1206 0.8788 0.4617
vn 0.1468 0.6952 0.7037
vn 0.1509 0.7411 0.6543
vn 0.1363 0.7422 0.6562
vn 0.1393 0.7234 0.6762
vn 0.1328 0.7794 0.6123
vn 0.1379 0.7166 0.6838
vn 0.1275 0.7231 0.6789
vn 0.1188 0.7395 0.6625
vn 0.1191 0.7640 0.6342
vn 0.1023 0.8557 0.5073
vn 0.1370 0.7073 0.6935
vn 0.1382 0.7096 0.6909
vn 0.1368 0.7061 0.6947
vn 0.1381 0.7121 0.6884
vn 0.1344 0.7167 0.6843
vn 0.1207 0.7226 0.6807
vn 0.1125 0.7466 0.6557
vn 0.1178 0.7801 0.6145
vn 0.1117 0.8360 0.5372
vn 0.0978 0.8734 0.4771
vn 0.0816 0.7089 0.7005
vn 0.0635 0.4147 0.9077
vn 0.0630 0.5212 0.8511
vn 0.0637 0.3337 0.9405
vn 0.0617 0.3031 0.9510
vn 0.0620 0.2438 0.9679
vn 0.0560 0.2167 0.9746
vn 0.0528 0.1841 0.9815
vn 0.0461 0.1804 0.9825
vn 0.0447 0.1762 0.9833
vn 0.0412 0.1766 0.9834
vn 0.0396 0.1733 0.9841
vn 0.0312 0.1718 0.9846
vn 0.0245 0.1656 0.9859
vn 0.0028 0.1679 0.9858
vn -0.0121 0.1625 0.9866
vn -0.0497 0.1699 0.9842
vn 0.0702 0.6310 0.7726
vn 0.0890 0.8587 0.5048
vn 0.0806 0.7996 0.5951
vn 0.0970 0.9185 0.3833
vn 0.0902 0.8435 0.5295
vn 0.1030 0.7770 0.6210
vn 0.1171 0.9217 0.3697
vn 0.1144 0.7155 0.6892
vn 0.1241 0.7059 0.6973
vn 0.1311 0.6996 0.7024
vn 0.1451 0.6988 0.7005
vn 0.1523 0.6883 0.7092
vn 0.1628 0.6602 0.7333
vn 0.1000 0.9807 0.1681
vn 0.1121 0.9891 0.0950
vn 0.1330 0.9902 0.0420
vn 0.1352 0.9907 0.0133
vn 0.1547 0.9870 0.0443
vn 0.1624 0.9858 0.0424
vn 0.1760 0.9832 0.0474
vn 0.1785 0.9830 0.0420
vn 0.1940 0.9801 0.0416
vn 0.1108 0.9832 0.1449
vn 0.1409 0.9871 0.0757
vn 0.1630 0.9832 0.0825
vn 0.1473 0.9879 0.0477
vn 0.1632 0.9854 0.0494
vn 0.1764 0.9825 0.0599
vn 0.1839 0.9779 0.0992
vn 0.1855 0.9810 0.0574
vn 0.2004 0.9784 0.0514
vn 0.2073 0.9772 0.0467
vn 0.2069 0.9774 0.0443
vn 0.2100 0.9763 0.0516
vn 0.2046 0.9784 0.0306
vn 0.1965 0.9800 0.0327
vn 0.1848 0.9819 0.0416
vn 0.3599 0.4552 0.8144
vn 0.3937 0.4604 0.7956
vn 0.4150 0.4740 0.7766
vn 0.4670 0.4740 0.7465
vn 0.4643 0.4799 0.7444
vn 0.4946 0.4707 0.7306
vn 0.4980 0.4694 0.7292
vn 0.3971 0.5276 0.7509
vn 0.2876 0.5795 0.7625
vn 0.1692 0.6237 0.7631
vn 0.1680 0.6350 0.7541
vn 0.1648 0.6580 0.7347
vn 0.2225 0.9732 0.0581
vn 0.2135 0.9753 0.0560
vn 0.0907 0.9956 -0.0215
vn 0.0845 0.9963 -0.0141
vn 0.0905 0.9959 -0.0072
vn 0.1006 0.9949 0.0048
vn 0.1023 0.9947 0.0105
vn 0.0907 0.9959 -0.0067
vn 0.0876 0.9960 -0.0162
vn 0.0866 0.9960 -0.0229
vn 0.0892 0.9957 -0.0234
vn 0.0881 0.9956 -0.0332
vn 0.0899 0.9954 -0.0332
vn 0.0886 0.9949 -0.0474
vn 0.0899 0.9948 -0.0481
vn 0.0910 0.9949 -0.0436
vn 0.0927 0.9934 -0.0672
vn 0.0912 0.9953 -0.0313
vn 0.0982 0.9903 -0.0979
vn 0.0952 0.9915 -0.0886
vn 0.0996 0.9921 -0.0761
vn 0.0971 0.9944 -0.0414
vn 0.0983 0.9949 -0.0213
vn 0.0997 0.9950 -0.0101
vn 0.0892 0.9939 -0.0655
vn 0.0900 0.9930 -0.0771
vn 0.0873 0.9931 -0.0777
vn 0.0905 0.9916 -0.0926
vn 0.0867 0.9918 -0.0935
vn 0.0899 0.9901 -0.1079
vn 0.0892 0.9884 -0.1232
vn 0.0882 0.9883 -0.1245
vn 0.0873 0.9902 -0.1087
vn 0.0959 0.9904 -0.0996
vn 0.1154 0.9888 -0.0943
vn 0.1065 0.9904 -0.0879
vn 0.0932 0.9916 -0.0897
vn 0.0960 0.9932 -0.0661
vn 0.0946 0.9922 -0.0809
vn 0.1029 0.9917 -0.0774
vn 0.1040 0.9911 -0.0830
vn 0.1112 0.9900 -0.0863
vn 0.1174 0.9880 -0.0999
vn 0.1225 0.9859 -0.1138
vn 0.1202 0.9849 -0.1242
vn 0.1164 0.9835 -0.1382
vn 0.1051 0.9935 -0.0440
vn 0.1076 0.9930 -0.0487
vn 0.1090 0.9931 -0.0443
vn 0.1030 0.9936 -0.0463
vn 0.1052 0.9932 -0.0496
vn 0.1069 0.9932 -0.0464
vn 0.1006 0.9936 -0.0523
vn 0.1021 0.9933 -0.0541
vn 0.1049 0.9931 -0.0530
vn 0.1003 0.9929 -0.0636
vn 0.1023 0.9926 -0.0659
vn 0.1030 0.9927 -0.0627
vn 0.1050 0.9917 -0.0743
vn 0.1087 0.9908 -0.0809
vn 0.1120 0.9893 -0.0932
vn 0.1169 0.9868 -0.1119
vn 0.1065 0.9932 -0.0481
vn 0.1053 0.9935 -0.0422
vn 0.0976 0.9947 -0.0332
vn 0.0967 0.9946 -0.0386
vn 0.0965 0.9949 -0.0290
vn 0.1077 0.9936 -0.0352
vn 0.0988 0.9949 -0.0207
vn 0.1098 0.9925 -0.0541
vn 0.1132 0.9926 -0.0446
vn 0.1095 0.9931 -0.0419
vn 0.1122 0.9930 -0.0371
vn 0.1110 0.9931 -0.0381
vn 0.1211 0.9922 -0.0309
vn 0.1170 0.9929 -0.0233
vn 0.1298 0.9914 -0.0172
vn 0.1203 0.9927 0.0055
vn 0.1319 0.9911 0.0150
vn 0.1435 0.9894 0.0229
vn 0.1393 0.9902 -0.0108
vn 0.1330 0.9908 -0.0263
vn 0.1212 0.9922 -0.0303
vn 0.1156 0.9926 -0.0358
vn 0.1164 0.9926 -0.0345
vn 0.1431 0.9895 -0.0223
vn 0.1338 0.9906 -0.0270
vn 0.1237 0.9919 -0.0294
vn 0.1204 0.9923 -0.0300
vn 0.1178 0.9928 -0.0201
vn 0.1144 0.9932 -0.0226
vn 0.1180 0.9930 -0.0083
vn 0.1181 0.9929 -0.0122
vn 0.1174 0.9931 -0.0000
vn 0.1526 0.9881 -0.0169
vn 0.1446 0.9892 -0.0240
vn 0.1548 0.9877 -0.0202
vn 0.1337 0.9907 -0.0268
vn 0.1458 0.9890 -0.0260
vn 0.1255 0.9918 -0.0251
vn 0.1340 0.9907 -0.0243
vn 0.1219 0.9924 -0.0172
vn 0.1263 0.9919 -0.0164
vn 0.1193 0.9928 -0.0061
vn 0.1210 0.9926 -0.0063
vn 0.1203 0.9927 -0.0000
vn 0.1194 0.9929 -0.0000
vn 0.1180 0.9930 0.0083
vn 0.1193 0.9928 0.0061
vn 0.1182 0.9929 0.0121
vn 0.1144 0.9932 0.0226
vn 0.1096 0.9925 0.0541
vn 0.1132 0.9926 0.0446
vn 0.1151 0.9923 0.0468
vn 0.1145 0.9928 0.0358
vn 0.1164 0.9926 0.0345
vn 0.1178 0.9928 0.0201
vn 0.1342 0.9908 -0.0161
vn 0.1255 0.9921 -0.0076
vn 0.1342 0.9909 -0.0073
vn 0.1204 0.9927 -0.0000
vn 0.1267 0.9919 -0.0000
vn 0.1209 0.9926 0.0063
vn 0.1257 0.9920 0.0075
vn 0.1219 0.9924 0.0172
vn 0.1263 0.9919 0.0164
vn 0.1198 0.9923 0.0301
vn 0.1255 0.9918 0.0255
vn 0.1156 0.9927 0.0357
vn 0.1237 0.9919 0.0292
vn 0.1095 0.9931 0.0419
vn 0.1122 0.9930 0.0371
vn 0.1065 0.9932 0.0481
vn 0.1069 0.9932 0.0464
vn 0.1049 0.9931 0.0530
vn 0.1051 0.9932 0.0496
vn 0.1090 0.9931 0.0443
vn 0.1211 0.9922 0.0303
vn 0.0876 0.9960 0.0162
vn 0.0966 0.9949 0.0290
vn 0.0892 0.9957 0.0234
vn 0.0988 0.9949 0.0207
vn 0.1077 0.9936 0.0353
vn 0.1170 0.9929 0.0233
vn 0.1211 0.9922 0.0309
vn 0.1297 0.9914 0.0172
vn 0.1330 0.9908 0.0263
vn 0.1110 0.9931 0.0381
vn 0.1053 0.9935 0.0422
vn 0.1430 0.9895 0.0223
vn 0.1393 0.9902 0.0108
vn 0.1319 0.9911 -0.0150
vn 0.1203 0.9927 -0.0055
vn 0.1077 0.9942 0.0074
vn 0.0907 0.9959 0.0067
vn 0.0845 0.9963 0.0141
vn 0.0866 0.9960 0.0229
vn 0.0881 0.9956 0.0333
vn 0.0899 0.9954 0.0332
vn 0.1136 0.9932 -0.0267
vn 0.1023 0.9947 -0.0105
vn 0.0905 0.9959 0.0072
vn 0.0907 0.9956 0.0215
vn 0.0912 0.9953 0.0313
vn 0.0911 0.9949 0.0436
vn 0.0886 0.9949 0.0474
vn 0.0898 0.9948 0.0481
vn 0.0967 0.9946 0.0386
vn 0.0983 0.9949 0.0213
vn 0.0971 0.9944 0.0414
vn 0.1063 0.9939 0.0306
vn 0.0927 0.9934 0.0672
vn 0.0996 0.9921 0.0761
vn 0.0892 0.9939 0.0655
vn 0.0952 0.9916 0.0880
vn 0.0898 0.9939 0.0643
vn 0.0873 0.9931 0.0777
vn 0.0950 0.9942 0.0494
vn 0.0960 0.9932 0.0662
vn 0.0946 0.9922 0.0809
vn 0.1006 0.9936 0.0523
vn 0.1003 0.9929 0.0636
vn 0.1029 0.9917 0.0775
vn 0.1021 0.9933 0.0541
vn 0.1023 0.9926 0.0659
vn 0.1030 0.9936 0.0464
vn 0.1030 0.9927 0.0626
vn 0.1072 0.9921 0.0652
vn 0.1061 0.9916 0.0745
vn 0.1064 0.9913 0.0779
vn 0.1086 0.9903 0.0864
vn 0.1056 0.9893 0.1010
vn 0.1105 0.9880 0.1082
vn 0.1050 0.9917 0.0743
vn 0.1087 0.9908 0.0809
vn 0.1120 0.9893 0.0932
vn 0.1111 0.9901 0.0863
vn 0.1169 0.9868 0.1119
vn 0.1173 0.9880 0.1001
vn 0.1136 0.9854 0.1265
vn 0.1202 0.9850 0.1240
vn 0.1224 0.9860 0.1136
vn 0.1163 0.9836 0.1380
vn 0.1256 0.9830 0.1341
vn 0.1271 0.9843 0.1221
vn 0.1229 0.9818 0.1450
vn 0.1335 0.9811 0.1402
vn 0.1349 0.9821 0.1313
vn 0.1078 0.9861 0.1268
vn 0.1098 0.9838 0.1420
vn 0.1295 0.9810 0.1446
vn 0.1598 0.9381 0.3073
vn 0.1809 0.8818 0.4355
vn 0.1433 0.9798 0.1395
vn 0.1473 0.9796 0.1371
vn 0.1730 0.9431 0.2841
vn 0.1625 0.9767 0.1399
vn 0.1948 0.8947 0.4019
vn 0.1907 0.9440 0.2693
vn 0.2068 0.8965 0.3919
vn 0.2136 0.8971 0.3867
vn 0.2082 0.9403 0.2694
vn 0.1806 0.9731 0.1433
vn 0.1641 0.9767 0.1385
vn 0.1464 0.9805 0.1311
vn 0.1348 0.9833 0.1226
vn 0.1278 0.9849 0.1170
vn 0.1218 0.9868 0.1067
vn 0.1960 0.9698 0.1454
vn 0.1812 0.9733 0.1410
vn 0.1614 0.9778 0.1336
vn 0.1465 0.9811 0.1263
vn 0.1401 0.9827 0.1213
vn 0.1328 0.9840 0.1191
vn 0.1298 0.9847 0.1163
vn 0.1256 0.9857 0.1120
vn 0.1976 0.9701 0.1406
vn 0.1787 0.9744 0.1361
vn 0.1605 0.9785 0.1292
vn 0.1565 0.9797 0.1252
vn 0.1433 0.9814 0.1280
vn 0.1318 0.9833 0.1259
vn 0.1392 0.9799 0.1428
vn 0.1264 0.9818 0.1421
vn 0.1376 0.9776 0.1592
vn 0.1228 0.9800 0.1565
vn 0.1338 0.9773 0.1645
vn 0.1415 0.9759 0.1661
vn 0.1427 0.9755 0.1674
vn 0.1482 0.9733 0.1752
vn 0.1390 0.9746 0.1755
vn 0.1520 0.9749 0.1628
vn 0.1660 0.9684 0.1860
vn 0.1539 0.9773 0.1458
vn 0.1712 0.9704 0.1705
vn 0.1563 0.9787 0.1328
vn 0.1720 0.9739 0.1484
vn 0.1724 0.9762 0.1316
vn 0.1755 0.9761 0.1285
vn 0.1612 0.9687 0.1888
vn 0.1487 0.9708 0.1881
vn 0.1770 0.9642 0.1972
vn 0.1625 0.9682 0.1903
vn 0.1862 0.9624 0.1978
vn 0.1962 0.9588 0.2053
vn 0.1801 0.9638 0.1967
vn 0.2067 0.9557 0.2098
vn 0.2218 0.9542 0.2007
vn 0.2023 0.9601 0.1929
vn 0.1394 0.9751 0.1725
vn 0.1369 0.9767 0.1652
vn 0.1254 0.9791 0.1599
vn 0.1273 0.9784 0.1627
vn 0.1202 0.9852 0.1221
vn 0.1213 0.9807 0.1533
vn 0.1257 0.9810 0.1476
vn 0.7987 0.6016 0.0056
vn 0.7293 0.6563 -0.1936
vn 0.7620 0.6391 -0.1045
vn 0.1269 0.9783 0.1637
vn 0.5937 0.7045 -0.3889
vn 0.6379 0.7004 -0.3200
vn 0.1417 0.9763 0.1636
vn 0.1437 0.9763 0.1621
vn 0.1403 0.9747 0.1737
vn 0.1377 0.9753 0.1727
vn 0.1463 0.9716 0.1858
vn 0.4734 0.7385 -0.4801
vn 0.4038 0.7489 -0.5254
vn 0.2473 0.7883 -0.5634
vn 0.1547 0.8069 -0.5701
vn 0.0318 0.8198 -0.5717
vn -0.0008 0.8198 -0.5726
vn -0.0243 0.8256 -0.5638
vn -0.0168 0.8330 -0.5531
vn -0.0195 0.8367 -0.5473
vn -0.0242 0.8420 -0.5389
vn -0.0249 0.8435 -0.5366
vn -0.0173 0.8454 -0.5338
vn -0.0214 0.8474 -0.5306
vn -0.0318 0.8492 -0.5271
vn 0.1595 0.9701 0.1831
vn 0.1729 0.9665 0.1898
vn 0.1928 0.9626 0.1901
vn 0.2209 0.9570 0.1882
vn 0.2258 0.9565 0.1847
vn 0.2365 0.9553 0.1774
vn 0.2280 0.9582 0.1731
vn 0.2289 0.9607 0.1572
vn 0.2261 0.9625 0.1499
vn 0.2380 0.9616 0.1371
vn 0.2312 0.9650 0.1241
vn 0.2367 0.9659 0.1048
vn 0.2195 0.9725 0.0783
vn 0.2195 0.9735 0.0634
vn 0.2379 0.9570 0.1657
vn 0.2409 0.9501 0.1983
vn 0.2649 0.9458 0.1880
vn 0.2438 0.9459 0.2142
vn 0.2254 0.9505 0.2137
vn 0.2644 0.9420 0.2067
vn 0.3282 0.8843 -0.3321
vn 0.3261 0.8866 -0.3282
vn 0.3089 0.8886 -0.3390
vn 0.3438 0.8817 -0.3231
vn 0.4087 0.8614 -0.3016
vn 0.4067 0.8610 -0.3053
vn 0.3849 0.8693 -0.3101
vn 0.3833 0.8695 -0.3115
vn 0.3647 0.8752 -0.3177
vn 0.3627 0.8763 -0.3170
vn 0.3459 0.8801 -0.3254
vn 0.3283 0.8865 -0.3261
vn 0.3098 0.8910 -0.3318
vn 0.3137 0.8913 -0.3273
vn 0.2964 0.8944 -0.3348
vn 0.2777 0.9285 -0.2464
vn 0.4099 0.8637 -0.2931
vn 0.3861 0.8716 -0.3019
vn 0.3917 0.8701 -0.2991
vn 0.3658 0.8771 -0.3113
vn 0.3711 0.8762 -0.3074
vn 0.3467 0.8819 -0.3195
vn 0.3506 0.8826 -0.3132
vn 0.3312 0.8884 -0.3177
vn 0.3299 0.9148 -0.2329
vn 0.4166 0.8607 -0.2927
vn 0.4379 0.8523 -0.2859
vn 0.3502 0.9083 -0.2289
vn 0.3717 0.9004 -0.2262
vn 0.3965 0.8901 -0.2248
vn 0.4255 0.8780 -0.2193
vn 0.4449 0.8504 -0.2810
vn 0.4359 0.8513 -0.2920
vn 0.4473 0.8688 -0.2124
vn 0.4280 0.8915 -0.1484
vn 0.4016 0.9035 -0.1497
vn 0.3708 0.9171 -0.1461
vn 0.3470 0.9263 -0.1468
vn 0.3255 0.9344 -0.1448
vn 0.3030 0.9426 -0.1401
vn 0.4317 0.8906 -0.1432
vn 0.4057 0.9024 -0.1453
vn 0.3999 0.9077 -0.1272
vn 0.3741 0.9160 -0.1449
vn 0.3703 0.9190 -0.1350
vn 0.3478 0.9261 -0.1461
vn 0.3435 0.9289 -0.1381
vn 0.3210 0.9367 -0.1400
vn 0.2998 0.9443 -0.1357
vn 0.4311 0.8933 -0.1271
vn 0.4052 0.9084 -0.1037
vn 0.4291 0.8970 -0.1060
vn 0.3832 0.9222 -0.0511
vn 0.3949 0.9165 -0.0637
vn 0.3585 0.9322 -0.0508
vn 0.3711 0.9265 -0.0624
vn 0.3593 0.9311 -0.0636
vn 0.4019 0.9119 -0.0826
vn 0.3752 0.9235 -0.0801
vn 0.3761 0.9213 -0.0990
vn 0.3651 0.9275 -0.0805
vn 0.3693 0.9222 -0.1151
vn 0.3673 0.9253 -0.0944
vn 0.3559 0.9260 -0.1255
vn 0.3645 0.9246 -0.1106
vn 0.3351 0.9329 -0.1318
vn 0.3516 0.9278 -0.1247
vn 0.3501 0.9354 -0.0495
vn 0.3394 0.9397 -0.0420
vn 0.3453 0.9375 -0.0421
vn 0.3581 0.9316 -0.0624
vn 0.3637 0.9284 -0.0765
vn 0.3656 0.9264 -0.0903
vn 0.3615 0.9260 -0.1088
vn 0.3469 0.9294 -0.1258
vn 0.3292 0.9347 -0.1336
vn 0.3485 0.9364 -0.0409
vn 0.3584 0.9315 -0.0620
vn 0.3512 0.9340 -0.0661
vn 0.3487 0.9361 -0.0463
vn 0.3616 0.9293 -0.0752
vn 0.3620 0.9281 -0.0868
vn 0.3567 0.9281 -0.1067
vn 0.3442 0.9300 -0.1291
vn 0.3406 0.9309 -0.1317
vn 0.3560 0.9313 -0.0770
vn 0.3521 0.9318 -0.0877
vn 0.3478 0.9315 -0.1067
vn 0.3334 0.9364 -0.1096
vn 0.3305 0.9342 -0.1347
vn 0.3390 0.9373 -0.0812
vn 0.3327 0.9406 -0.0678
vn 0.3352 0.9375 -0.0928
vn 0.3193 0.9441 -0.0816
vn 0.3212 0.9416 -0.1013
vn 0.3205 0.9396 -0.1199
vn 0.3430 0.9384 -0.0416
vn 0.3256 0.9446 -0.0419
vn 0.3285 0.9445 -0.0095
vn 0.3159 0.9488 -0.0072
vn 0.3133 0.9496 0.0112
vn 0.3101 0.9506 0.0133
vn 0.3023 0.9531 0.0161
vn 0.3022 0.9531 0.0182
vn 0.3307 0.9436 -0.0185
vn 0.3129 0.9498 -0.0061
vn 0.2992 0.9542 -0.0043
vn 0.2848 0.9586 0.0019
vn 0.2877 0.9574 0.0248
vn 0.3349 0.9415 -0.0385
vn 0.3305 0.9433 -0.0320
vn 0.3144 0.9488 -0.0323
vn 0.3107 0.9501 -0.0268
vn 0.2954 0.9551 -0.0248
vn 0.2952 0.9550 -0.0297
vn 0.2785 0.9603 -0.0159
vn 0.2741 0.9614 -0.0245
vn 0.2591 0.9658 -0.0088
vn 0.3193 0.9470 -0.0347
vn 0.2967 0.9545 -0.0304
vn 0.2974 0.9543 -0.0304
vn 0.3219 0.9461 -0.0354
vn 0.2739 0.9614 -0.0258
vn 0.2731 0.9617 -0.0229
vn 0.2972 0.9545 -0.0265
vn 0.2749 0.9611 -0.0250
vn 0.2527 0.9673 -0.0220
vn 0.2531 0.9672 -0.0216
vn 0.2366 0.9714 -0.0213
vn 0.2371 0.9713 -0.0167
vn 0.2223 0.9748 -0.0166
vn 0.2216 0.9751 -0.0087
vn 0.2123 0.9772 -0.0091
vn 0.2131 0.9770 -0.0000
vn 0.2054 0.9787 -0.0000
vn 0.2124 0.9771 0.0085
vn 0.2022 0.9793 0.0105
vn 0.2112 0.9773 0.0166
vn 0.2539 0.9671 -0.0158
vn 0.2733 0.9618 -0.0154
vn 0.2377 0.9713 -0.0091
vn 0.2556 0.9667 -0.0078
vn 0.2241 0.9746 -0.0000
vn 0.2415 0.9704 -0.0000
vn 0.2219 0.9750 0.0090
vn 0.2223 0.9748 0.0167
vn 0.2224 0.9747 0.0209
vn 0.2105 0.9774 0.0210
vn 0.2201 0.9753 0.0197
vn 0.2378 0.9713 0.0091
vn 0.2556 0.9667 0.0077
vn 0.2372 0.9713 0.0167
vn 0.2539 0.9671 0.0157
vn 0.2366 0.9714 0.0213
vn 0.2342 0.9720 0.0203
vn 0.2231 0.9747 0.0153
vn 0.2377 0.9712 0.0172
vn 0.2242 0.9745 0.0130
vn 0.2392 0.9708 0.0159
vn 0.2265 0.9740 -0.0030
vn 0.2137 0.9769 -0.0055
vn 0.2160 0.9754 -0.0436
vn 0.2532 0.9672 0.0217
vn 0.2731 0.9617 0.0229
vn 0.2527 0.9673 0.0220
vn 0.2739 0.9614 0.0258
vn 0.2548 0.9668 0.0205
vn 0.2749 0.9611 0.0250
vn 0.2549 0.9668 0.0196
vn 0.2741 0.9614 0.0245
vn 0.2419 0.9703 0.0016
vn 0.2591 0.9658 0.0088
vn 0.2319 0.9716 -0.0461
vn 0.2487 0.9681 -0.0294
vn 0.2191 0.9724 -0.0801
vn 0.2359 0.9685 -0.0792
vn 0.2555 0.9648 -0.0625
vn 0.2588 0.9636 -0.0675
vn 0.2785 0.9603 0.0159
vn 0.2954 0.9551 0.0248
vn 0.2676 0.9633 -0.0193
vn 0.2848 0.9586 -0.0019
vn 0.2758 0.9603 -0.0415
vn 0.2877 0.9574 -0.0248
vn 0.2786 0.9591 -0.0498
vn 0.2917 0.9560 -0.0293
vn 0.2816 0.9590 -0.0323
vn 0.2935 0.9557 -0.0230
vn 0.2624 0.9638 -0.0472
vn 0.2841 0.9588 -0.0010
vn 0.2970 0.9549 0.0047
vn 0.2668 0.9637 -0.0119
vn 0.2849 0.9580 0.0322
vn 0.2992 0.9542 0.0043
vn 0.3023 0.9531 -0.0161
vn 0.3022 0.9531 -0.0182
vn 0.3044 0.9525 -0.0051
vn 0.3093 0.9506 0.0256
vn 0.3256 0.9446 0.0418
vn 0.3327 0.9406 0.0678
vn 0.3431 0.9384 0.0416
vn 0.3285 0.9445 0.0095
vn 0.3307 0.9436 0.0185
vn 0.3159 0.9488 0.0072
vn 0.3133 0.9496 -0.0112
vn 0.3101 0.9506 -0.0133
vn 0.3129 0.9498 0.0061
vn 0.3107 0.9501 0.0269
vn 0.3305 0.9433 0.0320
vn 0.3144 0.9488 0.0323
vn 0.3348 0.9415 0.0385
vn 0.3196 0.9469 0.0347
vn 0.3394 0.9397 0.0419
vn 0.3220 0.9461 0.0354
vn 0.3454 0.9375 0.0421
vn 0.3216 0.9464 0.0315
vn 0.2952 0.9550 0.0297
vn 0.2967 0.9545 0.0304
vn 0.2974 0.9543 0.0303
vn 0.2972 0.9544 0.0264
vn 0.2955 0.9552 0.0178
vn 0.3198 0.9472 0.0218
vn 0.2941 0.9557 0.0087
vn 0.3186 0.9478 0.0105
vn 0.2733 0.9618 0.0154
vn 0.2737 0.9618 0.0071
vn 0.2759 0.9612 -0.0000
vn 0.2972 0.9548 -0.0000
vn 0.2940 0.9558 -0.0085
vn 0.2593 0.9658 -0.0000
vn 0.2737 0.9618 -0.0071
vn 0.2955 0.9552 -0.0179
vn 0.3198 0.9472 -0.0218
vn 0.3216 0.9464 -0.0315
vn 0.3487 0.9365 -0.0366
vn 0.2247 0.9640 -0.1422
vn 0.2359 0.9378 -0.2548
vn 0.2496 0.9354 -0.2504
vn 0.2377 0.9614 -0.1385
vn 0.2641 0.9312 -0.2513
vn 0.2529 0.9568 -0.1437
vn 0.2422 0.8988 -0.3655
vn 0.2570 0.8968 -0.3601
vn 0.2714 0.8932 -0.3585
vn 0.2833 0.8937 -0.3480
vn 0.2382 0.8976 -0.3709
vn 0.2527 0.8965 -0.3639
vn 0.2663 0.8954 -0.3569
vn 0.2785 0.8944 -0.3500
vn 0.2921 0.8935 -0.3412
vn 0.2342 0.9014 -0.3642
vn 0.2494 0.8995 -0.3588
vn 0.2636 0.8977 -0.3532
vn 0.2765 0.8954 -0.3489
vn 0.2904 0.8924 -0.3454
vn 0.2274 0.9146 -0.3343
vn 0.2436 0.9108 -0.3334
vn 0.2321 0.9349 -0.2686
vn 0.2584 0.9073 -0.3318
vn 0.2479 0.9295 -0.2732
vn 0.2728 0.9035 -0.3305
vn 0.2879 0.8983 -0.3319
vn 0.3065 0.8921 -0.3319
vn 0.2638 0.9236 -0.2782
vn 0.2804 0.9167 -0.2845
vn 0.2993 0.9088 -0.2906
vn 0.3192 0.9014 -0.2927
vn 0.3380 0.8940 -0.2941
vn 0.3579 0.8861 -0.2946
vn 0.3792 0.8774 -0.2939
vn 0.3285 0.9139 -0.2386
vn 0.3494 0.9042 -0.2458
vn 0.3713 0.8940 -0.2508
vn 0.3948 0.8827 -0.2549
vn 0.4023 0.8679 -0.2915
vn 0.3175 0.9318 -0.1758
vn 0.3386 0.9227 -0.1843
vn 0.3319 0.9324 -0.1430
vn 0.3608 0.9126 -0.1921
vn 0.3540 0.9231 -0.1504
vn 0.3849 0.9010 -0.2003
vn 0.3795 0.9114 -0.1590
vn 0.4125 0.8865 -0.2097
vn 0.4086 0.8964 -0.1715
vn 0.4207 0.8700 -0.2569
vn 0.4277 0.8575 -0.2860
vn 0.4328 0.8513 -0.2966
vn 0.4342 0.8737 -0.2194
vn 0.4327 0.8818 -0.1876
vn 0.4401 0.8604 -0.2568
vn 0.4465 0.8504 -0.2782
vn 0.4517 0.8456 -0.2844
vn 0.4558 0.8444 -0.2816
vn 0.4592 0.8440 -0.2772
vn 0.4644 0.8417 -0.2754
vn 0.4435 0.8730 -0.2028
vn 0.4463 0.8750 -0.1879
vn 0.4467 0.8655 -0.2264
vn 0.4454 0.8583 -0.2550
vn 0.4541 0.8489 -0.2705
vn 0.4608 0.8440 -0.2745
vn 0.4625 0.8437 -0.2724
vn 0.4658 0.8427 -0.2701
vn 0.4692 0.8419 -0.2664
vn 0.9294 0.2951 -0.2215
vn 0.9072 0.3487 -0.2354
vn 0.9066 0.3474 -0.2397
vn 0.4498 0.8692 -0.2054
vn 0.4463 0.8641 -0.2326
vn 0.8928 0.3723 -0.2538
vn 0.4451 0.8577 -0.2575
vn 0.8905 0.3714 -0.2629
vn 0.8900 0.3738 -0.2610
vn 0.4629 0.8444 -0.2696
vn 0.8900 0.3700 -0.2666
vn 0.4624 0.8438 -0.2724
vn 0.8927 0.3627 -0.2676
vn 0.8916 0.3659 -0.2666
vn 0.4634 0.8440 -0.2700
vn 0.4675 0.8421 -0.2689
vn 0.4676 0.8440 -0.2629
vn 0.7123 0.6608 -0.2365
vn 0.9419 0.2570 -0.2162
vn 0.4487 0.8729 -0.1916
vn 0.9501 0.2405 -0.1987
vn 0.4472 0.8755 -0.1830
vn 0.9481 0.2375 -0.2116
vn 0.9429 0.2376 -0.2332
vn 0.4467 0.8759 -0.1824
vn 0.4698 0.3961 -0.7889
vn 0.4698 0.3962 -0.7889
vn 0.4735 0.4099 -0.7796
vn 0.4733 0.3959 -0.7869
vn 0.4761 0.4332 -0.7653
vn 0.4749 0.4637 -0.7480
vn 0.8922 0.3632 -0.2684
vn 0.8933 0.3607 -0.2681
vn 0.8896 0.3681 -0.2704
vn 0.8889 0.3682 -0.2726
vn 0.8891 0.3839 -0.2492
vn 0.8890 0.4076 -0.2087
vn 0.8884 0.4092 -0.2083
vn 0.8897 0.4058 -0.2092
vn 0.8899 0.4074 -0.2050
vn 0.8897 0.4142 -0.1918
vn 0.8894 0.4190 -0.1827
vn 0.8895 0.4259 -0.1654
vn 0.8891 0.4297 -0.1574
vn 0.4269 0.9026 -0.0552
vn 0.4300 0.8999 -0.0722
vn 0.4168 0.9073 -0.0556
vn 0.4286 0.9008 -0.0697
vn 0.4355 0.8960 -0.0868
vn 0.4335 0.8968 -0.0887
vn 0.4204 0.9047 -0.0687
vn 0.4347 0.8947 -0.1030
vn 0.4340 0.8947 -0.1059
vn 0.4255 0.9009 -0.0861
vn 0.4348 0.8923 -0.1212
vn 0.4372 0.8906 -0.1252
vn 0.4382 0.8883 -0.1377
vn 0.4399 0.8870 -0.1403
vn 0.4421 0.8853 -0.1440
vn 0.4385 0.8871 -0.1439
vn 0.4577 0.8645 -0.2079
vn 0.3862 0.9215 -0.0409
vn 0.4184 0.9073 -0.0418
vn 0.3480 0.9372 -0.0248
vn 0.3875 0.9215 -0.0268
vn 0.3187 0.9478 -0.0104
vn 0.3490 0.9370 -0.0117
vn 0.3233 0.9463 -0.0000
vn 0.4288 0.9026 -0.0391
vn 0.4210 0.9066 -0.0268
vn 0.4336 0.9007 -0.0259
vn 0.4217 0.9066 -0.0122
vn 0.3885 0.9214 -0.0116
vn 0.3959 0.9183 -0.0000
vn 0.4247 0.9053 -0.0000
vn 0.4217 0.9066 0.0122
vn 0.3887 0.9213 0.0116
vn 0.4210 0.9066 0.0268
vn 0.3874 0.9215 0.0269
vn 0.4184 0.9073 0.0418
vn 0.3862 0.9215 0.0409
vn 0.4165 0.9074 0.0557
vn 0.3833 0.9222 0.0511
vn 0.4204 0.9047 0.0687
vn 0.4298 0.9028 -0.0134
vn 0.4301 0.9028 -0.0000
vn 0.4298 0.9028 0.0134
vn 0.4336 0.9008 0.0259
vn 0.4288 0.9026 0.0391
vn 0.4311 0.9016 0.0362
vn 0.4269 0.9026 0.0552
vn 0.4262 0.9032 0.0513
vn 0.4300 0.8999 0.0722
vn 0.4286 0.9008 0.0697
vn 0.4335 0.8968 0.0887
vn 0.4355 0.8960 0.0868
vn 0.4421 0.8853 0.1440
vn 0.4399 0.8870 0.1403
vn 0.4385 0.8872 0.1439
vn 0.4382 0.8883 0.1377
vn 0.4372 0.8906 0.1252
vn 0.4348 0.8923 0.1212
vn 0.4340 0.8947 0.1059
vn 0.4347 0.8947 0.1030
vn 0.8892 0.4297 0.1574
vn 0.8895 0.4258 0.1654
vn 0.8894 0.4190 0.1827
vn 0.8897 0.4142 0.1918
vn 0.8899 0.4074 0.2050
vn 0.8896 0.4059 0.2092
vn 0.8890 0.4076 0.2087
vn 0.8884 0.4092 0.2083
vn 0.7123 0.6608 0.2366
vn 0.8891 0.3839 0.2492
vn 0.8896 0.3681 0.2704
vn 0.8889 0.3683 0.2726
vn 0.8922 0.3632 0.2684
vn 0.8933 0.3607 0.2681
vn 0.8927 0.3627 0.2676
vn 0.8916 0.3659 0.2666
vn 0.4576 0.8645 0.2079
vn 0.7123 0.6608 0.2365
vn 0.4692 0.8419 0.2664
vn 0.4676 0.8440 0.2628
vn 0.4675 0.8421 0.2689
vn 0.4658 0.8427 0.2701
vn 0.4633 0.8441 0.2700
vn 0.4625 0.8437 0.2724
vn 0.4625 0.8438 0.2724
vn 0.4608 0.8440 0.2745
vn 0.4629 0.8444 0.2696
vn 0.4541 0.8489 0.2704
vn 0.4451 0.8576 0.2575
vn 0.8900 0.3700 0.2666
vn 0.8900 0.3738 0.2610
vn 0.8905 0.3714 0.2629
vn 0.8928 0.3723 0.2538
vn 0.9066 0.3474 0.2396
vn 0.9072 0.3487 0.2354
vn 0.9294 0.2952 0.2215
vn 0.9419 0.2570 0.2162
vn 0.9501 0.2405 0.1987
vn 0.9481 0.2375 0.2116
vn 0.9429 0.2376 0.2333
vn 0.4697 0.3961 0.7889
vn 0.4735 0.4099 0.7796
vn 0.4698 0.3962 0.7888
vn 0.4736 0.4100 0.7795
vn 0.4733 0.3959 0.7869
vn 0.4761 0.4331 0.7653
vn 0.4467 0.8759 0.1825
vn 0.4472 0.8755 0.1830
vn 0.4488 0.8728 0.1916
vn 0.4498 0.8692 0.2054
vn 0.4435 0.8730 0.2028
vn 0.4467 0.8655 0.2264
vn 0.4341 0.8737 0.2194
vn 0.4464 0.8641 0.2327
vn 0.4454 0.8583 0.2550
vn 0.4401 0.8604 0.2568
vn 0.4465 0.8504 0.2782
vn 0.4749 0.4637 0.7480
vn 0.4664 0.4785 0.7440
vn 0.4590 0.4905 0.7407
vn 0.4445 0.4935 0.7476
vn 0.4378 0.4847 0.7572
vn 0.4248 0.4804 0.7674
vn 0.4195 0.4668 0.7785
vn 0.4086 0.4643 0.7858
vn 0.4038 0.4573 0.7923
vn 0.3950 0.4580 0.7964
vn 0.3913 0.4573 0.7986
vn 0.3829 0.4602 0.8010
vn 0.3784 0.4621 0.8020
vn 0.3682 0.4655 0.8048
vn 0.0977 0.9947 0.0333
vn 0.1051 0.9935 0.0440
vn 0.1075 0.9930 0.0481
vn 0.1184 0.8771 0.4654
vn 0.0996 0.9875 0.1223
vn 0.1025 0.9869 0.1250
vn 0.0990 0.9856 0.1369
vn 0.0973 0.9836 0.1516
vn 0.0853 0.9788 0.1862
vn 0.0819 0.9775 0.1944
vn 0.1068 0.9823 0.1542
vn 0.1057 0.9839 0.1438
vn 0.1017 0.9895 0.1028
vn 0.1023 0.9893 0.1039
vn 0.0989 0.9879 0.1197
vn 0.0962 0.9866 0.1316
vn 0.0902 0.9855 0.1437
vn 0.1056 0.9910 0.0827
vn 0.1094 0.9916 0.0692
vn 0.1132 0.9919 0.0577
vn 0.1086 0.9902 0.0877
vn 0.1102 0.9897 0.0915
vn 0.1091 0.9913 0.0730
vn 0.1115 0.9908 0.0768
vn 0.1116 0.9919 0.0606
vn 0.1100 0.9919 0.0632
vn 0.1139 0.9924 0.0471
vn 0.1113 0.9925 0.0495
vn 0.1132 0.9930 0.0344
vn 0.1116 0.9931 0.0359
vn 0.1142 0.9932 0.0237
vn 0.1114 0.9935 0.0250
vn 0.1199 0.9927 0.0151
vn 0.0995 0.9894 0.1059
vn -0.8108 0.4741 -0.3434
vn -0.8189 0.4700 -0.3293
vn -0.8308 0.4656 -0.3050
vn -0.8395 0.4557 -0.2961
vn -0.8513 0.4474 -0.2742
vn -0.8611 0.4353 -0.2628
vn -0.8709 0.4301 -0.2378
vn -0.8778 0.4226 -0.2255
vn -0.8853 0.4198 -0.2001
vn -0.8887 0.4184 -0.1875
vn -0.8930 0.4200 -0.1618
vn -0.8951 0.4203 -0.1489
vn -0.8994 0.4194 -0.1231
vn -0.9019 0.4176 -0.1102
vn -0.9049 0.4174 -0.0836
vn -0.9066 0.4162 -0.0699
vn -0.9085 0.4163 -0.0372
vn -0.9089 0.4154 -0.0372
vn -0.9091 0.4165 0.0000
vn -0.9088 0.4173 0.0000
vn -0.9085 0.4163 0.0372
vn -0.9089 0.4154 0.0372
vn -0.9066 0.4162 0.0699
vn -0.9049 0.4174 0.0836
vn -0.9019 0.4177 0.1102
vn -0.8994 0.4194 0.1231
vn -0.8951 0.4203 0.1489
vn -0.8930 0.4200 0.1618
vn -0.8887 0.4184 0.1875
vn -0.8853 0.4198 0.2001
vn 0.1090 0.9914 -0.0730
vn 0.1116 0.9919 -0.0606
vn 0.1091 0.9916 -0.0693
vn 0.1100 0.9919 -0.0632
vn 0.1114 0.9925 -0.0495
vn 0.1139 0.9924 -0.0471
vn 0.1132 0.9919 -0.0578
vn 0.1116 0.9931 -0.0359
vn 0.1132 0.9930 -0.0344
vn 0.1153 0.9922 -0.0468
vn 0.1113 0.9935 -0.0250
vn 0.1142 0.9932 -0.0238
vn 0.1145 0.9928 -0.0358
vn 0.1199 0.9927 -0.0151
vn 0.1186 0.9929 -0.0000
vn 0.1055 0.9910 -0.0828
vn 0.1086 0.9902 -0.0876
vn 0.1115 0.9908 -0.0768
vn 0.1016 0.9895 -0.1028
vn 0.1023 0.9893 -0.1039
vn 0.1103 0.9897 -0.0916
vn 0.0996 0.9875 -0.1223
vn 0.1073 0.9921 -0.0651
vn 0.1064 0.9913 -0.0778
vn 0.1054 0.9893 -0.1010
vn 0.1026 0.9869 -0.1249
vn 0.1009 0.9843 -0.1447
vn 0.0991 0.9856 -0.1369
vn 0.1062 0.9916 -0.0745
vn 0.1086 0.9903 -0.0865
vn 0.1106 0.9880 -0.1083
vn 0.1077 0.9861 -0.1268
vn 0.1056 0.9840 -0.1438
vn 0.1029 0.9823 -0.1564
vn 0.0988 0.9820 -0.1610
vn 0.0976 0.9823 -0.1600
vn 0.1136 0.9854 -0.1265
vn 0.1098 0.9838 -0.1420
vn 0.1068 0.9823 -0.1542
vn 0.1031 0.9824 -0.1558
vn 0.0998 0.9809 -0.1671
vn 0.1123 0.9823 -0.1501
vn 0.1388 0.9108 -0.3889
vn 0.1357 0.9046 -0.4041
vn 0.1313 0.8981 -0.4198
vn 0.0951 0.9804 -0.1726
vn 0.1606 0.7763 -0.6096
vn 0.1283 0.8884 -0.4408
vn 0.1509 0.7410 -0.6543
vn 0.1529 0.7631 -0.6279
vn 0.1465 0.7771 -0.6121
vn 0.1475 0.7991 -0.5829
vn 0.1293 0.8388 -0.5288
vn 0.1385 0.8783 -0.4576
vn 0.1431 0.9186 -0.3683
vn 0.1206 0.8788 -0.4617
vn 0.1468 0.7068 -0.6920
vn 0.1468 0.6952 -0.7037
vn 0.1234 0.8829 -0.4530
vn 0.1494 0.7212 -0.6764
vn 0.1429 0.7128 -0.6866
vn 0.1393 0.7234 -0.6762
vn 0.1363 0.7422 -0.6562
vn 0.1352 0.7615 -0.6339
vn 0.1328 0.7794 -0.6123
vn 0.1307 0.8017 -0.5833
vn 0.1080 0.8561 -0.5054
vn 0.1379 0.7166 -0.6837
vn 0.1275 0.7230 -0.6790
vn 0.1189 0.7414 -0.6604
vn 0.1193 0.7649 -0.6330
vn 0.1184 0.8109 -0.5731
vn 0.1023 0.8557 -0.5073
vn 0.0969 0.8949 -0.4356
vn 0.1119 0.8873 -0.4473
vn 0.1187 0.9193 -0.3752
vn 0.0997 0.9397 -0.3272
vn 0.1129 0.7502 -0.6516
vn 0.1180 0.7801 -0.6145
vn 0.1117 0.8361 -0.5371
vn 0.0978 0.8734 -0.4771
vn 0.0816 0.7089 -0.7005
vn 0.0890 0.8587 -0.5048
vn 0.1000 0.9807 -0.1681
vn 0.0970 0.9185 -0.3832
vn 0.1121 0.9891 -0.0950
vn 0.1125 0.9923 -0.0514
vn 0.1330 0.9902 -0.0420
vn 0.0407 0.1750 -0.9837
vn 0.0442 0.1729 -0.9839
vn 0.0460 0.1770 -0.9831
vn 0.0530 0.1825 -0.9818
vn 0.0560 0.2167 -0.9746
vn 0.0620 0.2438 -0.9678
vn 0.0617 0.3031 -0.9510
vn 0.0637 0.3336 -0.9405
vn 0.0635 0.4148 -0.9077
vn 0.0630 0.5212 -0.8511
vn 0.0702 0.6310 -0.7726
vn 0.0806 0.7996 -0.5951
vn 0.0902 0.8435 -0.5295
vn 0.1030 0.7770 -0.6210
vn 0.1093 0.7532 -0.6487
vn 0.1144 0.7155 -0.6892
vn 0.1240 0.7060 -0.6973
vn 0.1309 0.6988 -0.7032
vn 0.1449 0.6971 -0.7022
vn 0.1523 0.6866 -0.7109
vn 0.1628 0.6595 -0.7339
vn 0.1648 0.6580 -0.7347
vn 0.1680 0.6350 -0.7541
vn 0.1661 0.6240 -0.7636
vn 0.2848 0.5792 -0.7638
vn 0.3971 0.5261 -0.7520
vn 0.5006 0.4670 -0.7289
vn 0.1352 0.9907 -0.0131
vn 0.1547 0.9870 -0.0441
vn 0.1623 0.9858 -0.0420
vn 0.1760 0.9833 -0.0473
vn 0.1785 0.9830 -0.0420
vn 0.1940 0.9801 -0.0415
vn 0.1846 0.9819 -0.0416
vn 0.1963 0.9800 -0.0324
vn 0.2046 0.9784 -0.0304
vn 0.2069 0.9774 -0.0443
vn 0.2073 0.9772 -0.0467
vn 0.2100 0.9763 -0.0516
vn 0.2135 0.9753 -0.0560
vn 0.2188 0.9740 -0.0580
vn 0.4971 0.4691 -0.7299
vn 0.4670 0.4740 -0.7465
vn 0.4643 0.4799 -0.7444
vn 0.4150 0.4740 -0.7766
vn 0.3937 0.4604 -0.7956
vn 0.3599 0.4552 -0.8144
vn 0.3532 0.4484 -0.8211
vn 0.3460 0.4482 -0.8242
vn 0.3472 0.4511 -0.8222
vn 0.3515 0.4534 -0.8190
vn 0.3542 0.4609 -0.8137
vn 0.3628 0.4628 -0.8088
vn 0.3682 0.4656 -0.8048
vn 0.3784 0.4621 -0.8020
vn 0.2225 0.9732 -0.0582
vn 0.2324 0.9707 -0.0608
vn 0.2382 0.9689 -0.0675
vn 0.2480 0.9658 -0.0753
vn 0.2575 0.9623 -0.0881
vn 0.2679 0.9593 -0.0889
vn 0.2789 0.9551 -0.1005
vn 0.2907 0.9512 -0.1036
vn 0.3001 0.9471 -0.1140
vn 0.3093 0.9439 -0.1158
vn 0.3170 0.9405 -0.1227
vn 0.3282 0.9359 -0.1282
vn 0.3380 0.9309 -0.1384
vn 0.3503 0.9263 -0.1389
vn 0.3829 0.4602 -0.8010
vn 0.3913 0.4573 -0.7986
vn 0.3950 0.4580 -0.7964
vn 0.4038 0.4573 -0.7923
vn 0.4086 0.4642 -0.7858
vn 0.4195 0.4668 -0.7785
vn 0.4247 0.4804 -0.7674
vn 0.4378 0.4847 -0.7572
vn 0.4445 0.4935 -0.7476
vn 0.4590 0.4905 -0.7407
vn 0.4664 0.4785 -0.7440
vn 0.3602 0.9212 -0.1474
vn 0.3751 0.9153 -0.1466
vn 0.3860 0.9098 -0.1523
vn 0.4042 0.9016 -0.1541
vn 0.4172 0.8941 -0.1629
vn 0.4323 0.8854 -0.1711
vn 0.4407 0.8794 -0.1801
vn 0.3117 0.9407 -0.1337
vn 0.2919 0.9490 -0.1188
vn 0.2967 0.9409 -0.1635
vn 0.3082 0.9228 -0.2313
vn 0.2757 0.9498 -0.1483
vn 0.2875 0.9318 -0.2215
vn 0.2705 0.9571 -0.1038
vn 0.2552 0.9575 -0.1346
vn 0.2497 0.9640 -0.0911
vn 0.2307 0.9701 -0.0750
vn 0.2367 0.9638 -0.1225
vn 0.2152 0.9744 -0.0645
vn 0.2180 0.9702 -0.1054
vn 0.2076 0.9765 -0.0585
vn 0.2004 0.9784 -0.0515
vn 0.1998 0.9755 -0.0917
vn 0.1855 0.9810 -0.0574
vn 0.1632 0.9854 -0.0493
vn 0.1764 0.9825 -0.0599
vn 0.2164 0.9596 -0.1797
vn 0.2329 0.9540 -0.1889
vn 0.2499 0.9478 -0.1980
vn 0.2678 0.9405 -0.2093
vn 0.2105 0.9760 -0.0551
vn 0.2114 0.9767 -0.0358
vn 0.2098 0.9775 -0.0194
vn 0.2074 0.9765 -0.0586
vn -0.5144 0.8236 0.2389
vn -0.5025 0.8073 0.3096
vn -0.4435 0.7936 0.4166
vn -0.3993 0.8028 0.4427
vn -0.3081 0.7927 0.5261
vn -0.2442 0.8061 0.5390
vn -0.1335 0.7722 0.6212
vn -0.0671 0.7708 0.6335
vn 0.0180 0.7442 0.6677
vn 0.0448 0.7518 0.6579
vn 0.0642 0.7513 0.6568
vn 0.0575 0.7539 0.6544
vn 0.0516 0.7580 0.6502
vn 0.0517 0.7556 0.6530
vn 0.0521 0.7500 0.6594
vn 0.0517 0.7421 0.6683
vn 0.0576 0.7390 0.6713
vn 0.2101 0.9776 -0.0137
vn 0.2168 0.9762 0.0064
vn 0.2265 0.9740 -0.0008
vn 0.2243 0.9740 0.0317
vn 0.2172 0.9755 0.0358
vn 0.2250 0.9742 0.0192
vn 0.2212 0.9747 -0.0312
vn 0.2489 0.9684 0.0181
vn 0.2464 0.9688 -0.0265
vn 0.2163 0.9732 -0.0776
vn 0.2405 0.9684 -0.0661
vn 0.2169 0.9720 -0.0904
vn 0.2361 0.9683 -0.0817
vn 0.1976 0.9771 -0.0794
vn 0.2013 0.9772 -0.0674
vn 0.1979 0.9761 -0.0896
vn 0.1811 0.9799 -0.0841
vn 0.2032 0.9762 -0.0755
vn 0.1856 0.9805 -0.0643
vn 0.2016 0.9786 -0.0402
vn 0.2008 0.9796 -0.0062
vn 0.2086 0.9778 0.0192
vn 0.2110 0.9774 0.0143
vn 0.2119 0.9772 0.0108
vn 0.1869 0.9819 -0.0308
vn 0.1732 0.9849 -0.0053
vn 0.1867 0.9824 -0.0020
vn 0.1739 0.9847 0.0099
vn 0.1996 0.9798 0.0092
vn 0.1865 0.9824 0.0093
vn 0.1990 0.9799 0.0130
vn 0.1967 0.9803 0.0189
vn 0.1867 0.9823 0.0137
vn 0.1991 0.9797 0.0217
vn 0.1867 0.9822 0.0224
vn 0.2002 0.9796 0.0179
vn 0.1867 0.9822 0.0189
vn 0.1874 0.9822 0.0117
vn 0.1909 0.9816 -0.0000
vn 0.1853 0.9825 0.0195
vn 0.1749 0.9844 0.0184
vn 0.1761 0.9842 0.0213
vn 0.1762 0.9842 0.0190
vn 0.1752 0.9844 0.0138
vn 0.1643 0.9863 0.0164
vn 0.1624 0.9867 0.0124
vn 0.1548 0.9877 0.0202
vn 0.1526 0.9881 0.0170
vn 0.1603 0.9871 -0.0022
vn 0.1491 0.9888 0.0038
vn 0.1567 0.9872 -0.0292
vn 0.1568 0.9873 0.0239
vn 0.1662 0.9859 0.0205
vn 0.1673 0.9857 0.0212
vn 0.1666 0.9859 0.0170
vn 0.1647 0.9863 0.0107
vn 0.1739 0.9847 0.0118
vn 0.1651 0.9863 -0.0000
vn 0.1756 0.9845 -0.0000
vn 0.1739 0.9847 -0.0118
vn 0.1874 0.9822 -0.0116
vn 0.1867 0.9822 -0.0189
vn 0.1581 0.9872 0.0229
vn 0.1461 0.9890 0.0242
vn 0.1581 0.9873 0.0159
vn 0.1461 0.9892 0.0157
vn 0.1565 0.9876 0.0088
vn 0.1567 0.9877 -0.0000
vn 0.1647 0.9863 -0.0107
vn 0.1745 0.9845 -0.0183
vn 0.1867 0.9822 -0.0223
vn 0.1991 0.9797 -0.0218
vn 0.1459 0.9893 0.0073
vn 0.1472 0.9891 -0.0000
vn 0.1565 0.9876 -0.0089
vn 0.1666 0.9859 -0.0170
vn 0.1760 0.9842 -0.0213
vn 0.1856 0.9824 -0.0195
vn 0.1967 0.9803 -0.0189
vn 0.2086 0.9778 -0.0192
vn 0.1340 0.9909 0.0159
vn 0.1342 0.9909 0.0073
vn 0.1360 0.9907 -0.0000
vn 0.1459 0.9893 -0.0073
vn 0.1581 0.9873 -0.0159
vn 0.1460 0.9892 -0.0157
vn 0.1673 0.9857 -0.0210
vn 0.1581 0.9872 -0.0229
vn 0.1761 0.9842 -0.0189
vn 0.1662 0.9859 -0.0205
vn 0.1867 0.9823 -0.0137
vn 0.1752 0.9844 -0.0138
vn 0.1340 0.9907 0.0243
vn 0.1461 0.9890 -0.0241
vn 0.1568 0.9873 -0.0239
vn 0.1643 0.9863 -0.0164
vn 0.2160 0.9754 0.0437
vn 0.2137 0.9769 0.0055
vn 0.2265 0.9740 0.0030
vn 0.2016 0.9786 0.0402
vn 0.2008 0.9796 0.0062
vn 0.2120 0.9772 -0.0107
vn 0.1869 0.9819 0.0308
vn 0.1866 0.9824 0.0020
vn 0.1996 0.9798 -0.0092
vn 0.1732 0.9849 0.0054
vn 0.1739 0.9847 -0.0099
vn 0.1865 0.9824 -0.0093
vn 0.1622 0.9867 -0.0124
vn 0.1603 0.9871 0.0022
vn 0.1716 0.9846 0.0326
vn 0.1857 0.9805 0.0643
vn 0.2032 0.9762 0.0756
vn 0.1980 0.9761 0.0898
vn 0.1491 0.9888 -0.0039
vn 0.1568 0.9872 0.0288
vn 0.1690 0.9839 0.0577
vn 0.1532 0.9868 0.0525
vn 0.1811 0.9799 0.0840
vn 0.1653 0.9834 0.0755
vn 0.1379 0.9894 0.0459
vn 0.1249 0.9915 0.0375
vn 0.1136 0.9932 0.0266
vn 0.1104 0.9936 0.0229
vn 0.1088 0.9940 0.0081
vn 0.1070 0.9942 -0.0063
vn 0.1062 0.9939 -0.0307
vn 0.1077 0.9942 -0.0074
vn 0.0898 0.9939 -0.0643
vn 0.0950 0.9942 -0.0495
vn 0.1990 0.9799 -0.0131
vn 0.2110 0.9774 -0.0143
vn 0.2002 0.9796 -0.0179
vn 0.2105 0.9774 -0.0208
vn 0.2202 0.9753 -0.0197
vn 0.2231 0.9747 -0.0154
vn 0.2242 0.9745 -0.0131
vn 0.2377 0.9712 -0.0176
vn 0.2391 0.9709 -0.0159
vn 0.2549 0.9668 -0.0205
vn 0.2549 0.9668 -0.0196
vn 0.2418 0.9703 -0.0016
vn 0.2343 0.9719 -0.0203
vn 0.2224 0.9747 -0.0210
vn 0.2113 0.9773 -0.0165
vn 0.2022 0.9793 -0.0108
vn 0.3093 0.9506 -0.0255
vn 0.3032 0.9500 -0.0746
vn 0.3139 0.9479 -0.0534
vn 0.2986 0.9536 -0.0390
vn 0.2970 0.9549 -0.0047
vn 0.0988 0.9888 0.1115
vn 0.1150 0.9876 0.1072
vn 0.1028 0.9866 0.1266
vn 0.1214 0.9854 0.1196
vn 0.1113 0.9837 0.1415
vn 0.1259 0.9860 0.1094
vn 0.1319 0.9844 0.1168
vn 0.1071 0.9826 0.1516
vn 0.0940 0.9857 0.1397
vn 0.1214 0.9803 0.1559
vn 0.1095 0.9838 0.1417
vn 0.1185 0.9825 0.1436
vn 0.1186 0.9819 0.1475
vn 0.1123 0.9853 0.1287
vn 0.1038 0.9886 0.1088
vn 0.1078 0.9865 0.1231
vn 0.0970 0.9866 0.1309
vn 0.0986 0.9890 0.1102
vn 0.0891 0.9884 0.1232
vn 0.0899 0.9901 0.1079
vn 0.0882 0.9883 0.1245
vn 0.0872 0.9902 0.1087
vn 0.0982 0.9903 0.0979
vn 0.0904 0.9916 0.0926
vn 0.0867 0.9918 0.0935
vn 0.0959 0.9904 0.0996
vn 0.1111 0.9891 0.0965
vn 0.1203 0.9875 0.1020
vn 0.1154 0.9888 0.0943
vn 0.1065 0.9904 0.0879
vn 0.0932 0.9916 0.0897
vn 0.1040 0.9911 0.0830
vn 0.0900 0.9930 0.0771
vn 0.1010 0.9896 0.1026
vn 0.1074 0.9916 0.0726
vn 0.1070 0.9942 0.0063
vn 0.0997 0.9950 0.0101
vn 0.1086 0.9941 -0.0080
vn 0.1080 0.9883 0.1077
vn 0.1145 0.9866 0.1161
vn 0.1148 0.9930 -0.0261
vn 0.1111 0.9938 -0.0070
vn 0.1190 0.9927 -0.0211
vn 0.1109 0.9936 0.0236
vn 0.1124 0.9934 0.0212
vn 0.1124 0.9912 0.0706
vn 0.1166 0.9907 0.0699
vn 0.1153 0.9933 -0.0079
vn 0.1220 0.9921 -0.0299
vn 0.1256 0.9915 -0.0351
vn 0.4912 0.6915 0.5296
vn 0.6553 0.6524 0.3808
vn 0.6081 0.6637 0.4356
vn 0.1273 0.9910 -0.0407
vn 0.1326 0.9907 -0.0317
vn 0.7441 0.6429 0.1816
vn 0.7235 0.6427 0.2519
vn 0.1290 0.9912 -0.0299
vn 0.7843 0.6194 0.0341
vn 0.7794 0.6225 0.0708
vn 0.1268 0.9917 -0.0228
vn 0.7861 0.6181 0.0026
vn 0.7920 0.6105 -0.0018
vn 0.1240 0.9922 -0.0137
vn 0.7870 0.6165 0.0225
vn 0.7866 0.6173 0.0136
vn 0.1171 0.9930 0.0138
vn 0.7884 0.6128 0.0545
vn 0.7878 0.6145 0.0430
vn 0.1166 0.9913 0.0604
vn 0.7908 0.6063 0.0836
vn 0.7889 0.6099 0.0752
vn 0.1257 0.9857 0.1124
vn 0.7931 0.6069 0.0518
vn 0.4261 0.6986 0.5748
vn 0.1223 0.9907 -0.0602
vn 0.1257 0.9910 -0.0469
vn 0.2887 0.7153 0.6363
vn 0.2220 0.7130 0.6651
vn 0.1265 0.9909 -0.0469
vn 0.1180 0.7234 0.6802
vn 0.0946 0.7247 0.6825
vn 0.1345 0.9892 -0.0580
vn 0.1312 0.9902 -0.0480
vn 0.0628 0.7322 0.6782
vn 0.1260 0.9910 -0.0443
vn 0.1335 0.9897 -0.0525
vn 0.1274 0.9909 -0.0441
vn 0.1245 0.9915 -0.0376
vn 0.1208 0.9920 -0.0377
vn 0.1286 0.9909 -0.0397
vn 0.1104 0.9936 -0.0228
vn 0.1006 0.9949 -0.0048
vn 0.1458 0.9890 0.0260
vn 0.1337 0.9907 0.0268
vn 0.1446 0.9892 0.0240
vn 0.1338 0.9906 0.0270
vn 0.1435 0.9894 -0.0230
vn 0.1379 0.9894 -0.0459
vn 0.1532 0.9868 -0.0524
vn 0.1716 0.9846 -0.0326
vn 0.1690 0.9839 -0.0578
vn 0.1653 0.9834 -0.0755
vn 0.1495 0.9867 -0.0636
vn 0.1767 0.9805 -0.0859
vn 0.1611 0.9840 -0.0759
vn 0.1461 0.9871 -0.0652
vn 0.1463 0.9861 -0.0790
vn 0.1591 0.9847 -0.0710
vn 0.1765 0.9815 -0.0740
vn 0.1588 0.9850 -0.0674
vn 0.1833 0.9802 -0.0753
vn 0.0873 0.9823 0.1656
vn 0.0837 0.9791 0.1853
vn 0.0844 0.9776 0.1930
vn 0.0974 0.9879 0.1208
vn 0.0886 0.9877 0.1289
vn 0.0844 0.9861 0.1428
vn 0.0874 0.9817 0.1695
vn 0.0837 0.9786 0.1879
vn 0.0871 0.9775 0.1921
vn 0.0900 0.9773 0.1920
vn 0.0876 0.9774 0.1922
vn 0.0813 0.9773 0.1955
vn -0.7931 0.4773 -0.3784
vn -0.7817 0.4796 -0.3986
vn -0.7597 0.4818 -0.4367
vn -0.7475 0.4849 -0.4540
vn -0.7260 0.4858 -0.4869
vn -0.7150 0.4869 -0.5017
vn -0.7001 0.4830 -0.5259
vn -0.6947 0.4813 -0.5345
vn -0.6912 0.4807 -0.5397
vn -0.6912 0.4823 -0.5381
vn -0.6925 0.4828 -0.5360
vn -0.6911 0.4807 -0.5397
vn -0.6919 0.4804 -0.5389
vn -0.3499 0.5097 0.7860
vn -0.3626 0.5131 0.7780
vn -0.3425 0.5367 0.7711
vn -0.3431 0.5105 0.7884
vn -0.3070 0.6103 0.7302
vn -0.2751 0.6776 0.6821
vn 0.0835 0.9774 0.1942
vn -0.2475 0.7068 0.6627
vn -0.2137 0.5884 0.7798
vn -0.0352 0.7325 0.6798
vn -0.1280 0.2820 0.9509
vn 0.0051 0.5027 0.8645
vn -0.1387 0.2337 0.9624
vn 0.0500 0.5624 0.8253
vn 0.1421 0.7034 0.6964
vn 0.1407 0.7003 0.6998
vn -0.1247 0.1990 0.9720
vn -0.1108 0.1841 0.9766
vn -0.0725 0.1697 0.9828
vn 0.1435 0.6939 0.7057
vn 0.1408 0.7045 0.6956
vn 0.1428 0.7129 0.6866
vn 0.1413 0.7145 0.6852
vn 0.4207 0.8700 0.2570
vn 0.4126 0.8865 0.2095
vn 0.3849 0.9010 0.2003
vn 0.3948 0.8827 0.2549
vn 0.3712 0.8940 0.2508
vn 0.4022 0.8679 0.2915
vn 0.3793 0.8774 0.2939
vn 0.4277 0.8575 0.2860
vn 0.4067 0.8611 0.3051
vn 0.3833 0.8695 0.3115
vn 0.4328 0.8514 0.2965
vn 0.4087 0.8614 0.3016
vn 0.3850 0.8693 0.3100
vn 0.4358 0.8513 0.2921
vn 0.4099 0.8637 0.2932
vn 0.3862 0.8716 0.3020
vn 0.4379 0.8523 0.2859
vn 0.4166 0.8607 0.2927
vn 0.3917 0.8701 0.2991
vn 0.4449 0.8504 0.2810
vn 0.4255 0.8780 0.2193
vn 0.3965 0.8901 0.2248
vn 0.4280 0.8915 0.1484
vn 0.4473 0.8688 0.2125
vn 0.4644 0.8417 0.2754
vn 0.4591 0.8441 0.2771
vn 0.4558 0.8444 0.2816
vn 0.4517 0.8456 0.2844
vn 0.4317 0.8906 0.1433
vn 0.4058 0.9023 0.1454
vn 0.4311 0.8933 0.1271
vn 0.3999 0.9077 0.1273
vn 0.4290 0.8970 0.1061
vn 0.4052 0.9084 0.1037
vn 0.4255 0.9009 0.0862
vn 0.4019 0.9119 0.0828
vn 0.3949 0.9165 0.0637
vn 0.3485 0.9364 0.0410
vn 0.3487 0.9361 0.0463
vn 0.3501 0.9354 0.0495
vn 0.3585 0.9322 0.0508
vn 0.3711 0.9265 0.0624
vn 0.3752 0.9235 0.0801
vn 0.3560 0.9313 0.0770
vn 0.3512 0.9340 0.0661
vn 0.3584 0.9315 0.0620
vn 0.3581 0.9316 0.0624
vn 0.3592 0.9311 0.0635
vn 0.3652 0.9275 0.0805
vn 0.3760 0.9213 0.0990
vn 0.3674 0.9253 0.0943
vn 0.3693 0.9222 0.1151
vn 0.3645 0.9246 0.1105
vn 0.3655 0.9264 0.0904
vn 0.3615 0.9260 0.1088
vn 0.3620 0.9281 0.0868
vn 0.3616 0.9293 0.0752
vn 0.3704 0.9190 0.1349
vn 0.4016 0.9035 0.1497
vn 0.3482 0.9371 0.0250
vn 0.3492 0.9370 0.0111
vn 0.3556 0.9346 -0.0000
vn 0.3487 0.9365 0.0366
vn 0.0890 0.9802 -0.1768
vn 0.0946 0.9810 -0.1696
vn 0.0870 0.9791 -0.1839
vn 0.0815 0.9782 -0.1910
vn 0.0847 0.9786 -0.1874
vn 0.0933 0.9798 -0.1767
vn 0.0915 0.9806 -0.1735
vn 0.0973 0.9836 -0.1516
vn 0.0838 0.9784 -0.1890
vn 0.0913 0.9811 -0.1707
vn 0.0823 0.9779 -0.1921
vn 0.1184 0.8771 -0.4654
vn 0.0819 0.9775 -0.1944
vn 0.0853 0.9788 -0.1862
vn 0.0989 0.9879 -0.1197
vn 0.0994 0.9894 -0.1059
vn 0.0962 0.9866 -0.1316
vn 0.0974 0.9879 -0.1208
vn 0.0903 0.9855 -0.1437
vn 0.0886 0.9877 -0.1289
vn 0.0872 0.9823 -0.1656
vn 0.0844 0.9861 -0.1428
vn 0.0837 0.9791 -0.1853
vn 0.0874 0.9817 -0.1695
vn 0.0844 0.9776 -0.1930
vn -0.8778 0.4226 0.2255
vn -0.8709 0.4301 0.2378
vn -0.8611 0.4353 0.2628
vn -0.8513 0.4474 0.2742
vn -0.8395 0.4557 0.2961
vn -0.8308 0.4655 0.3050
vn -0.8189 0.4700 0.3293
vn -0.8107 0.4741 0.3434
vn -0.7931 0.4773 0.3784
vn -0.7817 0.4796 0.3986
vn -0.7597 0.4818 0.4368
vn -0.7475 0.4848 0.4540
vn -0.7260 0.4857 0.4869
vn -0.7150 0.4869 0.5017
vn -0.7001 0.4830 0.5259
vn -0.6947 0.4813 0.5345
vn -0.6912 0.4806 0.5397
vn -0.6913 0.4823 0.5381
vn -0.6925 0.4828 0.5360
vn -0.6919 0.4804 0.5390
vn -0.3626 0.5131 -0.7780
vn -0.3499 0.5098 -0.7859
vn -0.3424 0.5367 -0.7711
vn -0.3431 0.5105 -0.7884
vn -0.3070 0.6104 -0.7302
vn -0.2751 0.6776 -0.6821
vn -0.2475 0.7068 -0.6627
vn -0.2137 0.5883 -0.7799
vn -0.0352 0.7325 -0.6799
vn -0.1280 0.2820 -0.9508
vn 0.0837 0.9786 -0.1880
vn 0.0871 0.9775 -0.1921
vn 0.0900 0.9773 -0.1920
vn 0.0876 0.9774 -0.1922
vn 0.0813 0.9773 -0.1955
vn 0.0836 0.9774 -0.1942
vn 0.0051 0.5027 -0.8645
vn 0.0501 0.5624 -0.8253
vn -0.1387 0.2338 -0.9623
vn -0.1247 0.1990 -0.9720
vn -0.1108 0.1841 -0.9766
vn -0.0725 0.1697 -0.9828
vn -0.0497 0.1699 -0.9842
vn -0.0121 0.1625 -0.9866
vn 0.0028 0.1679 -0.9858
vn 0.0245 0.1656 -0.9859
vn 0.0312 0.1718 -0.9846
vn 0.0393 0.1733 -0.9841
vn 0.1435 0.6939 -0.7057
vn 0.1407 0.7003 -0.6998
vn 0.1421 0.7034 -0.6965
vn 0.1370 0.7073 -0.6935
vn 0.1368 0.7061 -0.6948
vn 0.1382 0.7096 -0.6910
vn 0.1381 0.7121 -0.6884
vn 0.1344 0.7168 -0.6842
vn 0.1207 0.7244 -0.6787
vn 0.1408 0.7045 -0.6956
vn 0.1413 0.7145 -0.6852
vn 0.3637 0.9284 0.0765
vn 0.2390 0.9606 -0.1417
vn 0.2258 0.9640 -0.1404
vn 0.2236 0.9648 -0.1385
vn 0.8889 0.4353 -0.1427
vn 0.8888 0.4376 -0.1361
vn 0.8895 0.4407 -0.1209
vn 0.8910 0.4399 -0.1122
vn 0.8927 0.4409 -0.0936
vn 0.8939 0.4404 -0.0836
vn 0.8943 0.4425 -0.0662
vn 0.8948 0.4426 -0.0586
vn 0.8956 0.4426 -0.0449
vn 0.8968 0.4408 -0.0385
vn 0.8977 0.4399 -0.0252
vn 0.8984 0.4388 -0.0181
vn 0.8986 0.4389 -0.0000
vn 0.8986 0.4388 -0.0000
vn 0.4263 0.9031 -0.0513
vn 0.4311 0.9016 -0.0362
vn 0.4323 0.9014 -0.0240
vn 0.4272 0.9041 -0.0116
vn 0.4372 0.8994 -0.0000
vn 0.4272 0.9041 0.0116
vn 0.4323 0.9014 0.0240
vn 0.8984 0.4388 0.0181
vn 0.8977 0.4399 0.0252
vn 0.8968 0.4408 0.0385
vn 0.8956 0.4426 0.0449
vn 0.8948 0.4426 0.0586
vn 0.8943 0.4425 0.0662
vn 0.8939 0.4404 0.0836
vn 0.8927 0.4409 0.0936
vn 0.8910 0.4400 0.1122
vn 0.8894 0.4408 0.1209
vn 0.8888 0.4376 0.1361
vn 0.8889 0.4353 0.1427
vn -0.0508 0.8499 -0.5244
vn -0.0674 0.8438 -0.5324
vn -0.1269 0.8590 -0.4959
vn -0.1968 0.8618 -0.4675
vn -0.2837 0.8780 -0.3855
vn -0.3516 0.8662 -0.3551
vn -0.4248 0.8647 -0.2680
vn -0.4794 0.8482 -0.2253
vn -0.5240 0.8436 -0.1176
vn -0.5347 0.8429 -0.0598
vn -0.5343 0.8435 0.0545
vn -0.5318 0.8391 0.1144
vn 0.1246 0.9591 -0.2542
vn 0.1108 0.9832 -0.1449
vn 0.1285 0.9834 -0.1277
vn 0.1409 0.9871 -0.0757
vn 0.1472 0.9880 -0.0477
vn 0.1961 0.9709 0.1371
vn 0.1758 0.9757 0.1311
# 3098 vertex normals

vt 0.3652 0.5588 0.0000
vt 0.3585 0.5591 0.0000
vt 0.3651 0.5591 0.0000
vt 0.3584 0.5594 0.0000
vt 0.3583 0.5596 0.0000
vt 0.3720 0.5585 0.0000
vt 0.3719 0.5588 0.0000
vt 0.3650 0.5593 0.0000
vt 0.3718 0.5589 0.0000
vt 0.3517 0.5593 0.0000
vt 0.3523 0.5595 0.0000
vt 0.3524 0.5593 0.0000
vt 0.3521 0.5597 0.0000
vt 0.3521 0.5599 0.0000
vt 0.3781 0.5583 0.0000
vt 0.3583 0.5597 0.0000
vt 0.3650 0.5594 0.0000
vt 0.3519 0.5615 0.0000
vt 0.3581 0.5612 0.0000
vt 0.3504 0.5597 0.0000
vt 0.3509 0.5595 0.0000
vt 0.3513 0.5594 0.0000
vt 0.3509 0.5590 0.0000
vt 0.3465 0.5637 0.0000
vt 0.3487 0.5638 0.0000
vt 0.3488 0.5635 0.0000
vt 0.3517 0.5634 0.0000
vt 0.3782 0.5581 0.0000
vt 0.3793 0.5581 0.0000
vt 0.3790 0.5579 0.0000
vt 0.3647 0.5609 0.0000
vt 0.3718 0.5591 0.0000
vt 0.3782 0.5585 0.0000
vt 0.3795 0.5582 0.0000
vt 0.3799 0.5576 0.0000
vt 0.3804 0.5577 0.0000
vt 0.3803 0.5571 0.0000
vt 0.3808 0.5571 0.0000
vt 0.3804 0.5550 0.0000
vt 0.3809 0.5550 0.0000
vt 0.3800 0.5530 0.0000
vt 0.3795 0.5531 0.0000
vt 0.3714 0.5605 0.0000
vt 0.3782 0.5587 0.0000
vt 0.3800 0.5583 0.0000
vt 0.3809 0.5578 0.0000
vt 0.3815 0.5568 0.0000
vt 0.3813 0.5549 0.0000
vt 0.3804 0.5529 0.0000
vt 0.3829 0.5534 0.0000
vt 0.3787 0.5502 0.0000
vt 0.3784 0.5506 0.0000
vt 0.3780 0.5506 0.0000
vt 0.3762 0.5467 0.0000
vt 0.3757 0.5467 0.0000
vt 0.3769 0.5470 0.0000
vt 0.3741 0.5404 0.0000
vt 0.3736 0.5405 0.0000
vt 0.3747 0.5405 0.0000
vt 0.3732 0.5363 0.0000
vt 0.3728 0.5376 0.0000
vt 0.3729 0.5405 0.0000
vt 0.3733 0.5470 0.0000
vt 0.3745 0.5511 0.0000
vt 0.3758 0.5556 0.0000
vt 0.3754 0.5537 0.0000
vt 0.3793 0.5576 0.0000
vt 0.3798 0.5571 0.0000
vt 0.3761 0.5577 0.0000
vt 0.3822 0.5584 0.0000
vt 0.3755 0.5578 0.0000
vt 0.3771 0.5597 0.0000
vt 0.3752 0.5557 0.0000
vt 0.3748 0.5537 0.0000
vt 0.3738 0.5511 0.0000
vt 0.3726 0.5471 0.0000
vt 0.3777 0.5596 0.0000
vt 0.3646 0.5275 0.0000
vt 0.3631 0.5284 0.0000
vt 0.3641 0.5273 0.0000
vt 0.3620 0.5294 0.0000
vt 0.3715 0.5255 0.0000
vt 0.3687 0.5259 0.0000
vt 0.3715 0.5251 0.0000
vt 0.3688 0.5262 0.0000
vt 0.3662 0.5265 0.0000
vt 0.3685 0.5255 0.0000
vt 0.3665 0.5268 0.0000
vt 0.3651 0.5292 0.0000
vt 0.3574 0.5369 0.0000
vt 0.3614 0.5294 0.0000
vt 0.3625 0.5283 0.0000
vt 0.3584 0.5416 0.0000
vt 0.3493 0.5504 0.0000
vt 0.3533 0.5435 0.0000
vt 0.3527 0.5435 0.0000
vt 0.3567 0.5369 0.0000
vt 0.3604 0.5294 0.0000
vt 0.3617 0.5282 0.0000
vt 0.3635 0.5271 0.0000
vt 0.3658 0.5262 0.0000
vt 0.3610 0.5369 0.0000
vt 0.3478 0.5504 0.0000
vt 0.3517 0.5435 0.0000
vt 0.3487 0.5504 0.0000
vt 0.3558 0.5369 0.0000
vt 0.3453 0.5577 0.0000
vt 0.3448 0.5577 0.0000
vt 0.3440 0.5609 0.0000
vt 0.3434 0.5609 0.0000
vt 0.3439 0.5577 0.0000
vt 0.3432 0.5619 0.0000
vt 0.3424 0.5610 0.0000
vt 0.3439 0.5618 0.0000
vt 0.3437 0.5627 0.0000
vt 0.3423 0.5620 0.0000
vt 0.3484 0.5642 0.0000
vt 0.3461 0.5641 0.0000
vt 0.3442 0.5637 0.0000
vt 0.3449 0.5633 0.0000
vt 0.3428 0.5630 0.0000
vt 0.3454 0.5631 0.0000
vt 0.3466 0.5634 0.0000
vt 0.3444 0.5625 0.0000
vt 0.3517 0.5636 0.0000
vt 0.3578 0.5631 0.0000
vt 0.3578 0.5634 0.0000
vt 0.3516 0.5640 0.0000
vt 0.3642 0.5629 0.0000
vt 0.3642 0.5631 0.0000
vt 0.3577 0.5638 0.0000
vt 0.3708 0.5626 0.0000
vt 0.3707 0.5629 0.0000
vt 0.3641 0.5635 0.0000
vt 0.3784 0.5622 0.0000
vt 0.3784 0.5625 0.0000
vt 0.3706 0.5633 0.0000
vt 0.3809 0.5619 0.0000
vt 0.3811 0.5622 0.0000
vt 0.3783 0.5629 0.0000
vt 0.3830 0.5613 0.0000
vt 0.3834 0.5615 0.0000
vt 0.3783 0.5601 0.0000
vt 0.3858 0.5595 0.0000
vt 0.3861 0.5584 0.0000
vt 0.3864 0.5595 0.0000
vt 0.3860 0.5551 0.0000
vt 0.3867 0.5584 0.0000
vt 0.3739 0.5362 0.0000
vt 0.3729 0.5309 0.0000
vt 0.3721 0.5364 0.0000
vt 0.3722 0.5406 0.0000
vt 0.3812 0.5485 0.0000
vt 0.3793 0.5408 0.0000
vt 0.3781 0.5358 0.0000
vt 0.3736 0.5306 0.0000
vt 0.3708 0.5289 0.0000
vt 0.3721 0.5310 0.0000
vt 0.3703 0.5311 0.0000
vt 0.3690 0.5311 0.0000
vt 0.3684 0.5311 0.0000
vt 0.3853 0.5480 0.0000
vt 0.3866 0.5550 0.0000
vt 0.3837 0.5415 0.0000
vt 0.3859 0.5479 0.0000
vt 0.3822 0.5353 0.0000
vt 0.3843 0.5414 0.0000
vt 0.3763 0.5285 0.0000
vt 0.3791 0.5283 0.0000
vt 0.3758 0.5262 0.0000
vt 0.3774 0.5267 0.0000
vt 0.3714 0.5258 0.0000
vt 0.3736 0.5259 0.0000
vt 0.3763 0.5259 0.0000
vt 0.3853 0.5606 0.0000
vt 0.3847 0.5605 0.0000
vt 0.3838 0.5351 0.0000
vt 0.3852 0.5413 0.0000
vt 0.3829 0.5352 0.0000
vt 0.3868 0.5478 0.0000
vt 0.3875 0.5549 0.0000
vt 0.3877 0.5583 0.0000
vt 0.3873 0.5595 0.0000
vt 0.3860 0.5607 0.0000
vt 0.3839 0.5618 0.0000
vt 0.3813 0.5625 0.0000
vt 0.3556 0.5529 0.0000
vt 0.3599 0.5544 0.0000
vt 0.3539 0.5550 0.0000
vt 0.3775 0.5519 0.0000
vt 0.3759 0.5493 0.0000
vt 0.3782 0.5518 0.0000
vt 0.3726 0.5538 0.0000
vt 0.3663 0.5541 0.0000
vt 0.3672 0.5498 0.0000
vt 0.3581 0.5501 0.0000
vt 0.3574 0.5502 0.0000
vt 0.3549 0.5528 0.0000
vt 0.3532 0.5549 0.0000
vt 0.3519 0.5570 0.0000
vt 0.3526 0.5569 0.0000
vt 0.3511 0.5592 0.0000
vt 0.3594 0.5566 0.0000
vt 0.3590 0.5588 0.0000
vt 0.3658 0.5564 0.0000
vt 0.3653 0.5585 0.0000
vt 0.3721 0.5561 0.0000
vt 0.3741 0.5453 0.0000
vt 0.3767 0.5493 0.0000
vt 0.3784 0.5538 0.0000
vt 0.3504 0.5592 0.0000
vt 0.3790 0.5558 0.0000
vt 0.3797 0.5579 0.0000
vt 0.3717 0.5582 0.0000
vt 0.3804 0.5578 0.0000
vt 0.3797 0.5557 0.0000
vt 0.3791 0.5537 0.0000
vt 0.3504 0.5564 0.0000
vt 0.3508 0.5565 0.0000
vt 0.3501 0.5586 0.0000
vt 0.3524 0.5544 0.0000
vt 0.3533 0.5503 0.0000
vt 0.3493 0.5553 0.0000
vt 0.3496 0.5584 0.0000
vt 0.3520 0.5543 0.0000
vt 0.3548 0.5514 0.0000
vt 0.3549 0.5517 0.0000
vt 0.3529 0.5543 0.0000
vt 0.3512 0.5565 0.0000
vt 0.3506 0.5585 0.0000
vt 0.3577 0.5480 0.0000
vt 0.3586 0.5475 0.0000
vt 0.3554 0.5517 0.0000
vt 0.3570 0.5542 0.0000
vt 0.3558 0.5563 0.0000
vt 0.3548 0.5584 0.0000
vt 0.3512 0.5584 0.0000
vt 0.3553 0.5584 0.0000
vt 0.3525 0.5606 0.0000
vt 0.3485 0.5602 0.0000
vt 0.3532 0.5606 0.0000
vt 0.3575 0.5542 0.0000
vt 0.3563 0.5563 0.0000
vt 0.3588 0.5516 0.0000
vt 0.3595 0.5516 0.0000
vt 0.3591 0.5475 0.0000
vt 0.3615 0.5474 0.0000
vt 0.3628 0.5409 0.0000
vt 0.3635 0.5409 0.0000
vt 0.3622 0.5410 0.0000
vt 0.3650 0.5367 0.0000
vt 0.3657 0.5367 0.0000
vt 0.3678 0.5309 0.0000
vt 0.3621 0.5474 0.0000
vt 0.3644 0.5409 0.0000
vt 0.3650 0.5408 0.0000
vt 0.3659 0.5374 0.0000
vt 0.3669 0.5366 0.0000
vt 0.3739 0.5255 0.0000
vt 0.3779 0.5264 0.0000
vt 0.3792 0.5273 0.0000
vt 0.3786 0.5274 0.0000
vt 0.3798 0.5282 0.0000
vt 0.3743 0.5251 0.0000
vt 0.3768 0.5255 0.0000
vt 0.3787 0.5261 0.0000
vt 0.3801 0.5270 0.0000
vt 0.3808 0.5281 0.0000
vt 0.3726 0.5346 0.0000
vt 0.3701 0.5348 0.0000
vt 0.3727 0.5293 0.0000
vt 0.3709 0.5294 0.0000
vt 0.3693 0.5390 0.0000
vt 0.3653 0.5392 0.0000
vt 0.3729 0.5389 0.0000
vt 0.3680 0.5456 0.0000
vt 0.3614 0.5459 0.0000
vt 0.3675 0.5349 0.0000
vt 0.3696 0.5294 0.0000
vt 0.3607 0.5459 0.0000
vt 0.3646 0.5392 0.0000
vt 0.3668 0.5350 0.0000
vt 0.3689 0.5294 0.0000
vt 0.3748 0.5453 0.0000
vt 0.3736 0.5388 0.0000
vt 0.3733 0.5345 0.0000
vt 0.3734 0.5292 0.0000
vt 0.3503 0.5591 0.0000
vt 0.3497 0.5593 0.0000
vt 0.3516 0.5589 0.0000
vt 0.3806 0.5571 0.0000
vt 0.3821 0.5577 0.0000
vt 0.3725 0.5574 0.0000
vt 0.3656 0.5577 0.0000
vt 0.3587 0.5580 0.0000
vt 0.3513 0.5585 0.0000
vt 0.3490 0.5592 0.0000
vt 0.3482 0.5599 0.0000
vt 0.3617 0.5260 0.0000
vt 0.3598 0.5271 0.0000
vt 0.3606 0.5272 0.0000
vt 0.3541 0.5344 0.0000
vt 0.3549 0.5345 0.0000
vt 0.3503 0.5408 0.0000
vt 0.3512 0.5409 0.0000
vt 0.3464 0.5478 0.0000
vt 0.3471 0.5479 0.0000
vt 0.3427 0.5552 0.0000
vt 0.3436 0.5552 0.0000
vt 0.3412 0.5585 0.0000
vt 0.3420 0.5586 0.0000
vt 0.3409 0.5597 0.0000
vt 0.3418 0.5598 0.0000
vt 0.3420 0.5610 0.0000
vt 0.3427 0.5609 0.0000
vt 0.3403 0.5597 0.0000
vt 0.3405 0.5586 0.0000
vt 0.3372 0.5596 0.0000
vt 0.3420 0.5551 0.0000
vt 0.3383 0.5549 0.0000
vt 0.3455 0.5477 0.0000
vt 0.3438 0.5475 0.0000
vt 0.3497 0.5408 0.0000
vt 0.3466 0.5406 0.0000
vt 0.3534 0.5343 0.0000
vt 0.3497 0.5340 0.0000
vt 0.3591 0.5271 0.0000
vt 0.3529 0.5271 0.0000
vt 0.3414 0.5612 0.0000
vt 0.3381 0.5631 0.0000
vt 0.3429 0.5622 0.0000
vt 0.3436 0.5620 0.0000
vt 0.3445 0.5644 0.0000
vt 0.3456 0.5629 0.0000
vt 0.3398 0.5472 0.0000
vt 0.3317 0.5546 0.0000
vt 0.3317 0.5628 0.0000
vt 0.3346 0.5713 0.0000
vt 0.3401 0.5709 0.0000
vt 0.3456 0.5708 0.0000
vt 0.3497 0.5647 0.0000
vt 0.3513 0.5706 0.0000
vt 0.3572 0.5647 0.0000
vt 0.3572 0.5632 0.0000
vt 0.3570 0.5705 0.0000
vt 0.3629 0.5704 0.0000
vt 0.3636 0.5647 0.0000
vt 0.3260 0.5544 0.0000
vt 0.3260 0.5628 0.0000
vt 0.3296 0.5716 0.0000
vt 0.3348 0.5796 0.0000
vt 0.3390 0.5790 0.0000
vt 0.3434 0.5783 0.0000
vt 0.3480 0.5779 0.0000
vt 0.3526 0.5775 0.0000
vt 0.3574 0.5772 0.0000
vt 0.3275 0.5466 0.0000
vt 0.3212 0.5542 0.0000
vt 0.3214 0.5628 0.0000
vt 0.3252 0.5720 0.0000
vt 0.3309 0.5804 0.0000
vt 0.3410 0.5859 0.0000
vt 0.3441 0.5849 0.0000
vt 0.3471 0.5840 0.0000
vt 0.3507 0.5836 0.0000
vt 0.3469 0.5902 0.0000
vt 0.3377 0.5868 0.0000
vt 0.3439 0.5914 0.0000
vt 0.3265 0.5813 0.0000
vt 0.3324 0.5880 0.0000
vt 0.3214 0.5731 0.0000
vt 0.3188 0.5761 0.0000
vt 0.3153 0.5629 0.0000
vt 0.3124 0.5740 0.0000
vt 0.3152 0.5540 0.0000
vt 0.3034 0.5631 0.0000
vt 0.3229 0.5464 0.0000
vt 0.3253 0.5394 0.0000
vt 0.3299 0.5395 0.0000
vt 0.3281 0.5330 0.0000
vt 0.2974 0.5455 0.0000
vt 0.3056 0.5539 0.0000
vt 0.3080 0.5459 0.0000
vt 0.3012 0.5739 0.0000
vt 0.3208 0.5829 0.0000
vt 0.3243 0.5897 0.0000
vt 0.3122 0.5835 0.0000
vt 0.2997 0.5847 0.0000
vt 0.2876 0.5747 0.0000
vt 0.2848 0.5862 0.0000
vt 0.2740 0.5755 0.0000
vt 0.2694 0.5878 0.0000
vt 0.2608 0.5763 0.0000
vt 0.2547 0.5892 0.0000
vt 0.2541 0.5893 0.0000
vt 0.2490 0.6005 0.0000
vt 0.2484 0.6005 0.0000
vt 0.2447 0.6094 0.0000
vt 0.2911 0.5632 0.0000
vt 0.2786 0.5635 0.0000
vt 0.2672 0.5637 0.0000
vt 0.2602 0.5763 0.0000
vt 0.2534 0.5893 0.0000
vt 0.2477 0.5894 0.0000
vt 0.2427 0.6006 0.0000
vt 0.2472 0.5769 0.0000
vt 0.2534 0.5767 0.0000
vt 0.2531 0.5647 0.0000
vt 0.2595 0.5763 0.0000
vt 0.2595 0.5643 0.0000
vt 0.2665 0.5637 0.0000
vt 0.2659 0.5638 0.0000
vt 0.2724 0.5535 0.0000
vt 0.2718 0.5535 0.0000
vt 0.2830 0.5536 0.0000
vt 0.2770 0.5451 0.0000
vt 0.2942 0.5537 0.0000
vt 0.2869 0.5453 0.0000
vt 0.2479 0.5651 0.0000
vt 0.2711 0.5535 0.0000
vt 0.2650 0.5540 0.0000
vt 0.2586 0.5543 0.0000
vt 0.2535 0.5547 0.0000
vt 0.2487 0.5551 0.0000
vt 0.2432 0.5651 0.0000
vt 0.2439 0.5555 0.0000
vt 0.2489 0.5465 0.0000
vt 0.2441 0.5468 0.0000
vt 0.2482 0.5390 0.0000
vt 0.2535 0.5388 0.0000
vt 0.2540 0.5461 0.0000
vt 0.2581 0.5386 0.0000
vt 0.2586 0.5458 0.0000
vt 0.2636 0.5456 0.0000
vt 0.2698 0.5454 0.0000
vt 0.2757 0.5451 0.0000
vt 0.2764 0.5451 0.0000
vt 0.2803 0.5380 0.0000
vt 0.2810 0.5380 0.0000
vt 0.2847 0.5316 0.0000
vt 0.2904 0.5383 0.0000
vt 0.3007 0.5385 0.0000
vt 0.2939 0.5319 0.0000
vt 0.3108 0.5388 0.0000
vt 0.3040 0.5322 0.0000
vt 0.3170 0.5461 0.0000
vt 0.3196 0.5392 0.0000
vt 0.3004 0.5066 0.0000
vt 0.3051 0.5134 0.0000
vt 0.3094 0.5068 0.0000
vt 0.3147 0.5138 0.0000
vt 0.3191 0.5072 0.0000
vt 0.3108 0.5201 0.0000
vt 0.3204 0.5205 0.0000
vt 0.3244 0.5142 0.0000
vt 0.3172 0.5265 0.0000
vt 0.3255 0.5267 0.0000
vt 0.3288 0.5209 0.0000
vt 0.3227 0.5328 0.0000
vt 0.3141 0.5325 0.0000
vt 0.3310 0.5270 0.0000
vt 0.3142 0.5003 0.0000
vt 0.3050 0.4999 0.0000
vt 0.3098 0.4934 0.0000
vt 0.3044 0.4999 0.0000
vt 0.2998 0.5066 0.0000
vt 0.3328 0.5332 0.0000
vt 0.3356 0.5271 0.0000
vt 0.3343 0.5210 0.0000
vt 0.3327 0.5146 0.0000
vt 0.3290 0.5077 0.0000
vt 0.3241 0.5007 0.0000
vt 0.3193 0.4938 0.0000
vt 0.3147 0.4872 0.0000
vt 0.3340 0.5012 0.0000
vt 0.3371 0.5081 0.0000
vt 0.3382 0.5149 0.0000
vt 0.3428 0.5085 0.0000
vt 0.3389 0.5212 0.0000
vt 0.3426 0.5151 0.0000
vt 0.3411 0.5274 0.0000
vt 0.3442 0.5215 0.0000
vt 0.3385 0.5334 0.0000
vt 0.3444 0.5337 0.0000
vt 0.3358 0.5398 0.0000
vt 0.3420 0.5402 0.0000
vt 0.3334 0.5468 0.0000
vt 0.3472 0.5273 0.0000
vt 0.3496 0.5219 0.0000
vt 0.3477 0.5153 0.0000
vt 0.3470 0.5087 0.0000
vt 0.3481 0.5021 0.0000
vt 0.3424 0.5017 0.0000
vt 0.3452 0.4889 0.0000
vt 0.3480 0.4955 0.0000
vt 0.3540 0.4897 0.0000
vt 0.3538 0.4959 0.0000
vt 0.3522 0.5023 0.0000
vt 0.3516 0.5090 0.0000
vt 0.3527 0.5156 0.0000
vt 0.3551 0.5222 0.0000
vt 0.3606 0.5254 0.0000
vt 0.3611 0.5257 0.0000
vt 0.3630 0.5247 0.0000
vt 0.3597 0.4847 0.0000
vt 0.3595 0.4902 0.0000
vt 0.3577 0.4962 0.0000
vt 0.3564 0.5025 0.0000
vt 0.3564 0.5093 0.0000
vt 0.3580 0.5159 0.0000
vt 0.3606 0.5223 0.0000
vt 0.3628 0.5244 0.0000
vt 0.3661 0.5226 0.0000
vt 0.3632 0.4907 0.0000
vt 0.3658 0.4913 0.0000
vt 0.3612 0.4965 0.0000
vt 0.3606 0.5028 0.0000
vt 0.3613 0.5095 0.0000
vt 0.3630 0.5162 0.0000
vt 0.3679 0.5164 0.0000
vt 0.3700 0.5101 0.0000
vt 0.3725 0.5165 0.0000
vt 0.3712 0.5228 0.0000
vt 0.3764 0.5228 0.0000
vt 0.3680 0.4864 0.0000
vt 0.3700 0.4875 0.0000
vt 0.3707 0.4890 0.0000
vt 0.3682 0.4919 0.0000
vt 0.3645 0.4968 0.0000
vt 0.3680 0.4972 0.0000
vt 0.3645 0.5032 0.0000
vt 0.3713 0.4974 0.0000
vt 0.3685 0.5035 0.0000
vt 0.3656 0.5098 0.0000
vt 0.3720 0.5037 0.0000
vt 0.3742 0.4977 0.0000
vt 0.3711 0.4921 0.0000
vt 0.3755 0.5039 0.0000
vt 0.3740 0.5103 0.0000
vt 0.3782 0.5104 0.0000
vt 0.3790 0.5040 0.0000
vt 0.3823 0.5104 0.0000
vt 0.3825 0.5039 0.0000
vt 0.3867 0.5103 0.0000
vt 0.3865 0.5038 0.0000
vt 0.3911 0.5101 0.0000
vt 0.3902 0.5036 0.0000
vt 0.3858 0.4977 0.0000
vt 0.3891 0.4977 0.0000
vt 0.3854 0.4926 0.0000
vt 0.3955 0.5099 0.0000
vt 0.3940 0.5034 0.0000
vt 0.3966 0.5163 0.0000
vt 0.4012 0.5162 0.0000
vt 0.3918 0.5164 0.0000
vt 0.3975 0.5225 0.0000
vt 0.3870 0.5165 0.0000
vt 0.3922 0.5226 0.0000
vt 0.3821 0.5166 0.0000
vt 0.3870 0.5227 0.0000
vt 0.3773 0.5166 0.0000
vt 0.3817 0.5228 0.0000
vt 0.3999 0.5097 0.0000
vt 0.3981 0.5033 0.0000
vt 0.3839 0.5349 0.0000
vt 0.3822 0.5277 0.0000
vt 0.3833 0.5349 0.0000
vt 0.3872 0.5282 0.0000
vt 0.3808 0.5258 0.0000
vt 0.3813 0.5276 0.0000
vt 0.3793 0.5248 0.0000
vt 0.3804 0.5261 0.0000
vt 0.3771 0.5240 0.0000
vt 0.3789 0.5250 0.0000
vt 0.3745 0.5234 0.0000
vt 0.3742 0.5236 0.0000
vt 0.3712 0.5231 0.0000
vt 0.3681 0.5233 0.0000
vt 0.3712 0.5234 0.0000
vt 0.3650 0.5237 0.0000
vt 0.3681 0.5236 0.0000
vt 0.3652 0.5240 0.0000
vt 0.3769 0.5243 0.0000
vt 0.3635 0.5250 0.0000
vt 0.3657 0.5243 0.0000
vt 0.3683 0.5239 0.0000
vt 0.3712 0.5237 0.0000
vt 0.3740 0.5240 0.0000
vt 0.3764 0.5246 0.0000
vt 0.3784 0.5253 0.0000
vt 0.3800 0.5264 0.0000
vt 0.3806 0.5276 0.0000
vt 0.3824 0.5350 0.0000
vt 0.3842 0.5416 0.0000
vt 0.3848 0.5415 0.0000
vt 0.3857 0.5485 0.0000
vt 0.3864 0.5485 0.0000
vt 0.3868 0.5559 0.0000
vt 0.3875 0.5559 0.0000
vt 0.3855 0.5415 0.0000
vt 0.3888 0.5414 0.0000
vt 0.3870 0.5485 0.0000
vt 0.3884 0.5558 0.0000
vt 0.3910 0.5558 0.0000
vt 0.3879 0.5592 0.0000
vt 0.3886 0.5593 0.0000
vt 0.3816 0.5645 0.0000
vt 0.3853 0.5623 0.0000
vt 0.3827 0.5629 0.0000
vt 0.3879 0.5635 0.0000
vt 0.3871 0.5615 0.0000
vt 0.3866 0.5613 0.0000
vt 0.3901 0.5603 0.0000
vt 0.3884 0.5603 0.0000
vt 0.3921 0.5483 0.0000
vt 0.3874 0.5348 0.0000
vt 0.3877 0.5602 0.0000
vt 0.3849 0.5621 0.0000
vt 0.3827 0.5626 0.0000
vt 0.3805 0.5628 0.0000
vt 0.3807 0.5631 0.0000
vt 0.3767 0.5628 0.0000
vt 0.3765 0.5632 0.0000
vt 0.3704 0.5628 0.0000
vt 0.3704 0.5632 0.0000
vt 0.3761 0.5646 0.0000
vt 0.3699 0.5647 0.0000
vt 0.3638 0.5632 0.0000
vt 0.3495 0.5632 0.0000
vt 0.3638 0.5629 0.0000
vt 0.3572 0.5629 0.0000
vt 0.3495 0.5629 0.0000
vt 0.3460 0.5626 0.0000
vt 0.3767 0.5626 0.0000
vt 0.3706 0.5626 0.0000
vt 0.3640 0.5626 0.0000
vt 0.3574 0.5626 0.0000
vt 0.3495 0.5627 0.0000
vt 0.3467 0.5624 0.0000
vt 0.3442 0.5619 0.0000
vt 0.3873 0.5592 0.0000
vt 0.3871 0.5603 0.0000
vt 0.3860 0.5611 0.0000
vt 0.3844 0.5619 0.0000
vt 0.3824 0.5623 0.0000
vt 0.3800 0.5625 0.0000
vt 0.7107 0.4765 0.0000
vt 0.7090 0.4816 0.0000
vt 0.7149 0.4818 0.0000
vt 0.7032 0.4615 0.0000
vt 0.7076 0.4663 0.0000
vt 0.7083 0.4664 0.0000
vt 0.7019 0.4660 0.0000
vt 0.7063 0.4713 0.0000
vt 0.7120 0.4715 0.0000
vt 0.7129 0.4715 0.0000
vt 0.7164 0.4767 0.0000
vt 0.7171 0.4767 0.0000
vt 0.7208 0.4819 0.0000
vt 0.7215 0.4820 0.0000
vt 0.7193 0.4874 0.0000
vt 0.7252 0.4874 0.0000
vt 0.7259 0.4874 0.0000
vt 0.7176 0.4998 0.0000
vt 0.7224 0.4997 0.0000
vt 0.7178 0.4933 0.0000
vt 0.7239 0.4933 0.0000
vt 0.7286 0.4996 0.0000
vt 0.7296 0.4932 0.0000
vt 0.7345 0.4995 0.0000
vt 0.7351 0.4995 0.0000
vt 0.7305 0.4932 0.0000
vt 0.7134 0.4873 0.0000
vt 0.7130 0.4933 0.0000
vt 0.7086 0.4872 0.0000
vt 0.7086 0.4932 0.0000
vt 0.7132 0.4998 0.0000
vt 0.7042 0.4872 0.0000
vt 0.7042 0.4932 0.0000
vt 0.7088 0.4998 0.0000
vt 0.6996 0.4872 0.0000
vt 0.6991 0.4932 0.0000
vt 0.7038 0.4998 0.0000
vt 0.6945 0.4871 0.0000
vt 0.6932 0.4932 0.0000
vt 0.6980 0.4998 0.0000
vt 0.6886 0.4871 0.0000
vt 0.6815 0.4871 0.0000
vt 0.6871 0.4932 0.0000
vt 0.6822 0.4871 0.0000
vt 0.6877 0.4932 0.0000
vt 0.6829 0.4871 0.0000
vt 0.6926 0.4998 0.0000
vt 0.7084 0.5064 0.0000
vt 0.7027 0.5064 0.0000
vt 0.7071 0.5130 0.0000
vt 0.6974 0.5064 0.0000
vt 0.7016 0.5130 0.0000
vt 0.6919 0.4998 0.0000
vt 0.6967 0.5064 0.0000
vt 0.6864 0.4932 0.0000
vt 0.6912 0.4998 0.0000
vt 0.6770 0.4937 0.0000
vt 0.6820 0.5002 0.0000
vt 0.6717 0.4874 0.0000
vt 0.6669 0.4942 0.0000
vt 0.6721 0.5005 0.0000
vt 0.6614 0.4880 0.0000
vt 0.6568 0.4947 0.0000
vt 0.6623 0.5011 0.0000
vt 0.6510 0.4888 0.0000
vt 0.6231 0.4854 0.0000
vt 0.6282 0.4863 0.0000
vt 0.6247 0.4837 0.0000
vt 0.6315 0.4855 0.0000
vt 0.6273 0.4824 0.0000
vt 0.6368 0.4901 0.0000
vt 0.6368 0.4846 0.0000
vt 0.6423 0.4896 0.0000
vt 0.6451 0.4833 0.0000
vt 0.6315 0.4808 0.0000
vt 0.6552 0.4819 0.0000
vt 0.6385 0.4781 0.0000
vt 0.6662 0.4813 0.0000
vt 0.6596 0.4750 0.0000
vt 0.6765 0.4811 0.0000
vt 0.6714 0.4751 0.0000
vt 0.6774 0.4811 0.0000
vt 0.6482 0.4954 0.0000
vt 0.6539 0.5016 0.0000
vt 0.6427 0.4958 0.0000
vt 0.6484 0.5019 0.0000
vt 0.6385 0.4961 0.0000
vt 0.6443 0.5022 0.0000
vt 0.6330 0.4905 0.0000
vt 0.6304 0.4912 0.0000
vt 0.6262 0.4874 0.0000
vt 0.6231 0.4880 0.0000
vt 0.6258 0.4889 0.0000
vt 0.6207 0.4877 0.0000
vt 0.6223 0.4920 0.0000
vt 0.6251 0.4920 0.0000
vt 0.6201 0.4921 0.0000
vt 0.6221 0.4976 0.0000
vt 0.6208 0.5038 0.0000
vt 0.6223 0.5102 0.0000
vt 0.6265 0.5100 0.0000
vt 0.6181 0.5103 0.0000
vt 0.6239 0.5164 0.0000
vt 0.6243 0.5036 0.0000
vt 0.6192 0.4978 0.0000
vt 0.6166 0.4978 0.0000
vt 0.6179 0.4922 0.0000
vt 0.6157 0.4923 0.0000
vt 0.6185 0.4876 0.0000
vt 0.6168 0.4876 0.0000
vt 0.6207 0.4847 0.0000
vt 0.6181 0.4841 0.0000
vt 0.6218 0.4823 0.0000
vt 0.6249 0.4973 0.0000
vt 0.6278 0.5034 0.0000
vt 0.6317 0.5031 0.0000
vt 0.6307 0.5097 0.0000
vt 0.6350 0.5094 0.0000
vt 0.6333 0.5161 0.0000
vt 0.6285 0.5163 0.0000
vt 0.6302 0.5225 0.0000
vt 0.6252 0.5227 0.0000
vt 0.6283 0.5232 0.0000
vt 0.6282 0.4971 0.0000
vt 0.6350 0.4964 0.0000
vt 0.6399 0.5091 0.0000
vt 0.6357 0.5027 0.0000
vt 0.6317 0.4967 0.0000
vt 0.6280 0.4918 0.0000
vt 0.6399 0.5024 0.0000
vt 0.6447 0.5089 0.0000
vt 0.6524 0.5214 0.0000
vt 0.6537 0.5149 0.0000
vt 0.6489 0.5152 0.0000
vt 0.6493 0.5086 0.0000
vt 0.6537 0.5084 0.0000
vt 0.6592 0.5080 0.0000
vt 0.6675 0.5075 0.0000
vt 0.6575 0.5211 0.0000
vt 0.6581 0.5147 0.0000
vt 0.6636 0.5145 0.0000
vt 0.6719 0.5141 0.0000
vt 0.6621 0.5209 0.0000
vt 0.6676 0.5207 0.0000
vt 0.6608 0.5270 0.0000
vt 0.6654 0.5269 0.0000
vt 0.6553 0.5273 0.0000
vt 0.6579 0.5333 0.0000
vt 0.6636 0.5331 0.0000
vt 0.6772 0.5071 0.0000
vt 0.6608 0.5397 0.0000
vt 0.6665 0.5394 0.0000
vt 0.6683 0.5329 0.0000
vt 0.6709 0.5266 0.0000
vt 0.6759 0.5203 0.0000
vt 0.6816 0.5136 0.0000
vt 0.6869 0.5067 0.0000
vt 0.6711 0.5392 0.0000
vt 0.6740 0.5327 0.0000
vt 0.6792 0.5263 0.0000
vt 0.6856 0.5200 0.0000
vt 0.6913 0.5132 0.0000
vt 0.6959 0.5064 0.0000
vt 0.6768 0.5390 0.0000
vt 0.6825 0.5323 0.0000
vt 0.6891 0.5260 0.0000
vt 0.6952 0.5196 0.0000
vt 0.7003 0.5130 0.0000
vt 0.7009 0.5130 0.0000
vt 0.6856 0.5388 0.0000
vt 0.6924 0.5320 0.0000
vt 0.6990 0.5257 0.0000
vt 0.7042 0.5193 0.0000
vt 0.7051 0.5193 0.0000
vt 0.7058 0.5193 0.0000
vt 0.7025 0.5317 0.0000
vt 0.7082 0.5254 0.0000
vt 0.7089 0.5254 0.0000
vt 0.7095 0.5254 0.0000
vt 0.7113 0.5194 0.0000
vt 0.7130 0.5130 0.0000
vt 0.7134 0.5064 0.0000
vt 0.7178 0.5130 0.0000
vt 0.7178 0.5064 0.0000
vt 0.7124 0.5315 0.0000
vt 0.7130 0.5315 0.0000
vt 0.7150 0.5255 0.0000
vt 0.7170 0.5194 0.0000
vt 0.7222 0.5063 0.0000
vt 0.7224 0.5130 0.0000
vt 0.7220 0.5195 0.0000
vt 0.7209 0.5256 0.0000
vt 0.7188 0.5315 0.0000
vt 0.7168 0.5378 0.0000
vt 0.7161 0.5378 0.0000
vt 0.7117 0.5315 0.0000
vt 0.7273 0.5063 0.0000
vt 0.7268 0.5130 0.0000
vt 0.7266 0.5195 0.0000
vt 0.7260 0.5257 0.0000
vt 0.7247 0.5316 0.0000
vt 0.7225 0.5380 0.0000
vt 0.7210 0.5449 0.0000
vt 0.7334 0.5061 0.0000
vt 0.7317 0.5129 0.0000
vt 0.7310 0.5195 0.0000
vt 0.7306 0.5257 0.0000
vt 0.7297 0.5317 0.0000
vt 0.7286 0.5381 0.0000
vt 0.7267 0.5452 0.0000
vt 0.7400 0.5060 0.0000
vt 0.7393 0.5060 0.0000
vt 0.7448 0.5127 0.0000
vt 0.7380 0.5128 0.0000
vt 0.7440 0.5127 0.0000
vt 0.7361 0.5194 0.0000
vt 0.7422 0.5191 0.0000
vt 0.7350 0.5257 0.0000
vt 0.7398 0.5253 0.0000
vt 0.7343 0.5318 0.0000
vt 0.7390 0.5319 0.0000
vt 0.7337 0.5383 0.0000
vt 0.7383 0.5385 0.0000
vt 0.7328 0.5454 0.0000
vt 0.7379 0.5457 0.0000
vt 0.7459 0.5128 0.0000
vt 0.7501 0.5188 0.0000
vt 0.7490 0.5187 0.0000
vt 0.7530 0.5229 0.0000
vt 0.7514 0.5232 0.0000
vt 0.7484 0.5188 0.0000
vt 0.7457 0.5243 0.0000
vt 0.7490 0.5279 0.0000
vt 0.7447 0.5313 0.0000
vt 0.7429 0.5386 0.0000
vt 0.7427 0.5459 0.0000
vt 0.7430 0.5545 0.0000
vt 0.7379 0.5542 0.0000
vt 0.7434 0.5645 0.0000
vt 0.7370 0.5641 0.0000
vt 0.7432 0.5765 0.0000
vt 0.7475 0.5463 0.0000
vt 0.7478 0.5549 0.0000
vt 0.7528 0.5553 0.0000
vt 0.7487 0.5649 0.0000
vt 0.7494 0.5767 0.0000
vt 0.7490 0.5892 0.0000
vt 0.7432 0.5891 0.0000
vt 0.7483 0.6003 0.0000
vt 0.7426 0.5891 0.0000
vt 0.7477 0.6003 0.0000
vt 0.7419 0.5890 0.0000
vt 0.7470 0.6002 0.0000
vt 0.7308 0.5982 0.0000
vt 0.7533 0.5649 0.0000
vt 0.7575 0.5644 0.0000
vt 0.7586 0.5756 0.0000
vt 0.7546 0.5767 0.0000
vt 0.7549 0.5891 0.0000
vt 0.7540 0.6004 0.0000
vt 0.7595 0.6004 0.0000
vt 0.7521 0.6092 0.0000
vt 0.7514 0.6092 0.0000
vt 0.7508 0.6091 0.0000
vt 0.7599 0.5888 0.0000
vt 0.7650 0.5884 0.0000
vt 0.7635 0.6002 0.0000
vt 0.7659 0.5999 0.0000
vt 0.7657 0.6092 0.0000
vt 0.7631 0.6095 0.0000
vt 0.7672 0.6146 0.0000
vt 0.7578 0.6094 0.0000
vt 0.7545 0.6152 0.0000
vt 0.7541 0.6152 0.0000
vt 0.7534 0.6151 0.0000
vt 0.7347 0.6142 0.0000
vt 0.7372 0.6204 0.0000
vt 0.7165 0.6216 0.0000
vt 0.7304 0.6298 0.0000
vt 0.7429 0.6267 0.0000
vt 0.7495 0.6323 0.0000
vt 0.7414 0.6357 0.0000
vt 0.7552 0.6364 0.0000
vt 0.7604 0.6153 0.0000
vt 0.7565 0.6198 0.0000
vt 0.7620 0.6197 0.0000
vt 0.7558 0.6199 0.0000
vt 0.7552 0.6199 0.0000
vt 0.7574 0.6249 0.0000
vt 0.7596 0.6304 0.0000
vt 0.7600 0.6303 0.0000
vt 0.7618 0.6365 0.0000
vt 0.7517 0.6400 0.0000
vt 0.7642 0.6429 0.0000
vt 0.7350 0.6403 0.0000
vt 0.7580 0.6248 0.0000
vt 0.7607 0.6304 0.0000
vt 0.7631 0.6366 0.0000
vt 0.7624 0.6365 0.0000
vt 0.7651 0.6421 0.0000
vt 0.7585 0.6247 0.0000
vt 0.7633 0.6242 0.0000
vt 0.7644 0.6280 0.0000
vt 0.7650 0.6151 0.0000
vt 0.7684 0.6310 0.0000
vt 0.7684 0.6273 0.0000
vt 0.7681 0.6235 0.0000
vt 0.7679 0.6196 0.0000
vt 0.7668 0.6094 0.0000
vt 0.7684 0.6369 0.0000
vt 0.7684 0.6342 0.0000
vt 0.7679 0.6369 0.0000
vt 0.7688 0.6344 0.0000
vt 0.7688 0.6311 0.0000
vt 0.7688 0.6272 0.0000
vt 0.7686 0.6235 0.0000
vt 0.7683 0.6196 0.0000
vt 0.7679 0.6155 0.0000
vt 0.7674 0.6095 0.0000
vt 0.7665 0.5999 0.0000
vt 0.7681 0.6105 0.0000
vt 0.7676 0.6041 0.0000
vt 0.7683 0.6155 0.0000
vt 0.7686 0.6196 0.0000
vt 0.7690 0.6236 0.0000
vt 0.7690 0.6274 0.0000
vt 0.7692 0.6313 0.0000
vt 0.7690 0.6346 0.0000
vt 0.7686 0.6371 0.0000
vt 0.7672 0.5969 0.0000
vt 0.7656 0.5884 0.0000
vt 0.7667 0.5896 0.0000
vt 0.7645 0.5769 0.0000
vt 0.7661 0.5819 0.0000
vt 0.7652 0.5738 0.0000
vt 0.7634 0.5660 0.0000
vt 0.7645 0.5654 0.0000
vt 0.7623 0.5566 0.0000
vt 0.7634 0.5569 0.0000
vt 0.7612 0.5478 0.0000
vt 0.7625 0.5482 0.0000
vt 0.7598 0.5388 0.0000
vt 0.7636 0.5760 0.0000
vt 0.7625 0.5658 0.0000
vt 0.7614 0.5557 0.0000
vt 0.7605 0.5476 0.0000
vt 0.7592 0.5388 0.0000
vt 0.7580 0.5298 0.0000
vt 0.7608 0.5727 0.0000
vt 0.7568 0.5550 0.0000
vt 0.7524 0.5466 0.0000
vt 0.7590 0.5531 0.0000
vt 0.7565 0.5466 0.0000
vt 0.7539 0.5388 0.0000
vt 0.7482 0.5388 0.0000
vt 0.7519 0.5323 0.0000
vt 0.7521 0.5292 0.0000
vt 0.7558 0.5283 0.0000
vt 0.7565 0.5281 0.0000
vt 0.7539 0.5262 0.0000
vt 0.7583 0.5293 0.0000
vt 0.7585 0.5296 0.0000
vt 0.7587 0.5299 0.0000
vt 0.7521 0.5230 0.0000
vt 0.7554 0.5259 0.0000
vt 0.7543 0.5260 0.0000
vt 0.7578 0.5281 0.0000
vt 0.7598 0.5296 0.0000
vt 0.7602 0.5298 0.0000
vt 0.7602 0.5301 0.0000
vt 0.7614 0.5391 0.0000
vt 0.3722 0.5835 0.0000
vt 0.3728 0.5867 0.0000
vt 0.3750 0.5837 0.0000
vt 0.3790 0.5783 0.0000
vt 0.3825 0.5790 0.0000
vt 0.3777 0.5844 0.0000
vt 0.3735 0.5882 0.0000
vt 0.3702 0.5877 0.0000
vt 0.3704 0.5905 0.0000
vt 0.3676 0.5880 0.0000
vt 0.3676 0.5916 0.0000
vt 0.3645 0.5882 0.0000
vt 0.3645 0.5923 0.0000
vt 0.3654 0.5832 0.0000
vt 0.3619 0.5831 0.0000
vt 0.3689 0.5834 0.0000
vt 0.3542 0.5834 0.0000
vt 0.3581 0.5832 0.0000
vt 0.3623 0.5771 0.0000
vt 0.3669 0.5772 0.0000
vt 0.3713 0.5776 0.0000
vt 0.3752 0.5779 0.0000
vt 0.3616 0.5883 0.0000
vt 0.3586 0.5883 0.0000
vt 0.3586 0.5923 0.0000
vt 0.3555 0.5881 0.0000
vt 0.3555 0.5917 0.0000
vt 0.3524 0.5880 0.0000
vt 0.3496 0.5871 0.0000
vt 0.3489 0.5889 0.0000
vt 0.3524 0.5909 0.0000
vt 0.3511 0.5928 0.0000
vt 0.3382 0.5931 0.0000
vt 0.3485 0.5943 0.0000
vt 0.3544 0.5943 0.0000
vt 0.3614 0.5959 0.0000
vt 0.3579 0.5954 0.0000
vt 0.3568 0.5976 0.0000
vt 0.3524 0.5962 0.0000
vt 0.3426 0.5967 0.0000
vt 0.3281 0.5960 0.0000
vt 0.3131 0.5918 0.0000
vt 0.2986 0.5940 0.0000
vt 0.2826 0.5962 0.0000
vt 0.3740 0.5940 0.0000
vt 0.3781 0.5958 0.0000
vt 0.3832 0.5930 0.0000
vt 0.3702 0.5962 0.0000
vt 0.3746 0.5981 0.0000
vt 0.3852 0.5984 0.0000
vt 0.3658 0.5977 0.0000
vt 0.3685 0.5999 0.0000
vt 0.3740 0.6030 0.0000
vt 0.3614 0.5982 0.0000
vt 0.3610 0.6008 0.0000
vt 0.3606 0.6045 0.0000
vt 0.3535 0.6005 0.0000
vt 0.3474 0.5991 0.0000
vt 0.3314 0.6012 0.0000
vt 0.3142 0.5994 0.0000
vt 0.3836 0.6009 0.0000
vt 0.3781 0.5908 0.0000
vt 0.3718 0.5923 0.0000
vt 0.3685 0.5942 0.0000
vt 0.3755 0.5895 0.0000
vt 0.3838 0.5864 0.0000
vt 0.3805 0.5853 0.0000
vt 0.3790 0.6080 0.0000
vt 0.4012 0.6036 0.0000
vt 0.3920 0.5966 0.0000
vt 0.4001 0.5906 0.0000
vt 0.3895 0.5879 0.0000
vt 0.3965 0.5811 0.0000
vt 0.3902 0.5803 0.0000
vt 0.3965 0.5726 0.0000
vt 0.3923 0.5721 0.0000
vt 0.3976 0.5638 0.0000
vt 0.4013 0.5558 0.0000
vt 0.4020 0.5642 0.0000
vt 0.4029 0.5733 0.0000
vt 0.4077 0.5825 0.0000
vt 0.4143 0.5931 0.0000
vt 0.4278 0.6032 0.0000
vt 0.4081 0.5647 0.0000
vt 0.4136 0.5739 0.0000
vt 0.4220 0.5835 0.0000
vt 0.4324 0.5933 0.0000
vt 0.4510 0.6022 0.0000
vt 0.4497 0.6115 0.0000
vt 0.4741 0.6108 0.0000
vt 0.4735 0.6196 0.0000
vt 0.4985 0.6193 0.0000
vt 0.4119 0.5562 0.0000
vt 0.4180 0.5652 0.0000
vt 0.4213 0.5565 0.0000
vt 0.4268 0.5745 0.0000
vt 0.4301 0.5656 0.0000
vt 0.4372 0.5836 0.0000
vt 0.4402 0.5745 0.0000
vt 0.4528 0.5927 0.0000
vt 0.4545 0.5832 0.0000
vt 0.4745 0.6016 0.0000
vt 0.4752 0.5922 0.0000
vt 0.4985 0.6105 0.0000
vt 0.4985 0.6014 0.0000
vt 0.5226 0.6108 0.0000
vt 0.5222 0.6016 0.0000
vt 0.5233 0.6196 0.0000
vt 0.5470 0.6114 0.0000
vt 0.6177 0.6079 0.0000
vt 0.5955 0.6036 0.0000
vt 0.5944 0.6139 0.0000
vt 0.5712 0.6125 0.0000
vt 0.5689 0.6031 0.0000
vt 0.5457 0.6022 0.0000
vt 0.4558 0.5742 0.0000
vt 0.4756 0.5830 0.0000
vt 0.4760 0.5740 0.0000
vt 0.4984 0.5920 0.0000
vt 0.4984 0.5829 0.0000
vt 0.5215 0.5922 0.0000
vt 0.5210 0.5829 0.0000
vt 0.5439 0.5926 0.0000
vt 0.5421 0.5832 0.0000
vt 0.5643 0.5933 0.0000
vt 0.5595 0.5836 0.0000
vt 0.5823 0.5930 0.0000
vt 0.5746 0.5835 0.0000
vt 0.6047 0.5965 0.0000
vt 0.5966 0.5906 0.0000
vt 0.6131 0.6008 0.0000
vt 0.6115 0.5983 0.0000
vt 0.6227 0.6029 0.0000
vt 0.6221 0.5980 0.0000
vt 0.6135 0.5929 0.0000
vt 0.5889 0.5824 0.0000
vt 0.6231 0.5881 0.0000
vt 0.6212 0.5894 0.0000
vt 0.6264 0.5904 0.0000
vt 0.6161 0.5852 0.0000
vt 0.6128 0.5863 0.0000
vt 0.6064 0.5802 0.0000
vt 0.6001 0.5810 0.0000
vt 0.6001 0.5725 0.0000
vt 0.5937 0.5732 0.0000
vt 0.6071 0.5879 0.0000
vt 0.6185 0.5907 0.0000
vt 0.5884 0.5646 0.0000
vt 0.5945 0.5641 0.0000
vt 0.5989 0.5637 0.0000
vt 0.6042 0.5721 0.0000
vt 0.6104 0.5795 0.0000
vt 0.6190 0.5843 0.0000
vt 0.6238 0.5866 0.0000
vt 0.6264 0.5876 0.0000
vt 0.6293 0.5879 0.0000
vt 0.6291 0.5915 0.0000
vt 0.6088 0.5716 0.0000
vt 0.6141 0.5789 0.0000
vt 0.6216 0.5836 0.0000
vt 0.6244 0.5834 0.0000
vt 0.6277 0.5833 0.0000
vt 0.6313 0.5831 0.0000
vt 0.6321 0.5881 0.0000
vt 0.6322 0.5922 0.0000
vt 0.6282 0.5941 0.0000
vt 0.6253 0.5775 0.0000
vt 0.6297 0.5771 0.0000
vt 0.6279 0.5704 0.0000
vt 0.6348 0.5830 0.0000
vt 0.6343 0.5770 0.0000
vt 0.6350 0.5882 0.0000
vt 0.6385 0.5831 0.0000
vt 0.6350 0.5924 0.0000
vt 0.6381 0.5922 0.0000
vt 0.6315 0.5953 0.0000
vt 0.6352 0.5958 0.0000
vt 0.6387 0.5953 0.0000
vt 0.6308 0.5976 0.0000
vt 0.6355 0.5981 0.0000
vt 0.6398 0.5975 0.0000
vt 0.6282 0.5998 0.0000
vt 0.6357 0.6006 0.0000
vt 0.6265 0.5961 0.0000
vt 0.6361 0.6044 0.0000
vt 0.6368 0.6100 0.0000
vt 0.6493 0.6053 0.0000
vt 0.6550 0.6121 0.0000
vt 0.6598 0.6046 0.0000
vt 0.6752 0.6133 0.0000
vt 0.6805 0.6062 0.0000
vt 0.6431 0.6004 0.0000
vt 0.6495 0.5990 0.0000
vt 0.6655 0.6011 0.0000
vt 0.6541 0.5965 0.0000
vt 0.6824 0.5992 0.0000
vt 0.6688 0.5959 0.0000
vt 0.6983 0.6021 0.0000
vt 0.6980 0.5938 0.0000
vt 0.6837 0.5917 0.0000
vt 0.7141 0.5960 0.0000
vt 0.7118 0.5860 0.0000
vt 0.6971 0.5845 0.0000
vt 0.7272 0.5876 0.0000
vt 0.7226 0.5753 0.0000
vt 0.7090 0.5745 0.0000
vt 0.6976 0.6100 0.0000
vt 0.7154 0.6047 0.0000
vt 0.7358 0.5761 0.0000
vt 0.7364 0.5761 0.0000
vt 0.7371 0.5761 0.0000
vt 0.7294 0.5635 0.0000
vt 0.7179 0.5633 0.0000
vt 0.7302 0.5635 0.0000
vt 0.7241 0.5533 0.0000
vt 0.7307 0.5636 0.0000
vt 0.7247 0.5533 0.0000
vt 0.7315 0.5538 0.0000
vt 0.7254 0.5533 0.0000
vt 0.7201 0.5449 0.0000
vt 0.7194 0.5449 0.0000
vt 0.7135 0.5534 0.0000
vt 0.7056 0.5630 0.0000
vt 0.6953 0.5737 0.0000
vt 0.6844 0.5833 0.0000
vt 0.6723 0.5896 0.0000
vt 0.7155 0.5378 0.0000
vt 0.7096 0.5451 0.0000
vt 0.7023 0.5535 0.0000
vt 0.6931 0.5630 0.0000
vt 0.6813 0.5628 0.0000
vt 0.6842 0.5739 0.0000
vt 0.6778 0.5760 0.0000
vt 0.6758 0.5828 0.0000
vt 0.7060 0.5381 0.0000
vt 0.6990 0.5454 0.0000
vt 0.6909 0.5537 0.0000
vt 0.6815 0.5539 0.0000
vt 0.6751 0.5627 0.0000
vt 0.6714 0.5718 0.0000
vt 0.6705 0.5627 0.0000
vt 0.6670 0.5715 0.0000
vt 0.6648 0.5627 0.0000
vt 0.6620 0.5712 0.0000
vt 0.6584 0.5630 0.0000
vt 0.6593 0.5595 0.0000
vt 0.6551 0.5611 0.0000
vt 0.6584 0.5547 0.0000
vt 0.6560 0.5585 0.0000
vt 0.6648 0.5545 0.0000
vt 0.6566 0.5471 0.0000
vt 0.6707 0.5543 0.0000
vt 0.6630 0.5467 0.0000
vt 0.6753 0.5541 0.0000
vt 0.6689 0.5464 0.0000
vt 0.6736 0.5462 0.0000
vt 0.6795 0.5460 0.0000
vt 0.6527 0.5474 0.0000
vt 0.6545 0.5549 0.0000
vt 0.6498 0.5405 0.0000
vt 0.6509 0.5476 0.0000
vt 0.6544 0.5401 0.0000
vt 0.6467 0.5339 0.0000
vt 0.6468 0.5406 0.0000
vt 0.6520 0.5335 0.0000
vt 0.6434 0.5270 0.0000
vt 0.6430 0.5342 0.0000
vt 0.6562 0.5596 0.0000
vt 0.6536 0.5620 0.0000
vt 0.6521 0.5643 0.0000
vt 0.6510 0.5628 0.0000
vt 0.6393 0.5631 0.0000
vt 0.6470 0.5631 0.0000
vt 0.6472 0.5628 0.0000
vt 0.6505 0.5625 0.0000
vt 0.6499 0.5623 0.0000
vt 0.6529 0.5619 0.0000
vt 0.6523 0.5618 0.0000
vt 0.6547 0.5609 0.0000
vt 0.6556 0.5596 0.0000
vt 0.6554 0.5584 0.0000
vt 0.6538 0.5550 0.0000
vt 0.6538 0.5608 0.0000
vt 0.6547 0.5597 0.0000
vt 0.6545 0.5585 0.0000
vt 0.6529 0.5551 0.0000
vt 0.6494 0.5477 0.0000
vt 0.6503 0.5476 0.0000
vt 0.6452 0.5408 0.0000
vt 0.6461 0.5407 0.0000
vt 0.6415 0.5344 0.0000
vt 0.6423 0.5343 0.0000
vt 0.6366 0.5270 0.0000
vt 0.6373 0.5270 0.0000
vt 0.6353 0.5256 0.0000
vt 0.6357 0.5253 0.0000
vt 0.6333 0.5246 0.0000
vt 0.6335 0.5243 0.0000
vt 0.6311 0.5239 0.0000
vt 0.6313 0.5236 0.0000
vt 0.6283 0.5235 0.0000
vt 0.6252 0.5233 0.0000
vt 0.6252 0.5230 0.0000
vt 0.6357 0.5222 0.0000
vt 0.6412 0.5220 0.0000
vt 0.6384 0.5158 0.0000
vt 0.6467 0.5218 0.0000
vt 0.6494 0.5272 0.0000
vt 0.6436 0.5155 0.0000
vt 0.2925 0.4999 0.0000
vt 0.2875 0.4999 0.0000
vt 0.2879 0.5066 0.0000
vt 0.2923 0.4934 0.0000
vt 0.3111 0.4757 0.0000
vt 0.3059 0.4759 0.0000
vt 0.3065 0.4814 0.0000
vt 0.3013 0.4815 0.0000
vt 0.3019 0.4872 0.0000
vt 0.2967 0.4873 0.0000
vt 0.2971 0.4934 0.0000
vt 0.2982 0.4999 0.0000
vt 0.2936 0.5066 0.0000
vt 0.2989 0.5066 0.0000
vt 0.2947 0.5131 0.0000
vt 0.2954 0.5131 0.0000
vt 0.3173 0.4755 0.0000
vt 0.3124 0.4813 0.0000
vt 0.3182 0.4812 0.0000
vt 0.3076 0.4872 0.0000
vt 0.3133 0.4872 0.0000
vt 0.3030 0.4934 0.0000
vt 0.3085 0.4934 0.0000
vt 0.3037 0.4999 0.0000
vt 0.3092 0.4934 0.0000
vt 0.3232 0.4753 0.0000
vt 0.3223 0.4697 0.0000
vt 0.3140 0.4872 0.0000
vt 0.3188 0.4812 0.0000
vt 0.3241 0.4752 0.0000
vt 0.3293 0.4694 0.0000
vt 0.3287 0.4694 0.0000
vt 0.3159 0.4700 0.0000
vt 0.3352 0.4633 0.0000
vt 0.3359 0.4632 0.0000
vt 0.3300 0.4694 0.0000
vt 0.3247 0.4752 0.0000
vt 0.3197 0.4812 0.0000
vt 0.3245 0.4876 0.0000
vt 0.3294 0.4943 0.0000
vt 0.3497 0.4622 0.0000
vt 0.3434 0.4687 0.0000
vt 0.3588 0.4688 0.0000
vt 0.3366 0.4751 0.0000
vt 0.3482 0.4758 0.0000
vt 0.3302 0.4814 0.0000
vt 0.3410 0.4821 0.0000
vt 0.3349 0.4881 0.0000
vt 0.3395 0.4949 0.0000
vt 0.3642 0.4612 0.0000
vt 0.3752 0.4668 0.0000
vt 0.3785 0.4604 0.0000
vt 0.4213 0.4663 0.0000
vt 0.4042 0.4656 0.0000
vt 0.4057 0.4738 0.0000
vt 0.3972 0.4720 0.0000
vt 0.3902 0.4772 0.0000
vt 0.3895 0.4661 0.0000
vt 0.3864 0.4719 0.0000
vt 0.3754 0.4723 0.0000
vt 0.3838 0.4763 0.0000
vt 0.3653 0.4743 0.0000
vt 0.3768 0.4767 0.0000
vt 0.3577 0.4782 0.0000
vt 0.3702 0.4782 0.0000
vt 0.3511 0.4834 0.0000
vt 0.3647 0.4809 0.0000
vt 0.3950 0.4791 0.0000
vt 0.4104 0.4778 0.0000
vt 0.4259 0.4739 0.0000
vt 0.3864 0.4801 0.0000
vt 0.3823 0.4791 0.0000
vt 0.3777 0.4793 0.0000
vt 0.3728 0.4806 0.0000
vt 0.3691 0.4825 0.0000
vt 0.3649 0.4856 0.0000
vt 0.3871 0.4834 0.0000
vt 0.3845 0.4820 0.0000
vt 0.3827 0.4846 0.0000
vt 0.3895 0.4819 0.0000
vt 0.3814 0.4813 0.0000
vt 0.3779 0.4815 0.0000
vt 0.3746 0.4824 0.0000
vt 0.3715 0.4838 0.0000
vt 0.3731 0.4855 0.0000
vt 0.3805 0.4841 0.0000
vt 0.3781 0.4842 0.0000
vt 0.3755 0.4848 0.0000
vt 0.3755 0.4878 0.0000
vt 0.3731 0.4881 0.0000
vt 0.3794 0.4877 0.0000
vt 0.3814 0.4879 0.0000
vt 0.3777 0.4877 0.0000
vt 0.3783 0.4923 0.0000
vt 0.3761 0.4922 0.0000
vt 0.3740 0.4921 0.0000
vt 0.3847 0.4854 0.0000
vt 0.3832 0.4882 0.0000
vt 0.3867 0.4864 0.0000
vt 0.3854 0.4887 0.0000
vt 0.3887 0.4884 0.0000
vt 0.3873 0.4897 0.0000
vt 0.3904 0.4922 0.0000
vt 0.3880 0.4925 0.0000
vt 0.3889 0.4850 0.0000
vt 0.3908 0.4876 0.0000
vt 0.3933 0.4918 0.0000
vt 0.3957 0.4972 0.0000
vt 0.3922 0.4974 0.0000
vt 0.3983 0.4818 0.0000
vt 0.3919 0.4838 0.0000
vt 0.4007 0.4856 0.0000
vt 0.3941 0.4868 0.0000
vt 0.3970 0.4913 0.0000
vt 0.4036 0.4905 0.0000
vt 0.3996 0.4969 0.0000
vt 0.4062 0.4963 0.0000
vt 0.4021 0.5031 0.0000
vt 0.4130 0.4832 0.0000
vt 0.4154 0.4891 0.0000
vt 0.4299 0.4877 0.0000
vt 0.4282 0.4809 0.0000
vt 0.4317 0.4946 0.0000
vt 0.4455 0.4940 0.0000
vt 0.4449 0.4868 0.0000
vt 0.4177 0.4955 0.0000
vt 0.4328 0.5018 0.0000
vt 0.4460 0.5015 0.0000
vt 0.4462 0.5088 0.0000
vt 0.4607 0.5087 0.0000
vt 0.4603 0.5156 0.0000
vt 0.4783 0.5155 0.0000
vt 0.4781 0.5218 0.0000
vt 0.4983 0.5218 0.0000
vt 0.4983 0.5277 0.0000
vt 0.5183 0.5218 0.0000
vt 0.5185 0.5277 0.0000
vt 0.5365 0.5219 0.0000
vt 0.4609 0.5012 0.0000
vt 0.4609 0.4935 0.0000
vt 0.4785 0.5086 0.0000
vt 0.4787 0.5010 0.0000
vt 0.4983 0.5155 0.0000
vt 0.4983 0.5085 0.0000
vt 0.5180 0.5155 0.0000
vt 0.5360 0.5155 0.0000
vt 0.5501 0.5156 0.0000
vt 0.5501 0.5220 0.0000
vt 0.5622 0.5157 0.0000
vt 0.5178 0.5085 0.0000
vt 0.5176 0.5010 0.0000
vt 0.5356 0.5087 0.0000
vt 0.5353 0.5011 0.0000
vt 0.5501 0.5088 0.0000
vt 0.5626 0.5090 0.0000
vt 0.5742 0.5158 0.0000
vt 0.5753 0.5093 0.0000
vt 0.5846 0.5160 0.0000
vt 0.5859 0.5094 0.0000
vt 0.5907 0.5160 0.0000
vt 0.5894 0.5223 0.0000
vt 0.5940 0.5223 0.0000
vt 0.5503 0.5014 0.0000
vt 0.5507 0.4939 0.0000
vt 0.5635 0.5018 0.0000
vt 0.5648 0.4946 0.0000
vt 0.5766 0.5023 0.0000
vt 0.5786 0.4954 0.0000
vt 0.5876 0.5027 0.0000
vt 0.5900 0.4963 0.0000
vt 0.5922 0.5095 0.0000
vt 0.5942 0.5030 0.0000
vt 0.5951 0.5161 0.0000
vt 0.5964 0.5096 0.0000
vt 0.5988 0.5224 0.0000
vt 0.5997 0.5162 0.0000
vt 0.6008 0.5098 0.0000
vt 0.6052 0.5100 0.0000
vt 0.5966 0.4968 0.0000
vt 0.5992 0.4912 0.0000
vt 0.5984 0.5032 0.0000
vt 0.6006 0.4971 0.0000
vt 0.6023 0.5034 0.0000
vt 0.6041 0.4973 0.0000
vt 0.6061 0.5036 0.0000
vt 0.6071 0.4976 0.0000
vt 0.6100 0.5037 0.0000
vt 0.6104 0.4977 0.0000
vt 0.6096 0.5102 0.0000
vt 0.6137 0.5038 0.0000
vt 0.6135 0.4978 0.0000
vt 0.6140 0.5103 0.0000
vt 0.6173 0.5039 0.0000
vt 0.6030 0.4917 0.0000
vt 0.6058 0.4921 0.0000
vt 0.6082 0.4924 0.0000
vt 0.6109 0.4925 0.0000
vt 0.6135 0.4924 0.0000
vt 0.6130 0.4881 0.0000
vt 0.6148 0.4878 0.0000
vt 0.6115 0.4853 0.0000
vt 0.6095 0.4864 0.0000
vt 0.6073 0.4850 0.0000
vt 0.6109 0.4886 0.0000
vt 0.6076 0.4883 0.0000
vt 0.6089 0.4896 0.0000
vt 0.6054 0.4875 0.0000
vt 0.6021 0.4867 0.0000
vt 0.6043 0.4837 0.0000
vt 0.5955 0.4855 0.0000
vt 0.5979 0.4817 0.0000
vt 0.5834 0.4831 0.0000
vt 0.5858 0.4778 0.0000
vt 0.5680 0.4809 0.0000
vt 0.5702 0.4738 0.0000
vt 0.5522 0.4796 0.0000
vt 0.5926 0.4904 0.0000
vt 0.5808 0.4891 0.0000
vt 0.5663 0.4877 0.0000
vt 0.5513 0.4867 0.0000
vt 0.5353 0.4863 0.0000
vt 0.5353 0.4791 0.0000
vt 0.5171 0.4859 0.0000
vt 0.5171 0.4786 0.0000
vt 0.5353 0.4935 0.0000
vt 0.5173 0.4933 0.0000
vt 0.4982 0.4931 0.0000
vt 0.4982 0.4857 0.0000
vt 0.4791 0.4859 0.0000
vt 0.4982 0.5010 0.0000
vt 0.4789 0.4933 0.0000
vt 0.4609 0.4863 0.0000
vt 0.4609 0.4791 0.0000
vt 0.4440 0.4797 0.0000
vt 0.4426 0.4722 0.0000
vt 0.2884 0.5255 0.0000
vt 0.2840 0.5316 0.0000
vt 0.2875 0.5255 0.0000
vt 0.2921 0.5195 0.0000
vt 0.2912 0.5195 0.0000
vt 0.2961 0.5131 0.0000
vt 0.2796 0.5380 0.0000
vt 0.2834 0.5316 0.0000
vt 0.2869 0.5255 0.0000
vt 0.2906 0.5195 0.0000
vt 0.2739 0.5382 0.0000
vt 0.2776 0.5317 0.0000
vt 0.2814 0.5256 0.0000
vt 0.2851 0.5196 0.0000
vt 0.2892 0.5131 0.0000
vt 0.2678 0.5383 0.0000
vt 0.2717 0.5318 0.0000
vt 0.2754 0.5257 0.0000
vt 0.2794 0.5196 0.0000
vt 0.2835 0.5132 0.0000
vt 0.2627 0.5385 0.0000
vt 0.2667 0.5319 0.0000
vt 0.2621 0.5320 0.0000
vt 0.2704 0.5258 0.0000
vt 0.2658 0.5258 0.0000
vt 0.2743 0.5197 0.0000
vt 0.2785 0.5132 0.0000
vt 0.2829 0.5066 0.0000
vt 0.2697 0.5197 0.0000
vt 0.2739 0.5132 0.0000
vt 0.2785 0.5066 0.0000
vt 0.2831 0.4999 0.0000
vt 0.2877 0.4934 0.0000
vt 0.2920 0.4873 0.0000
vt 0.2964 0.4816 0.0000
vt 0.2833 0.4935 0.0000
vt 0.2879 0.4874 0.0000
vt 0.2920 0.4817 0.0000
vt 0.2964 0.4763 0.0000
vt 0.3010 0.4761 0.0000
vt 0.2784 0.4935 0.0000
vt 0.2828 0.4875 0.0000
vt 0.2769 0.4876 0.0000
vt 0.2872 0.4818 0.0000
vt 0.2813 0.4820 0.0000
vt 0.2914 0.4765 0.0000
vt 0.2854 0.4767 0.0000
vt 0.2957 0.4711 0.0000
vt 0.2898 0.4714 0.0000
vt 0.3008 0.4709 0.0000
vt 0.3056 0.4707 0.0000
vt 0.3104 0.4704 0.0000
vt 0.3001 0.4658 0.0000
vt 0.2942 0.4662 0.0000
vt 0.3054 0.4654 0.0000
vt 0.3104 0.4651 0.0000
vt 0.3155 0.4647 0.0000
vt 0.3212 0.4643 0.0000
vt 0.3280 0.4637 0.0000
vt 0.3344 0.4633 0.0000
vt 0.2986 0.4611 0.0000
vt 0.2929 0.4616 0.0000
vt 0.3045 0.4607 0.0000
vt 0.3100 0.4602 0.0000
vt 0.3150 0.4597 0.0000
vt 0.3203 0.4593 0.0000
vt 0.3262 0.4587 0.0000
vt 0.3335 0.4580 0.0000
vt 0.3403 0.4574 0.0000
vt 0.2988 0.4609 0.0000
vt 0.3047 0.4604 0.0000
vt 0.3021 0.4604 0.0000
vt 0.3102 0.4599 0.0000
vt 0.3153 0.4595 0.0000
vt 0.3135 0.4594 0.0000
vt 0.3205 0.4590 0.0000
vt 0.3265 0.4584 0.0000
vt 0.3214 0.4586 0.0000
vt 0.3337 0.4578 0.0000
vt 0.3405 0.4571 0.0000
vt 0.3414 0.4570 0.0000
vt 0.2922 0.4611 0.0000
vt 0.2931 0.4613 0.0000
vt 0.2924 0.4613 0.0000
vt 0.2915 0.4612 0.0000
vt 0.2922 0.4617 0.0000
vt 0.2911 0.4615 0.0000
vt 0.2867 0.4665 0.0000
vt 0.2878 0.4666 0.0000
vt 0.3308 0.4578 0.0000
vt 0.3414 0.4567 0.0000
vt 0.3423 0.4566 0.0000
vt 0.3429 0.4565 0.0000
vt 0.3420 0.4569 0.0000
vt 0.3559 0.4557 0.0000
vt 0.3565 0.4553 0.0000
vt 0.3699 0.4545 0.0000
vt 0.3706 0.4541 0.0000
vt 0.3833 0.4535 0.0000
vt 0.3837 0.4532 0.0000
vt 0.4257 0.4514 0.0000
vt 0.4105 0.4521 0.0000
vt 0.4244 0.4581 0.0000
vt 0.4108 0.4518 0.0000
vt 0.3967 0.4526 0.0000
vt 0.3965 0.4529 0.0000
vt 0.4084 0.4589 0.0000
vt 0.3831 0.4538 0.0000
vt 0.3930 0.4596 0.0000
vt 0.3697 0.4548 0.0000
vt 0.3554 0.4560 0.0000
vt 0.3418 0.4573 0.0000
vt 0.3409 0.4573 0.0000
vt 0.4420 0.4647 0.0000
vt 0.4419 0.4576 0.0000
vt 0.4606 0.4716 0.0000
vt 0.4604 0.4643 0.0000
vt 0.4791 0.4786 0.0000
vt 0.4791 0.4713 0.0000
vt 0.4982 0.4785 0.0000
vt 0.4426 0.4509 0.0000
vt 0.4604 0.4572 0.0000
vt 0.4604 0.4504 0.0000
vt 0.4790 0.4569 0.0000
vt 0.4791 0.4639 0.0000
vt 0.4982 0.4638 0.0000
vt 0.4981 0.4568 0.0000
vt 0.5170 0.4569 0.0000
vt 0.5170 0.4639 0.0000
vt 0.5357 0.4571 0.0000
vt 0.5357 0.4642 0.0000
vt 0.5541 0.4576 0.0000
vt 0.5544 0.4647 0.0000
vt 0.5717 0.4580 0.0000
vt 0.5748 0.4663 0.0000
vt 0.5880 0.4588 0.0000
vt 0.4790 0.4502 0.0000
vt 0.4981 0.4501 0.0000
vt 0.5170 0.4502 0.0000
vt 0.5357 0.4504 0.0000
vt 0.5535 0.4509 0.0000
vt 0.5535 0.4506 0.0000
vt 0.5704 0.4513 0.0000
vt 0.5704 0.4511 0.0000
vt 0.5855 0.4521 0.0000
vt 0.5855 0.4518 0.0000
vt 0.5996 0.4528 0.0000
vt 0.5994 0.4525 0.0000
vt 0.6540 0.4568 0.0000
vt 0.6406 0.4559 0.0000
vt 0.6543 0.4572 0.0000
vt 0.6402 0.4556 0.0000
vt 0.6264 0.4547 0.0000
vt 0.6261 0.4544 0.0000
vt 0.6130 0.4537 0.0000
vt 0.6128 0.4535 0.0000
vt 0.6123 0.4531 0.0000
vt 0.6255 0.4540 0.0000
vt 0.6395 0.4552 0.0000
vt 0.6532 0.4564 0.0000
vt 0.6547 0.4569 0.0000
vt 0.6538 0.4565 0.0000
vt 0.6556 0.4570 0.0000
vt 0.6547 0.4566 0.0000
vt 0.6652 0.4576 0.0000
vt 0.6624 0.4576 0.0000
vt 0.6696 0.4583 0.0000
vt 0.6747 0.4585 0.0000
vt 0.6551 0.4572 0.0000
vt 0.6558 0.4573 0.0000
vt 0.6626 0.4579 0.0000
vt 0.6698 0.4586 0.0000
vt 0.6756 0.4588 0.0000
vt 0.6758 0.4591 0.0000
vt 0.6808 0.4593 0.0000
vt 0.6810 0.4596 0.0000
vt 0.6859 0.4598 0.0000
vt 0.6826 0.4592 0.0000
vt 0.6940 0.4602 0.0000
vt 0.6914 0.4602 0.0000
vt 0.6973 0.4607 0.0000
vt 0.7039 0.4610 0.0000
vt 0.7030 0.4612 0.0000
vt 0.7037 0.4612 0.0000
vt 0.7048 0.4611 0.0000
vt 0.7041 0.4615 0.0000
vt 0.7050 0.4614 0.0000
vt 0.7094 0.4663 0.0000
vt 0.6977 0.4610 0.0000
vt 0.6916 0.4605 0.0000
vt 0.6960 0.4657 0.0000
vt 0.6861 0.4601 0.0000
vt 0.6907 0.4653 0.0000
vt 0.6857 0.4649 0.0000
vt 0.7140 0.4715 0.0000
vt 0.7184 0.4768 0.0000
vt 0.7226 0.4821 0.0000
vt 0.7270 0.4875 0.0000
vt 0.7316 0.4933 0.0000
vt 0.7362 0.4996 0.0000
vt 0.7411 0.5061 0.0000
vt 0.6249 0.5922 0.0000
vt 0.6227 0.5939 0.0000
vt 0.6185 0.5957 0.0000
vt 0.7649 0.6426 0.0000
vt 0.6924 0.6264 0.0000
vt 0.6959 0.6179 0.0000
vt 0.7086 0.6302 0.0000
vt 0.7225 0.6353 0.0000
vt 0.7467 0.6445 0.0000
vt 0.7574 0.6481 0.0000
vt 0.7332 0.6071 0.0000
vt 0.7159 0.6126 0.0000
vt 0.6748 0.6233 0.0000
vt 0.6724 0.6322 0.0000
vt 0.6885 0.6350 0.0000
vt 0.7036 0.6382 0.0000
vt 0.7175 0.6416 0.0000
vt 0.6566 0.6206 0.0000
vt 0.6373 0.6181 0.0000
vt 0.6166 0.6159 0.0000
vt 0.6557 0.6296 0.0000
vt 0.6557 0.6299 0.0000
vt 0.6377 0.6272 0.0000
vt 0.6377 0.6276 0.0000
vt 0.6175 0.6250 0.0000
vt 0.6175 0.6253 0.0000
vt 0.5953 0.6230 0.0000
vt 0.5953 0.6233 0.0000
vt 0.5721 0.6214 0.0000
vt 0.5721 0.6217 0.0000
vt 0.5479 0.6202 0.0000
vt 0.5479 0.6206 0.0000
vt 0.5233 0.6199 0.0000
vt 0.6722 0.6325 0.0000
vt 0.6878 0.6357 0.0000
vt 0.6885 0.6354 0.0000
vt 0.6718 0.6329 0.0000
vt 0.6555 0.6303 0.0000
vt 0.6375 0.6278 0.0000
vt 0.6173 0.6256 0.0000
vt 0.5953 0.6237 0.0000
vt 0.5721 0.6221 0.0000
vt 0.5479 0.6209 0.0000
vt 0.5233 0.6202 0.0000
vt 0.4985 0.6197 0.0000
vt 0.4985 0.6200 0.0000
vt 0.4735 0.6202 0.0000
vt 0.4735 0.6199 0.0000
vt 0.4489 0.6206 0.0000
vt 0.4489 0.6209 0.0000
vt 0.4247 0.6218 0.0000
vt 0.4249 0.6221 0.0000
vt 0.4015 0.6234 0.0000
vt 0.4017 0.6237 0.0000
vt 0.3793 0.6254 0.0000
vt 0.3795 0.6257 0.0000
vt 0.3591 0.6273 0.0000
vt 0.3795 0.6251 0.0000
vt 0.3595 0.6182 0.0000
vt 0.4015 0.6231 0.0000
vt 0.3801 0.6160 0.0000
vt 0.4247 0.6215 0.0000
vt 0.4023 0.6140 0.0000
vt 0.4491 0.6203 0.0000
vt 0.4256 0.6126 0.0000
vt 0.3402 0.6208 0.0000
vt 0.3411 0.6297 0.0000
vt 0.3591 0.6277 0.0000
vt 0.3220 0.6235 0.0000
vt 0.3244 0.6324 0.0000
vt 0.3411 0.6300 0.0000
vt 0.3044 0.6266 0.0000
vt 0.3599 0.6101 0.0000
vt 0.3417 0.6123 0.0000
vt 0.3215 0.6135 0.0000
vt 0.3011 0.6181 0.0000
vt 0.2803 0.6218 0.0000
vt 0.2882 0.6304 0.0000
vt 0.3474 0.6054 0.0000
vt 0.3369 0.6047 0.0000
vt 0.3162 0.6064 0.0000
vt 0.2991 0.6101 0.0000
vt 0.2809 0.6128 0.0000
vt 0.2620 0.6143 0.0000
vt 0.2596 0.6206 0.0000
vt 0.2667 0.6300 0.0000
vt 0.2984 0.6023 0.0000
vt 0.2813 0.6049 0.0000
vt 0.2635 0.6072 0.0000
vt 0.2460 0.6093 0.0000
vt 0.2434 0.6153 0.0000
vt 0.2659 0.5984 0.0000
vt 0.2497 0.6004 0.0000
vt 0.2453 0.6094 0.0000
vt 0.2427 0.6154 0.0000
vt 0.2410 0.6201 0.0000
vt 0.2416 0.6201 0.0000
vt 0.2423 0.6154 0.0000
vt 0.2388 0.6250 0.0000
vt 0.2383 0.6249 0.0000
vt 0.2403 0.6200 0.0000
vt 0.2363 0.6155 0.0000
vt 0.2390 0.6096 0.0000
vt 0.2372 0.6006 0.0000
vt 0.2418 0.5893 0.0000
vt 0.2420 0.5769 0.0000
vt 0.2344 0.6367 0.0000
vt 0.2337 0.6368 0.0000
vt 0.2318 0.6423 0.0000
vt 0.2368 0.6305 0.0000
vt 0.2361 0.6306 0.0000
vt 0.2318 0.6332 0.0000
vt 0.2324 0.6282 0.0000
vt 0.2335 0.6244 0.0000
vt 0.2348 0.6199 0.0000
vt 0.2317 0.6153 0.0000
vt 0.2337 0.6097 0.0000
vt 0.2310 0.6094 0.0000
vt 0.2285 0.6312 0.0000
vt 0.2285 0.6275 0.0000
vt 0.2287 0.6237 0.0000
vt 0.2291 0.6198 0.0000
vt 0.2295 0.6148 0.0000
vt 0.2300 0.6096 0.0000
vt 0.2308 0.6002 0.0000
vt 0.2332 0.6004 0.0000
vt 0.2367 0.5890 0.0000
vt 0.2317 0.5887 0.0000
vt 0.2282 0.6237 0.0000
vt 0.2284 0.6198 0.0000
vt 0.2289 0.6157 0.0000
vt 0.2293 0.6097 0.0000
vt 0.2301 0.6002 0.0000
vt 0.2310 0.5887 0.0000
vt 0.2330 0.5762 0.0000
vt 0.2321 0.5771 0.0000
vt 0.2340 0.5660 0.0000
vt 0.2332 0.5662 0.0000
vt 0.2351 0.5559 0.0000
vt 0.2278 0.6276 0.0000
vt 0.2280 0.6238 0.0000
vt 0.2282 0.6198 0.0000
vt 0.2284 0.6157 0.0000
vt 0.2286 0.6107 0.0000
vt 0.2291 0.6043 0.0000
vt 0.2295 0.5971 0.0000
vt 0.2301 0.5898 0.0000
vt 0.2305 0.5821 0.0000
vt 0.2314 0.5740 0.0000
vt 0.2323 0.5656 0.0000
vt 0.2342 0.5568 0.0000
vt 0.2331 0.5571 0.0000
vt 0.2353 0.5480 0.0000
vt 0.2340 0.5484 0.0000
vt 0.2366 0.5390 0.0000
vt 0.2351 0.5393 0.0000
vt 0.2361 0.5303 0.0000
vt 0.2379 0.5301 0.0000
vt 0.2364 0.5301 0.0000
vt 0.2379 0.5298 0.0000
vt 0.2366 0.5298 0.0000
vt 0.2360 0.5478 0.0000
vt 0.2373 0.5390 0.0000
vt 0.2383 0.5301 0.0000
vt 0.2383 0.5295 0.0000
vt 0.2399 0.5283 0.0000
vt 0.2405 0.5285 0.0000
vt 0.2425 0.5264 0.0000
vt 0.2421 0.5262 0.0000
vt 0.2449 0.5234 0.0000
vt 0.2386 0.5283 0.0000
vt 0.2410 0.5261 0.0000
vt 0.2443 0.5232 0.0000
vt 0.2434 0.5231 0.0000
vt 0.2473 0.5189 0.0000
vt 0.2464 0.5190 0.0000
vt 0.2515 0.5129 0.0000
vt 0.2506 0.5130 0.0000
vt 0.2563 0.5062 0.0000
vt 0.2552 0.5063 0.0000
vt 0.2611 0.4997 0.0000
vt 0.2480 0.5190 0.0000
vt 0.2524 0.5129 0.0000
vt 0.2570 0.5062 0.0000
vt 0.2618 0.4997 0.0000
vt 0.2666 0.4934 0.0000
vt 0.2657 0.4934 0.0000
vt 0.2710 0.4876 0.0000
vt 0.2703 0.4876 0.0000
vt 0.2753 0.4821 0.0000
vt 0.2600 0.4998 0.0000
vt 0.2646 0.4935 0.0000
vt 0.2692 0.4877 0.0000
vt 0.2747 0.4822 0.0000
vt 0.2736 0.4823 0.0000
vt 0.2791 0.4769 0.0000
vt 0.2777 0.4769 0.0000
vt 0.2832 0.4717 0.0000
vt 0.2821 0.4717 0.0000
vt 0.2797 0.4769 0.0000
vt 0.2841 0.4717 0.0000
vt 0.2885 0.4665 0.0000
vt 0.2723 0.4935 0.0000
vt 0.2677 0.4998 0.0000
vt 0.2738 0.4998 0.0000
vt 0.2787 0.4999 0.0000
vt 0.2690 0.5065 0.0000
vt 0.2741 0.5065 0.0000
vt 0.2631 0.5063 0.0000
vt 0.2647 0.5131 0.0000
vt 0.2585 0.5130 0.0000
vt 0.2541 0.5193 0.0000
vt 0.2603 0.5196 0.0000
vt 0.2506 0.5245 0.0000
vt 0.2566 0.5255 0.0000
vt 0.2476 0.5281 0.0000
vt 0.2443 0.5294 0.0000
vt 0.2517 0.5315 0.0000
vt 0.2445 0.5325 0.0000
vt 0.2399 0.5468 0.0000
vt 0.2425 0.5390 0.0000
vt 0.2574 0.5321 0.0000
vt 0.2614 0.5258 0.0000
vt 0.2653 0.5197 0.0000
vt 0.2695 0.5132 0.0000
vt 0.6155 0.5257 0.0000
vt 0.6160 0.5260 0.0000
vt 0.6171 0.5247 0.0000
vt 0.6151 0.5275 0.0000
vt 0.6223 0.5239 0.0000
vt 0.6221 0.5235 0.0000
vt 0.6199 0.5245 0.0000
vt 0.6195 0.5242 0.0000
vt 0.6180 0.5252 0.0000
vt 0.6175 0.5249 0.0000
vt 0.6166 0.5263 0.0000
vt 0.6160 0.5275 0.0000
vt 0.6140 0.5350 0.0000
vt 0.6131 0.5349 0.0000
vt 0.6123 0.5415 0.0000
vt 0.6116 0.5414 0.0000
vt 0.6108 0.5484 0.0000
vt 0.6101 0.5484 0.0000
vt 0.6097 0.5558 0.0000
vt 0.6193 0.5239 0.0000
vt 0.6219 0.5233 0.0000
vt 0.6199 0.5227 0.0000
vt 0.6147 0.5227 0.0000
vt 0.6190 0.5165 0.0000
vt 0.6142 0.5165 0.0000
vt 0.6094 0.5226 0.0000
vt 0.6094 0.5164 0.0000
vt 0.6041 0.5225 0.0000
vt 0.6045 0.5164 0.0000
vt 0.6094 0.5281 0.0000
vt 0.6144 0.5276 0.0000
vt 0.6039 0.5284 0.0000
vt 0.6037 0.5345 0.0000
vt 0.5982 0.5283 0.0000
vt 0.5980 0.5344 0.0000
vt 0.5932 0.5283 0.0000
vt 0.5885 0.5282 0.0000
vt 0.5620 0.5220 0.0000
vt 0.5736 0.5222 0.0000
vt 0.5835 0.5223 0.0000
vt 0.5925 0.5344 0.0000
vt 0.5877 0.5409 0.0000
vt 0.5879 0.5343 0.0000
vt 0.5818 0.5409 0.0000
vt 0.5826 0.5282 0.0000
vt 0.5820 0.5342 0.0000
vt 0.5730 0.5281 0.0000
vt 0.5618 0.5280 0.0000
vt 0.5725 0.5341 0.0000
vt 0.5503 0.5279 0.0000
vt 0.5506 0.5339 0.0000
vt 0.5367 0.5278 0.0000
vt 0.5372 0.5339 0.0000
vt 0.5190 0.5339 0.0000
vt 0.4983 0.5338 0.0000
vt 0.5615 0.5340 0.0000
vt 0.5376 0.5407 0.0000
vt 0.5508 0.5407 0.0000
vt 0.5618 0.5408 0.0000
vt 0.5725 0.5408 0.0000
vt 0.5734 0.5481 0.0000
vt 0.5827 0.5480 0.0000
vt 0.5752 0.5565 0.0000
vt 0.5846 0.5561 0.0000
vt 0.5886 0.5480 0.0000
vt 0.5908 0.5559 0.0000
vt 0.5932 0.5480 0.0000
vt 0.5640 0.5567 0.0000
vt 0.5625 0.5482 0.0000
vt 0.5517 0.5482 0.0000
vt 0.5381 0.5482 0.0000
vt 0.5194 0.5482 0.0000
vt 0.5192 0.5406 0.0000
vt 0.4983 0.5482 0.0000
vt 0.4983 0.5406 0.0000
vt 0.4772 0.5406 0.0000
vt 0.4777 0.5339 0.0000
vt 0.4592 0.5339 0.0000
vt 0.5528 0.5567 0.0000
vt 0.5544 0.5655 0.0000
vt 0.5390 0.5566 0.0000
vt 0.5399 0.5654 0.0000
vt 0.5199 0.5565 0.0000
vt 0.4984 0.5565 0.0000
vt 0.4770 0.5482 0.0000
vt 0.4590 0.5407 0.0000
vt 0.4458 0.5340 0.0000
vt 0.4460 0.5279 0.0000
vt 0.5203 0.5653 0.0000
vt 0.4984 0.5652 0.0000
vt 0.4766 0.5565 0.0000
vt 0.4584 0.5482 0.0000
vt 0.4456 0.5407 0.0000
vt 0.4349 0.5341 0.0000
vt 0.4348 0.5280 0.0000
vt 0.4344 0.5220 0.0000
vt 0.5408 0.5741 0.0000
vt 0.5206 0.5740 0.0000
vt 0.4984 0.5740 0.0000
vt 0.4762 0.5653 0.0000
vt 0.4575 0.5566 0.0000
vt 0.4569 0.5654 0.0000
vt 0.4450 0.5482 0.0000
vt 0.4437 0.5567 0.0000
vt 0.4347 0.5408 0.0000
vt 0.4340 0.5483 0.0000
vt 0.4239 0.5342 0.0000
vt 0.4239 0.5408 0.0000
vt 0.5564 0.5744 0.0000
vt 0.4422 0.5656 0.0000
vt 0.4325 0.5567 0.0000
vt 0.4230 0.5482 0.0000
vt 0.4023 0.5224 0.0000
vt 0.4070 0.5224 0.0000
vt 0.4056 0.5161 0.0000
vt 0.4032 0.5284 0.0000
vt 0.4078 0.5283 0.0000
vt 0.4129 0.5223 0.0000
vt 0.4039 0.5345 0.0000
vt 0.4085 0.5344 0.0000
vt 0.4138 0.5283 0.0000
vt 0.4087 0.5409 0.0000
vt 0.4147 0.5409 0.0000
vt 0.4144 0.5343 0.0000
vt 0.4138 0.5481 0.0000
vt 0.4081 0.5480 0.0000
vt 0.4041 0.5409 0.0000
vt 0.3984 0.5345 0.0000
vt 0.3982 0.5284 0.0000
vt 0.3927 0.5285 0.0000
vt 0.4059 0.5560 0.0000
vt 0.4033 0.5480 0.0000
vt 0.3986 0.5410 0.0000
vt 0.3978 0.5481 0.0000
vt 0.3927 0.5346 0.0000
vt 0.3927 0.5412 0.0000
vt 0.3960 0.5558 0.0000
vt 0.3928 0.5636 0.0000
vt 0.3877 0.5717 0.0000
vt 0.3833 0.5713 0.0000
vt 0.3787 0.5710 0.0000
vt 0.3739 0.5707 0.0000
vt 0.3686 0.5705 0.0000
vt 0.3862 0.5796 0.0000
vt 0.3617 0.5925 0.0000
vt 0.3652 0.5954 0.0000
vt 0.4234 0.5281 0.0000
vt 0.4228 0.5222 0.0000
vt 0.4597 0.5278 0.0000
vt 0.4463 0.5220 0.0000
vt 0.4342 0.5158 0.0000
vt 0.4221 0.5159 0.0000
vt 0.4120 0.5161 0.0000
vt 0.4210 0.5093 0.0000
vt 0.4104 0.5095 0.0000
vt 0.4196 0.5024 0.0000
vt 0.4087 0.5028 0.0000
vt 0.4041 0.5096 0.0000
vt 0.4337 0.5090 0.0000
vt 0.4462 0.5157 0.0000
vt 0.4601 0.5219 0.0000
vt 0.4779 0.5277 0.0000
vt 0.3827 0.4925 0.0000
vt 0.3770 0.4978 0.0000
vt 0.3805 0.4924 0.0000
vt 0.3799 0.4978 0.0000
vt 0.3827 0.4978 0.0000
vt 0.6497 0.5901 0.0000
vt 0.6591 0.5867 0.0000
vt 0.6556 0.5858 0.0000
vt 0.6657 0.5803 0.0000
vt 0.6618 0.5795 0.0000
vt 0.6701 0.5812 0.0000
vt 0.6751 0.5730 0.0000
vt 0.6576 0.5789 0.0000
vt 0.6526 0.5848 0.0000
vt 0.6565 0.5708 0.0000
vt 0.6532 0.5782 0.0000
vt 0.6510 0.5706 0.0000
vt 0.6468 0.5646 0.0000
vt 0.6453 0.5705 0.0000
vt 0.6440 0.5774 0.0000
vt 0.6486 0.5777 0.0000
vt 0.6495 0.5839 0.0000
vt 0.6462 0.5834 0.0000
vt 0.6471 0.5870 0.0000
vt 0.6442 0.5878 0.0000
vt 0.6477 0.5888 0.0000
vt 0.6442 0.5907 0.0000
vt 0.6425 0.5833 0.0000
vt 0.6411 0.5880 0.0000
vt 0.6412 0.5916 0.0000
vt 0.6455 0.5927 0.0000
vt 0.6528 0.5913 0.0000
vt 0.6642 0.5878 0.0000
vt 0.6585 0.5930 0.0000
vt 0.6482 0.5942 0.0000
vt 0.6423 0.5942 0.0000
vt 0.6442 0.5961 0.0000
vt 0.6381 0.5882 0.0000
vt 0.6391 0.5771 0.0000
vt 0.6336 0.5703 0.0000
vt 0.6227 0.5707 0.0000
vt 0.6214 0.5778 0.0000
vt 0.6178 0.5709 0.0000
vt 0.6396 0.5704 0.0000
vt 0.6393 0.5646 0.0000
vt 0.6150 0.5644 0.0000
vt 0.6205 0.5645 0.0000
vt 0.6158 0.5630 0.0000
vt 0.6266 0.5646 0.0000
vt 0.6262 0.5631 0.0000
vt 0.6330 0.5646 0.0000
vt 0.6327 0.5631 0.0000
vt 0.6200 0.5631 0.0000
vt 0.6139 0.5628 0.0000
vt 0.6112 0.5622 0.0000
vt 0.6099 0.5612 0.0000
vt 0.6117 0.5621 0.0000
vt 0.6121 0.5618 0.0000
vt 0.6139 0.5625 0.0000
vt 0.6141 0.5622 0.0000
vt 0.6161 0.5627 0.0000
vt 0.6165 0.5624 0.0000
vt 0.6200 0.5627 0.0000
vt 0.6198 0.5625 0.0000
vt 0.6262 0.5627 0.0000
vt 0.6259 0.5625 0.0000
vt 0.6327 0.5628 0.0000
vt 0.6325 0.5625 0.0000
vt 0.6393 0.5628 0.0000
vt 0.6391 0.5625 0.0000
vt 0.6470 0.5626 0.0000
vt 0.6106 0.5610 0.0000
vt 0.6088 0.5601 0.0000
vt 0.6082 0.5602 0.0000
vt 0.6097 0.5602 0.0000
vt 0.6086 0.5591 0.0000
vt 0.6095 0.5591 0.0000
vt 0.6090 0.5558 0.0000
vt 0.6081 0.5557 0.0000
vt 0.6079 0.5593 0.0000
vt 0.6055 0.5557 0.0000
vt 0.6064 0.5602 0.0000
vt 0.6040 0.5636 0.0000
vt 0.6086 0.5635 0.0000
vt 0.6095 0.5615 0.0000
vt 0.6132 0.5712 0.0000
vt 0.6179 0.5782 0.0000
vt 0.5664 0.5655 0.0000
vt 0.5698 0.5744 0.0000
vt 0.5785 0.5652 0.0000
vt 0.5829 0.5738 0.0000
vt 0.5952 0.5557 0.0000
vt 0.6005 0.5557 0.0000
vt 0.5987 0.5480 0.0000
vt 0.5923 0.5408 0.0000
vt 0.5978 0.5409 0.0000
vt 0.6037 0.5411 0.0000
vt 0.6044 0.5482 0.0000
vt 0.6090 0.5347 0.0000
vt 0.6077 0.5413 0.0000
vt 0.6094 0.5484 0.0000
vt 0.6125 0.5349 0.0000
vt 0.6110 0.5414 0.0000
vt 0.7298 0.6454 0.0000
vt 0.7410 0.6492 0.0000
vt 0.7511 0.6529 0.0000
vt 0.7036 0.6386 0.0000
vt 0.7172 0.6419 0.0000
vt 0.7295 0.6457 0.0000
vt 0.7407 0.6495 0.0000
vt 0.7504 0.6531 0.0000
vt 0.7511 0.6533 0.0000
vt 0.7515 0.6531 0.0000
vt 0.7581 0.6483 0.0000
vt 0.7030 0.6389 0.0000
vt 0.7166 0.6423 0.0000
vt 0.7291 0.6460 0.0000
vt 0.7405 0.6500 0.0000
vt 0.7509 0.6538 0.0000
vt 0.7515 0.6541 0.0000
vt 0.7519 0.6538 0.0000
vt 0.7644 0.6445 0.0000
vt 0.7644 0.6435 0.0000
vt 0.7649 0.6442 0.0000
vt 0.7651 0.6431 0.0000
vt 0.7651 0.6438 0.0000
vt 0.7653 0.6427 0.0000
vt 0.7664 0.6417 0.0000
vt 0.7664 0.6411 0.0000
vt 0.7677 0.6389 0.0000
vt 0.7671 0.6388 0.0000
vt 0.7677 0.6394 0.0000
vt 0.7662 0.6404 0.0000
vt 0.7655 0.6367 0.0000
vt 0.7651 0.6330 0.0000
vt 0.7660 0.6307 0.0000
vt 0.6953 0.4707 0.0000
vt 0.7004 0.4710 0.0000
vt 0.7048 0.4763 0.0000
vt 0.6997 0.4761 0.0000
vt 0.7042 0.4815 0.0000
vt 0.6951 0.4759 0.0000
vt 0.6998 0.4815 0.0000
vt 0.6905 0.4705 0.0000
vt 0.6903 0.4758 0.0000
vt 0.6949 0.4814 0.0000
vt 0.6857 0.4702 0.0000
vt 0.6850 0.4756 0.0000
vt 0.6899 0.4813 0.0000
vt 0.6802 0.4699 0.0000
vt 0.6789 0.4754 0.0000
vt 0.6837 0.4812 0.0000
vt 0.6738 0.4696 0.0000
vt 0.6730 0.4752 0.0000
vt 0.6780 0.4811 0.0000
vt 0.6675 0.4692 0.0000
vt 0.6668 0.4692 0.0000
vt 0.6723 0.4751 0.0000
vt 0.6602 0.4631 0.0000
vt 0.6609 0.4632 0.0000
vt 0.6617 0.4632 0.0000
vt 0.6681 0.4636 0.0000
vt 0.6749 0.4642 0.0000
vt 0.6806 0.4645 0.0000
vt 0.6464 0.4621 0.0000
vt 0.6527 0.4686 0.0000
vt 0.6321 0.4611 0.0000
vt 0.6374 0.4687 0.0000
vt 0.6176 0.4603 0.0000
vt 0.6209 0.4667 0.0000
vt 0.6031 0.4595 0.0000
vt 0.6066 0.4660 0.0000
vt 0.5919 0.4655 0.0000
vt 0.6093 0.4834 0.0000
vt 0.6067 0.4818 0.0000
vt 0.6012 0.4790 0.0000
vt 0.5904 0.4737 0.0000
vt 0.5990 0.4720 0.0000
vt 0.6097 0.4718 0.0000
vt 0.6157 0.4840 0.0000
vt 0.6135 0.4845 0.0000
vt 0.6117 0.4820 0.0000
vt 0.6097 0.4800 0.0000
vt 0.6062 0.4771 0.0000
vt 0.6124 0.4762 0.0000
vt 0.6207 0.4722 0.0000
vt 0.6194 0.4766 0.0000
vt 0.6308 0.4742 0.0000
vt 0.6260 0.4781 0.0000
vt 0.6185 0.4792 0.0000
vt 0.6233 0.4805 0.0000
vt 0.6183 0.4814 0.0000
vt 0.6148 0.4812 0.0000
vt 0.6479 0.4757 0.0000
vt 0.6661 0.4692 0.0000
vt 0.5355 0.4716 0.0000
vt 0.5171 0.4712 0.0000
vt 0.4982 0.4711 0.0000
vt 0.5535 0.4722 0.0000
vt 0.2394 0.6251 0.0000
vt 0.2539 0.6269 0.0000
vt 0.2375 0.6306 0.0000
vt 0.2351 0.6367 0.0000
vt 0.2416 0.6366 0.0000
vt 0.2473 0.6325 0.0000
vt 0.2557 0.6358 0.0000
vt 0.2744 0.6355 0.0000
vt 0.2452 0.6402 0.0000
vt 0.2621 0.6405 0.0000
vt 0.2327 0.6431 0.0000
vt 0.2320 0.6428 0.0000
vt 0.2395 0.6483 0.0000
vt 0.2502 0.6447 0.0000
vt 0.3084 0.6352 0.0000
vt 0.3246 0.6326 0.0000
vt 0.2932 0.6384 0.0000
vt 0.3084 0.6355 0.0000
vt 0.2794 0.6418 0.0000
vt 0.2935 0.6387 0.0000
vt 0.2671 0.6456 0.0000
vt 0.2796 0.6421 0.0000
vt 0.2559 0.6494 0.0000
vt 0.2674 0.6458 0.0000
vt 0.2461 0.6530 0.0000
vt 0.3593 0.6280 0.0000
vt 0.3413 0.6304 0.0000
vt 0.3251 0.6330 0.0000
vt 0.3090 0.6358 0.0000
vt 0.2939 0.6390 0.0000
vt 0.2803 0.6425 0.0000
vt 0.2678 0.6462 0.0000
vt 0.2562 0.6497 0.0000
vt 0.2564 0.6501 0.0000
vt 0.2465 0.6533 0.0000
vt 0.2461 0.6540 0.0000
vt 0.2454 0.6543 0.0000
vt 0.2459 0.6535 0.0000
vt 0.2450 0.6540 0.0000
vt 0.2454 0.6533 0.0000
vt 0.2388 0.6485 0.0000
vt 0.2324 0.6447 0.0000
vt 0.2324 0.6437 0.0000
vt 0.2320 0.6445 0.0000
vt 0.2320 0.6433 0.0000
vt 0.2318 0.6440 0.0000
vt 0.2316 0.6429 0.0000
vt 0.2305 0.6413 0.0000
vt 0.2305 0.6419 0.0000
vt 0.2294 0.6391 0.0000
vt 0.2291 0.6396 0.0000
vt 0.2285 0.6371 0.0000
vt 0.2283 0.6374 0.0000
vt 0.2280 0.6346 0.0000
vt 0.2278 0.6348 0.0000
vt 0.2280 0.6313 0.0000
vt 0.2276 0.6315 0.0000
vt 0.2280 0.6274 0.0000
vt 0.2307 0.6406 0.0000
vt 0.2298 0.6390 0.0000
vt 0.2291 0.6371 0.0000
vt 0.2287 0.6345 0.0000
vt 0.2313 0.6369 0.0000
vt 0.2309 0.6309 0.0000
vt 0.6139 0.4790 0.0000
vt 0.3011 0.5197 0.0000
vt 0.2974 0.5258 0.0000
vt 0.3073 0.5262 0.0000
vt 0.3969 0.4523 0.0000
vt 0.4110 0.4515 0.0000
vt 0.4259 0.4512 0.0000
vt 0.4259 0.4508 0.0000
vt 0.4426 0.4506 0.0000
vt 0.4426 0.4502 0.0000
vt 0.4604 0.4502 0.0000
vt 0.4606 0.4499 0.0000
vt 0.4790 0.4500 0.0000
vt 0.4790 0.4496 0.0000
vt 0.4981 0.4499 0.0000
vt 0.4981 0.4495 0.0000
vt 0.5170 0.4499 0.0000
vt 0.5357 0.4502 0.0000
vt 0.5170 0.4496 0.0000
vt 0.5357 0.4498 0.0000
vt 0.5535 0.4502 0.0000
vt 0.5702 0.4508 0.0000
vt 0.5851 0.4514 0.0000
vt 0.5991 0.4522 0.0000
vt 0.6357 0.5271 0.0000
vt 0.6346 0.5259 0.0000
vt 0.6329 0.5249 0.0000
vt 0.6307 0.5242 0.0000
vt 0.6281 0.5238 0.0000
vt 0.6252 0.5236 0.0000
vt 0.2380 0.5758 0.0000
vt 0.2358 0.5730 0.0000
vt 0.2391 0.5646 0.0000
vt 0.2397 0.5552 0.0000
vt 0.2375 0.5533 0.0000
vt 0.6957 0.5384 0.0000
vt 0.6885 0.5458 0.0000
# 2449 texture coords

o Cofre
g Cofre
usemtl CocheEscalado_NISSAN_GTR_chrome
s off
f 1/1/1 2/2/1 3/3/1 
f 3/3/1 2/2/1 4/4/1 
f 3/3/1 4/4/1 5/5/1 
f 6/6/1 1/1/1 7/7/1 
f 7/7/1 1/1/1 3/3/1 
f 7/7/1 8/8/1 9/9/1 
f 7/7/1 3/3/1 8/8/1 
f 8/8/1 3/3/1 5/5/1 
f 10/6/1 11/7/1 12/1/1 
f 12/1/1 11/7/1 13/3/1 
f 12/1/1 13/3/1 14/2/1 
f 14/2/1 13/3/1 15/4/1 
f 16/5/1 15/4/1 13/3/1 
f 16/5/1 13/3/1 17/8/1 
f 17/8/1 13/3/1 11/7/1 
f 17/8/1 11/7/1 18/9/1 
s 1
f 19/10/2 20/11/3 21/12/4 
f 2/2/5 21/12/4 4/4/1 
f 4/4/1 21/12/4 20/11/3 
f 4/4/1 20/11/3 22/13/6 
f 5/5/1 4/4/1 22/13/6 
f 5/5/7 22/13/8 23/14/9 
f 6/6/1 7/7/1 24/15/10 
f 8/8/11 25/16/12 26/17/13 
f 8/8/11 5/5/7 25/16/12 
f 25/16/12 5/5/7 23/14/9 
f 25/16/12 27/18/14 28/19/15 
f 25/16/12 23/14/9 27/18/14 
f 27/18/14 23/14/9 29/20/16 
f 29/20/16 23/14/9 22/13/8 
f 29/20/16 22/13/8 30/21/17 
f 30/21/18 22/13/6 20/11/3 
f 30/21/18 20/11/3 31/22/19 
f 31/22/19 20/11/3 19/10/2 
f 31/22/19 19/10/2 32/23/20 
f 33/24/21 34/25/22 35/26/23 
f 35/26/23 34/25/22 36/27/24 
f 35/26/23 36/27/24 27/18/14 
f 27/18/14 36/27/24 28/19/15 
f 25/16/12 28/19/15 26/17/13 
f 8/8/11 26/17/13 9/9/25 
f 7/7/1 9/9/1 24/15/10 
f 6/6/1 24/15/10 37/28/26 
f 37/28/26 24/15/10 38/29/27 
f 37/28/26 38/29/27 39/30/28 
f 28/19/15 40/31/29 26/17/13 
f 26/17/13 40/31/29 41/32/30 
f 26/17/13 41/32/30 9/9/25 
f 9/9/25 41/32/30 42/33/31 
f 9/9/1 42/33/32 24/15/10 
f 24/15/10 42/33/32 38/29/27 
f 38/29/27 42/33/32 43/34/33 
f 38/29/27 43/34/33 44/35/34 
f 44/35/34 43/34/33 45/36/35 
f 44/35/34 45/36/35 46/37/36 
f 46/37/36 45/36/35 47/38/37 
f 46/37/36 47/38/37 48/39/38 
f 48/39/38 47/38/37 49/40/39 
f 48/39/38 50/41/40 51/42/41 
f 48/39/38 49/40/39 50/41/40 
f 40/31/29 52/43/42 41/32/30 
f 41/32/30 52/43/42 53/44/43 
f 41/32/30 53/44/43 42/33/31 
f 42/33/31 53/44/43 43/34/44 
f 43/34/44 53/44/43 54/45/45 
f 43/34/44 54/45/45 45/36/46 
f 45/36/46 54/45/45 55/46/47 
f 45/36/46 55/46/47 47/38/48 
f 47/38/48 55/46/47 56/47/49 
f 47/38/48 56/47/49 49/40/50 
f 49/40/50 56/47/49 57/48/51 
f 49/40/50 57/48/51 58/49/52 
f 58/49/52 57/48/51 59/50/53 
f 58/49/52 59/50/53 60/51/54 
f 49/40/50 58/49/52 50/41/55 
f 50/41/40 61/52/56 62/53/57 
f 50/41/55 58/49/52 61/52/58 
f 61/52/58 58/49/52 60/51/54 
f 61/52/56 63/54/59 64/55/60 
f 61/52/58 60/51/54 63/54/61 
f 63/54/61 60/51/54 65/56/62 
f 63/54/59 66/57/63 67/58/64 
f 63/54/61 65/56/62 66/57/65 
f 66/57/65 65/56/62 68/59/66 
f 66/57/65 68/59/66 69/60/67 
f 66/57/63 69/60/68 70/61/69 
f 66/57/63 70/61/69 67/58/64 
f 67/58/64 70/61/69 71/62/70 
f 67/58/64 71/62/70 72/63/71 
f 67/58/64 72/63/71 64/55/60 
f 64/55/60 73/64/72 62/53/57 
f 64/55/60 72/63/71 73/64/72 
f 63/54/59 67/58/64 64/55/60 
f 61/52/56 64/55/60 62/53/57 
f 50/41/40 62/53/57 51/42/41 
f 48/39/38 51/42/41 74/65/73 
f 74/65/73 51/42/41 75/66/74 
f 75/66/74 51/42/41 62/53/57 
f 75/66/74 62/53/57 73/64/72 
f 38/29/27 44/35/34 39/30/28 
f 39/30/28 44/35/34 76/67/75 
f 76/67/75 44/35/34 46/37/36 
f 76/67/75 46/37/36 77/68/76 
f 77/68/76 46/37/36 48/39/38 
f 77/68/76 78/69/77 79/70/78 
f 77/68/76 48/39/38 78/69/77 
f 78/69/77 48/39/38 74/65/73 
f 78/69/77 80/71/79 81/72/80 
f 78/69/77 74/65/73 80/71/79 
f 80/71/79 74/65/73 82/73/81 
f 82/73/81 74/65/73 75/66/74 
f 82/73/81 75/66/74 83/74/82 
f 83/74/82 75/66/74 84/75/83 
f 84/75/83 75/66/74 73/64/72 
f 84/75/83 73/64/72 85/76/84 
f 78/69/77 81/72/80 86/77/85 
f 78/69/77 86/77/85 79/70/78 
f 87/78/86 88/79/87 89/80/88 
f 87/78/86 90/81/89 88/79/87 
f 91/82/90 92/83/91 93/84/92 
f 91/82/93 94/85/94 92/83/95 
f 92/83/91 95/86/96 96/87/97 
f 92/83/95 94/85/94 95/86/98 
f 95/86/98 94/85/94 97/88/99 
f 95/86/98 87/78/86 89/80/88 
f 95/86/98 97/88/99 87/78/86 
f 87/78/86 97/88/99 98/89/100 
f 87/78/86 98/89/100 90/81/89 
f 90/81/89 98/89/100 99/90/101 
f 90/81/89 99/90/101 100/91/102 
f 90/81/89 100/91/102 101/92/103 
f 90/81/89 101/92/103 88/79/87 
f 88/79/87 101/92/103 89/80/88 
f 102/93/104 103/94/105 104/95/106 
f 104/95/106 103/94/105 105/96/107 
f 104/95/106 99/90/101 102/93/104 
f 104/95/106 105/96/107 99/90/101 
f 99/90/101 105/96/107 106/97/108 
f 99/90/101 106/97/108 100/91/102 
f 100/91/109 106/97/110 107/98/111 
f 100/91/109 107/98/111 108/99/112 
f 100/91/109 108/99/112 101/92/113 
f 101/92/113 108/99/112 109/100/114 
f 101/92/113 109/100/114 89/80/115 
f 89/80/115 109/100/114 110/101/116 
f 89/80/115 110/101/116 95/86/96 
f 95/86/96 110/101/116 96/87/97 
f 98/89/100 111/102/117 99/90/101 
f 99/90/101 111/102/117 102/93/104 
f 112/103/118 113/104/119 114/105/120 
f 114/105/121 105/96/107 103/94/105 
f 114/105/120 113/104/119 105/96/122 
f 105/96/122 113/104/119 115/106/123 
f 105/96/122 115/106/123 106/97/110 
f 106/97/110 115/106/123 107/98/111 
f 114/105/121 103/94/105 116/107/124 
f 114/105/120 117/108/125 112/103/118 
f 114/105/121 116/107/124 117/108/126 
f 117/108/126 116/107/124 118/109/127 
f 117/108/125 119/110/128 120/111/129 
f 117/108/126 118/109/127 119/110/130 
f 119/110/128 121/112/131 122/113/132 
f 119/110/130 118/109/127 121/112/133 
f 121/112/133 118/109/127 123/114/134 
f 121/112/131 124/115/135 125/116/136 
f 121/112/133 123/114/134 124/115/137 
f 126/117/138 127/118/139 128/25/140 
f 128/25/141 129/24/142 130/26/143 
f 128/25/140 127/118/139 129/24/144 
f 129/24/144 127/118/139 131/119/145 
f 129/24/144 131/119/145 132/120/146 
f 132/120/146 131/119/145 133/121/147 
f 132/120/146 133/121/147 124/115/135 
f 124/115/135 133/121/147 125/116/136 
f 121/112/131 125/116/136 122/113/132 
f 119/110/128 122/113/132 120/111/129 
f 117/108/125 120/111/129 112/103/118 
f 123/114/134 134/18/148 135/122/149 
f 135/122/149 134/18/148 130/26/143 
f 135/122/149 136/123/150 129/24/142 
f 135/122/149 130/26/143 136/123/150 
f 136/123/150 130/26/143 129/24/142 
f 135/122/149 129/24/142 132/120/151 
f 135/122/149 132/120/151 124/115/137 
f 135/122/149 137/124/152 123/114/134 
f 135/122/149 124/115/137 137/124/152 
f 137/124/152 124/115/137 123/114/134 
f 128/25/141 130/26/143 138/27/153 
f 128/25/140 139/125/154 126/117/138 
f 128/25/141 138/27/153 139/125/155 
f 139/125/155 138/27/153 140/126/156 
f 139/125/154 141/127/157 142/128/158 
f 139/125/155 140/126/156 141/127/159 
f 141/127/159 140/126/156 143/129/160 
f 141/127/157 144/130/161 145/131/162 
f 141/127/159 143/129/160 144/130/163 
f 144/130/163 143/129/160 146/132/164 
f 144/130/161 147/133/165 148/134/166 
f 144/130/163 146/132/164 147/133/167 
f 147/133/167 146/132/164 149/135/168 
f 147/133/165 150/136/169 151/137/170 
f 147/133/167 149/135/168 150/136/171 
f 150/136/171 149/135/168 152/138/172 
f 150/136/169 153/139/173 154/140/174 
f 150/136/171 152/138/172 153/139/175 
f 153/139/175 155/141/176 156/142/177 
f 153/139/175 152/138/172 155/141/176 
f 130/26/143 134/18/148 138/27/153 
f 138/27/153 134/18/148 157/19/178 
f 138/27/153 157/19/178 140/126/156 
f 140/126/156 157/19/178 158/31/179 
f 140/126/156 158/31/179 143/129/160 
f 143/129/160 158/31/179 159/43/180 
f 143/129/160 159/43/180 146/132/164 
f 146/132/164 159/43/180 160/143/181 
f 146/132/164 160/143/181 149/135/168 
f 149/135/168 160/143/181 155/141/176 
f 149/135/168 155/141/176 152/138/172 
f 161/20/182 162/14/183 134/18/148 
f 134/18/148 162/14/183 163/16/184 
f 134/18/148 163/16/184 157/19/178 
f 157/19/178 163/16/184 164/17/185 
f 157/19/178 164/17/185 158/31/179 
f 158/31/179 164/17/185 165/32/186 
f 158/31/179 165/32/186 159/43/180 
f 159/43/180 165/32/186 166/44/187 
f 159/43/180 166/44/187 160/143/181 
f 160/143/181 166/44/187 167/45/188 
f 160/143/181 168/144/189 155/141/176 
f 160/143/181 167/45/188 168/144/189 
f 168/144/189 169/145/190 170/146/191 
f 168/144/189 167/45/188 169/145/190 
f 169/145/190 167/45/188 171/46/192 
f 169/145/190 172/147/193 173/148/194 
f 169/145/190 171/46/192 172/147/193 
f 17/8/195 18/9/196 164/17/185 
f 164/17/185 18/9/196 165/32/186 
f 165/32/186 18/9/196 174/33/197 
f 165/32/186 174/33/197 166/44/187 
f 166/44/187 174/33/197 175/34/198 
f 166/44/187 175/34/198 167/45/188 
f 167/45/188 175/34/198 176/36/199 
f 167/45/188 176/36/199 171/46/192 
f 171/46/192 176/36/199 177/38/200 
f 171/46/192 177/38/200 178/47/201 
f 178/47/201 177/38/200 179/40/202 
f 178/47/201 179/40/202 180/48/203 
f 180/48/203 179/40/202 181/49/204 
f 180/48/203 182/50/205 178/47/201 
f 180/48/203 181/49/204 182/50/205 
f 183/15/206 184/29/207 174/33/208 
f 174/33/208 184/29/207 175/34/209 
f 175/34/209 184/29/207 185/35/210 
f 175/34/209 185/35/210 176/36/211 
f 176/36/211 185/35/210 186/37/212 
f 176/36/211 186/37/212 177/38/213 
f 177/38/213 186/37/212 187/39/214 
f 177/38/213 187/39/214 179/40/215 
f 179/40/215 187/39/214 188/41/216 
f 179/40/202 188/41/217 181/49/204 
f 181/49/204 188/41/217 189/52/218 
f 181/49/204 189/52/218 190/51/219 
f 190/51/219 189/52/218 191/54/220 
f 190/51/219 191/54/220 192/56/221 
f 193/69/222 194/65/223 187/39/214 
f 187/39/214 194/65/223 195/42/224 
f 187/39/214 195/42/224 188/41/216 
f 188/41/216 195/42/224 196/53/225 
f 188/41/216 196/53/225 189/52/226 
f 189/52/226 196/53/225 197/55/227 
f 189/52/226 197/55/227 191/54/228 
f 191/54/228 197/55/227 198/58/229 
f 191/54/228 198/58/229 199/57/230 
f 199/57/230 198/58/229 200/61/231 
f 199/57/230 200/61/231 201/60/232 
f 200/61/231 198/58/229 202/62/233 
f 202/62/233 198/58/229 203/63/234 
f 203/63/234 198/58/229 197/55/227 
f 203/63/234 197/55/227 204/64/235 
f 204/64/235 197/55/227 196/53/225 
f 204/64/235 196/53/225 205/66/236 
f 205/66/236 196/53/225 195/42/224 
f 205/66/236 195/42/224 194/65/223 
f 191/54/220 199/57/237 192/56/221 
f 192/56/221 199/57/237 206/59/238 
f 206/59/238 199/57/237 201/60/239 
f 206/59/238 201/60/239 207/149/240 
f 207/149/240 201/60/239 208/150/241 
f 208/150/242 201/60/232 200/61/231 
f 208/150/242 200/61/231 209/151/243 
f 209/151/243 200/61/231 202/62/233 
f 209/151/243 202/62/233 210/152/244 
f 210/152/244 202/62/233 203/63/234 
f 210/152/244 203/63/234 211/76/245 
f 211/76/245 203/63/234 204/64/235 
f 211/76/245 204/64/235 212/75/246 
f 212/75/246 204/64/235 205/66/236 
f 181/49/204 190/51/219 182/50/205 
f 182/50/205 190/51/219 213/153/247 
f 213/153/247 190/51/219 192/56/221 
f 213/153/247 192/56/221 214/154/248 
f 214/154/248 192/56/221 206/59/238 
f 214/154/248 206/59/238 215/155/249 
f 215/155/249 206/59/238 207/149/240 
f 215/155/249 207/149/240 216/156/250 
f 216/156/250 207/149/240 208/150/241 
f 216/156/250 208/150/241 217/157/251 
f 217/157/251 208/150/241 218/158/252 
f 217/157/251 218/158/252 219/159/253 
f 217/157/251 219/159/253 220/160/254 
f 217/157/251 220/160/254 221/161/255 
f 172/147/193 222/162/256 223/163/257 
f 172/147/193 182/50/205 222/162/256 
f 222/162/256 182/50/205 213/153/247 
f 222/162/256 224/164/258 225/165/259 
f 222/162/256 213/153/247 224/164/258 
f 224/164/258 213/153/247 214/154/248 
f 224/164/258 226/166/260 227/167/261 
f 224/164/258 214/154/248 226/166/260 
f 226/166/260 214/154/248 215/155/249 
f 226/166/260 228/168/262 229/169/263 
f 226/166/260 215/155/249 228/168/262 
f 228/168/262 215/155/249 216/156/250 
f 228/168/262 216/156/250 217/157/251 
f 228/168/262 230/170/264 231/171/265 
f 228/168/262 217/157/251 230/170/264 
f 230/170/264 217/157/251 232/172/266 
f 230/170/264 233/173/267 234/174/268 
f 230/170/264 232/172/266 233/173/267 
f 224/164/258 227/167/261 225/165/259 
f 222/162/256 225/165/259 223/163/257 
f 172/147/193 223/163/257 173/148/194 
f 169/145/190 173/148/194 170/146/191 
f 168/144/189 170/146/191 235/175/269 
f 168/144/189 236/176/270 155/141/176 
f 168/144/189 235/175/269 236/176/270 
f 236/176/270 235/175/269 156/142/177 
f 236/176/270 156/142/177 155/141/176 
f 237/177/271 238/178/272 239/179/273 
f 239/179/273 238/178/272 227/167/274 
f 227/167/274 238/178/272 240/180/275 
f 227/167/274 240/180/275 225/165/276 
f 225/165/276 240/180/275 241/181/277 
f 225/165/276 241/181/277 223/163/278 
f 223/163/278 241/181/277 242/182/279 
f 223/163/278 242/182/279 173/148/280 
f 173/148/280 242/182/279 243/183/281 
f 173/148/280 243/183/281 170/146/282 
f 170/146/282 243/183/281 244/184/283 
f 170/146/282 244/184/283 235/175/284 
f 235/175/284 244/184/283 245/185/285 
f 235/175/284 245/185/285 156/142/286 
f 245/185/285 246/186/287 156/142/286 
f 156/142/286 246/186/287 153/139/173 
f 153/139/173 246/186/287 154/140/174 
f 150/136/169 154/140/174 151/137/170 
f 147/133/165 151/137/170 148/134/166 
f 144/130/161 148/134/166 145/131/162 
f 141/127/157 145/131/162 142/128/158 
f 139/125/154 142/128/158 126/117/138 
f 247/187/288 248/188/289 249/189/290 
f 250/190/291 251/191/292 252/192/293 
f 250/190/291 253/193/294 251/191/292 
f 251/191/292 253/193/294 254/194/295 
f 251/191/292 254/194/295 255/195/296 
f 255/195/296 254/194/295 248/188/289 
f 255/195/296 248/188/289 256/196/297 
f 256/196/297 248/188/289 247/187/288 
f 256/196/297 247/187/288 257/197/298 
f 257/197/298 247/187/288 258/198/299 
f 258/198/299 247/187/288 259/199/300 
f 259/199/300 247/187/288 249/189/290 
f 259/199/300 249/189/290 260/200/301 
f 260/200/301 261/201/302 262/202/303 
f 260/200/301 249/189/290 261/201/302 
f 261/201/302 263/203/304 264/204/305 
f 261/201/302 249/189/290 263/203/304 
f 263/203/304 248/188/289 254/194/295 
f 263/203/304 249/189/290 248/188/289 
f 263/203/304 265/205/306 266/206/307 
f 263/203/304 254/194/295 265/205/306 
f 265/205/306 253/193/294 267/207/308 
f 265/205/306 254/194/295 253/193/294 
f 268/208/309 212/209/310 251/191/292 
f 251/191/292 212/209/310 252/192/293 
f 250/190/291 252/192/293 269/210/311 
f 250/190/291 269/210/311 253/193/294 
f 253/193/294 269/210/311 267/207/308 
f 265/205/306 267/207/308 266/206/307 
f 263/203/304 266/206/307 264/204/305 
f 261/201/302 264/204/305 262/202/303 
f 260/200/301 262/202/303 270/211/312 
f 269/210/311 271/212/313 267/207/308 
f 267/207/308 271/212/313 272/213/314 
f 267/207/308 272/213/314 273/214/315 
f 267/207/308 273/214/315 266/206/307 
f 274/215/316 272/213/314 275/216/317 
f 275/216/317 272/213/314 271/212/313 
f 275/216/317 271/212/313 276/217/318 
f 276/217/318 271/212/313 269/210/311 
f 276/217/318 269/210/311 252/192/293 
f 277/218/319 278/219/320 279/220/321 
f 277/218/319 280/221/322 278/219/320 
f 103/94/105 281/222/323 116/107/124 
f 116/107/124 281/222/323 282/223/324 
f 116/107/124 277/218/319 283/224/325 
f 116/107/124 282/223/324 277/218/319 
f 277/218/319 282/223/324 284/225/326 
f 277/218/319 284/225/326 280/221/322 
f 280/221/322 284/225/326 285/226/327 
f 280/221/322 285/226/327 286/227/328 
f 280/221/329 286/227/330 287/228/331 
f 280/221/329 287/228/331 278/219/332 
f 278/219/332 288/229/333 289/230/334 
f 278/219/332 287/228/331 288/229/333 
f 103/94/105 102/93/104 281/222/323 
f 281/222/323 102/93/104 290/231/335 
f 281/222/323 285/226/327 282/223/324 
f 281/222/323 290/231/335 285/226/327 
f 285/226/327 290/231/335 291/232/336 
f 285/226/327 291/232/336 286/227/328 
f 286/227/330 291/232/337 292/233/338 
f 286/227/330 292/233/338 287/228/331 
f 287/228/331 292/233/338 293/234/339 
f 287/228/331 293/234/339 288/229/333 
f 288/229/333 293/234/339 294/235/340 
f 288/229/333 295/236/341 296/237/342 
f 288/229/333 294/235/340 295/236/341 
f 295/236/341 294/235/340 260/238/343 
f 295/236/341 297/239/344 298/240/345 
f 295/236/341 260/238/343 297/239/344 
f 297/239/344 260/238/343 270/241/346 
f 293/234/339 258/242/347 294/235/340 
f 294/235/340 258/242/347 259/243/348 
f 294/235/340 259/243/348 260/238/343 
f 258/242/347 299/244/349 257/245/350 
f 258/242/347 293/234/339 299/244/349 
f 299/244/349 293/234/339 292/233/338 
f 299/244/349 300/246/351 301/247/352 
f 299/244/349 292/233/338 300/246/351 
f 300/246/351 292/233/338 291/232/337 
f 300/246/351 302/248/353 303/249/354 
f 300/246/351 291/232/337 302/248/353 
f 302/248/355 291/232/336 304/250/356 
f 302/248/355 305/251/357 306/252/358 
f 302/248/355 304/250/356 305/251/357 
f 305/251/357 304/250/356 111/102/117 
f 305/251/357 307/253/359 306/252/358 
f 305/251/357 111/102/117 307/253/359 
f 307/253/359 111/102/117 98/89/100 
f 307/253/359 217/157/251 221/161/360 
f 307/253/359 98/89/100 217/157/251 
f 217/157/251 98/89/100 97/88/99 
f 217/157/251 97/88/99 232/172/266 
f 232/172/266 94/85/94 91/82/93 
f 232/172/266 97/88/99 94/85/94 
f 307/253/359 221/161/360 306/252/358 
f 302/248/353 306/252/361 303/249/354 
f 300/246/351 303/249/354 301/247/352 
f 299/244/349 301/247/352 257/245/350 
f 257/245/350 301/247/352 308/254/362 
f 308/254/362 301/247/352 309/255/363 
f 308/254/362 309/255/363 310/256/364 
f 310/256/364 309/255/363 311/257/365 
f 310/256/364 311/257/365 312/258/366 
f 312/258/366 311/257/365 221/161/367 
f 221/161/367 311/257/365 306/252/361 
f 306/252/361 311/257/365 303/249/354 
f 303/249/354 311/257/365 309/255/363 
f 303/249/354 309/255/363 301/247/352 
f 232/172/266 91/82/93 313/259/368 
f 232/172/266 313/259/368 233/173/267 
f 233/173/267 313/259/368 234/174/268 
f 230/170/264 234/174/268 314/260/369 
f 230/170/264 314/260/369 231/171/265 
f 231/171/265 314/260/369 315/261/370 
f 231/171/265 315/261/370 316/262/371 
f 316/262/371 315/261/370 317/263/372 
f 316/262/371 317/263/372 229/169/263 
f 229/169/263 317/263/372 239/179/373 
f 229/169/263 239/179/373 226/166/260 
f 226/166/260 239/179/373 227/167/261 
f 228/168/262 231/171/265 316/262/371 
f 228/168/262 316/262/371 229/169/263 
f 96/87/97 93/84/92 92/83/91 
f 91/82/90 93/84/92 318/264/374 
f 91/82/90 318/264/374 313/259/375 
f 313/259/375 318/264/374 319/265/376 
f 313/259/375 319/265/376 234/174/377 
f 234/174/377 319/265/376 320/266/378 
f 234/174/377 320/266/378 314/260/379 
f 314/260/379 320/266/378 321/267/380 
f 314/260/379 321/267/380 315/261/381 
f 315/261/381 321/267/380 322/268/382 
f 315/261/381 322/268/382 317/263/383 
f 317/263/383 322/268/382 237/177/271 
f 317/263/383 237/177/271 239/179/273 
f 323/79/384 324/80/385 325/92/386 
f 326/86/387 324/80/385 327/78/388 
f 327/78/388 324/80/385 323/79/384 
f 327/78/388 323/79/384 328/81/389 
f 328/81/389 323/79/384 325/92/386 
f 328/81/389 325/92/386 329/91/390 
f 330/82/391 331/83/392 332/85/393 
f 332/85/393 331/83/392 326/86/387 
f 332/85/393 333/88/394 334/172/395 
f 332/85/393 326/86/387 333/88/394 
f 333/88/394 326/86/387 327/78/388 
f 333/88/394 335/89/396 336/157/397 
f 333/88/394 327/78/388 335/89/396 
f 335/89/396 327/78/388 328/81/389 
f 335/89/396 337/90/398 338/102/399 
f 335/89/396 328/81/389 337/90/398 
f 337/90/398 328/81/389 329/91/390 
f 337/90/398 329/91/390 339/97/400 
f 337/90/398 339/97/400 340/96/401 
f 337/90/398 341/95/402 342/93/403 
f 337/90/398 340/96/401 341/95/402 
f 341/95/402 340/96/401 343/94/404 
f 341/95/402 343/94/404 342/93/403 
f 342/93/403 343/94/404 344/222/405 
f 337/90/398 342/93/403 338/102/399 
f 345/242/406 346/244/407 347/234/408 
f 347/234/408 348/233/409 349/228/410 
f 347/234/408 346/244/407 348/233/409 
f 348/233/409 346/244/407 350/246/411 
f 348/233/409 351/232/412 352/227/413 
f 348/233/409 350/246/411 351/232/412 
f 351/232/412 350/246/411 353/248/414 
f 351/232/415 354/250/416 355/231/417 
f 351/232/415 353/248/418 354/250/416 
f 354/250/416 353/248/418 356/251/419 
f 354/250/416 338/102/399 342/93/403 
f 354/250/416 356/251/419 338/102/399 
f 338/102/399 356/251/419 357/253/420 
f 338/102/399 357/253/420 335/89/396 
f 335/89/396 357/253/420 336/157/397 
f 333/88/394 336/157/397 334/172/395 
f 345/242/406 358/245/421 346/244/407 
f 346/244/407 358/245/421 359/247/422 
f 346/244/407 359/247/422 350/246/411 
f 350/246/411 359/247/422 360/249/423 
f 350/246/411 360/249/423 353/248/414 
f 353/248/414 360/249/423 361/252/424 
f 353/248/418 361/252/425 356/251/419 
f 356/251/419 361/252/425 357/253/420 
f 357/253/420 361/252/425 362/161/426 
f 357/253/420 362/161/426 336/157/397 
f 336/157/397 362/161/426 363/160/427 
f 336/157/397 363/160/427 364/159/428 
f 336/157/397 364/159/428 365/158/429 
f 336/157/397 365/158/429 366/150/430 
f 358/245/421 367/254/431 359/247/422 
f 359/247/422 367/254/431 368/255/432 
f 359/247/422 368/255/432 360/249/423 
f 360/249/423 368/255/432 369/257/433 
f 360/249/423 369/257/433 361/252/424 
f 361/252/424 369/257/433 362/161/434 
f 362/161/435 369/257/433 370/258/436 
f 370/258/436 369/257/433 371/256/437 
f 371/256/437 369/257/433 368/255/432 
f 371/256/437 368/255/432 367/254/431 
f 372/171/438 373/168/439 374/262/440 
f 372/171/438 375/170/441 373/168/439 
f 373/168/439 375/170/441 336/157/397 
f 373/168/439 376/156/442 377/155/443 
f 373/168/439 336/157/397 376/156/442 
f 376/156/442 336/157/397 366/150/430 
f 376/156/442 366/150/430 378/149/444 
f 376/156/442 378/149/444 377/155/443 
f 373/168/439 379/166/445 380/169/446 
f 373/168/439 377/155/443 379/166/445 
f 381/167/447 379/166/445 382/164/448 
f 381/167/447 383/179/449 379/166/445 
f 379/166/445 383/179/449 380/169/446 
f 373/168/439 380/169/446 374/262/440 
f 372/171/438 374/262/440 384/261/450 
f 372/171/438 384/261/450 385/260/451 
f 372/171/438 385/260/451 375/170/441 
f 375/170/441 385/260/451 386/174/452 
f 375/170/441 387/173/453 334/172/395 
f 375/170/441 386/174/452 387/173/453 
f 387/173/453 386/174/452 388/259/454 
f 387/173/453 388/259/454 334/172/395 
f 334/172/395 388/259/454 330/82/391 
f 334/172/395 330/82/391 332/85/393 
f 384/261/455 389/267/456 385/260/457 
f 385/260/457 389/267/456 390/266/458 
f 385/260/457 390/266/458 386/174/459 
f 386/174/459 390/266/458 391/265/460 
f 386/174/459 391/265/460 388/259/461 
f 388/259/461 391/265/460 392/264/462 
f 388/259/461 392/264/462 330/82/463 
f 330/82/463 392/264/462 393/84/464 
f 330/82/463 393/84/464 331/83/465 
f 331/83/465 393/84/464 394/87/466 
f 331/83/465 394/87/466 326/86/467 
f 326/86/467 394/87/466 395/101/468 
f 326/86/467 395/101/468 324/80/469 
f 324/80/469 395/101/468 396/100/470 
f 324/80/469 396/100/470 325/92/471 
f 325/92/471 396/100/470 397/99/472 
f 325/92/471 397/99/472 329/91/473 
f 329/91/473 397/99/472 398/98/474 
f 329/91/473 398/98/474 339/97/475 
f 339/97/475 398/98/474 399/106/476 
f 339/97/475 399/106/476 340/96/477 
f 340/96/477 399/106/476 400/104/478 
f 340/96/401 401/105/479 343/94/404 
f 340/96/477 400/104/478 401/105/480 
f 401/105/480 400/104/478 402/103/481 
f 401/105/480 402/103/481 403/108/482 
f 403/108/482 402/103/481 404/111/483 
f 403/108/482 404/111/483 405/110/484 
f 405/110/484 404/111/483 406/113/485 
f 401/105/479 407/107/486 343/94/404 
f 401/105/479 403/108/487 407/107/486 
f 407/107/486 403/108/487 408/109/488 
f 408/109/488 403/108/487 405/110/489 
f 408/109/488 405/110/489 409/112/490 
f 408/109/488 410/114/491 29/20/16 
f 408/109/488 409/112/490 410/114/491 
f 410/114/491 409/112/490 411/115/492 
f 410/114/491 412/124/493 413/122/494 
f 410/114/491 411/115/492 412/124/493 
f 412/124/493 411/115/492 413/122/494 
f 405/110/484 406/113/485 409/112/495 
f 409/112/495 406/113/485 414/116/496 
f 409/112/495 414/116/496 411/115/497 
f 411/115/497 414/116/496 415/121/498 
f 411/115/497 415/121/498 416/120/499 
f 411/115/492 416/120/500 413/122/494 
f 413/122/494 416/120/500 33/24/21 
f 413/122/494 417/123/501 35/26/23 
f 413/122/494 33/24/21 417/123/501 
f 417/123/501 33/24/21 35/26/23 
f 413/122/494 35/26/23 27/18/14 
f 413/122/494 27/18/14 410/114/491 
f 410/114/491 27/18/14 29/20/16 
f 418/131/502 419/127/503 420/128/504 
f 420/128/504 419/127/503 421/125/505 
f 420/128/504 421/125/505 422/117/506 
f 422/117/506 421/125/505 34/25/507 
f 422/117/506 34/25/507 423/118/508 
f 423/118/508 34/25/507 33/24/509 
f 423/118/508 33/24/509 424/119/510 
f 424/119/510 33/24/509 416/120/499 
f 424/119/510 416/120/499 415/121/498 
f 425/139/511 426/136/512 427/140/513 
f 425/139/514 428/138/515 426/136/516 
f 426/136/516 428/138/515 429/135/517 
f 426/136/512 430/133/518 431/137/519 
f 426/136/516 429/135/517 430/133/520 
f 430/133/520 429/135/517 432/132/521 
f 430/133/518 433/130/522 434/134/523 
f 430/133/520 432/132/521 433/130/524 
f 433/130/524 432/132/521 435/129/525 
f 433/130/522 419/127/503 418/131/502 
f 433/130/524 435/129/525 419/127/526 
f 419/127/526 435/129/525 436/126/527 
f 419/127/526 436/126/527 421/125/528 
f 421/125/528 436/126/527 36/27/24 
f 421/125/528 36/27/24 34/25/22 
f 428/138/515 437/141/529 429/135/517 
f 429/135/517 437/141/529 438/143/530 
f 429/135/517 438/143/530 432/132/521 
f 432/132/521 438/143/530 52/43/42 
f 432/132/521 52/43/42 435/129/525 
f 435/129/525 52/43/42 40/31/29 
f 435/129/525 40/31/29 436/126/527 
f 436/126/527 40/31/29 28/19/15 
f 436/126/527 28/19/15 36/27/24 
f 433/130/522 418/131/502 434/134/523 
f 430/133/518 434/134/523 431/137/519 
f 426/136/512 431/137/519 427/140/513 
f 425/139/511 427/140/513 439/186/531 
f 425/139/511 439/186/531 440/142/532 
f 440/142/532 439/186/531 441/185/533 
f 440/142/532 441/185/533 442/175/534 
f 442/175/534 441/185/533 443/184/535 
f 442/175/534 443/184/535 444/146/536 
f 444/146/536 445/183/537 446/148/538 
f 444/146/536 443/184/535 445/183/537 
f 428/138/515 425/139/514 437/141/529 
f 437/141/529 425/139/514 440/142/539 
f 437/141/529 440/142/539 447/176/540 
f 447/176/540 440/142/539 442/175/541 
f 447/176/540 448/144/542 437/141/529 
f 447/176/540 442/175/541 448/144/542 
f 448/144/542 442/175/541 444/146/543 
f 448/144/542 449/145/544 54/45/45 
f 448/144/542 444/146/543 449/145/544 
f 449/145/544 444/146/543 446/148/545 
f 449/145/544 450/147/546 55/46/47 
f 449/145/544 446/148/545 450/147/546 
f 450/147/546 446/148/545 451/163/547 
f 450/147/546 451/163/547 452/162/548 
f 452/162/548 451/163/547 453/165/549 
f 452/162/548 453/165/549 382/164/448 
f 382/164/448 453/165/549 381/167/447 
f 56/47/49 55/46/47 450/147/546 
f 449/145/544 55/46/47 54/45/45 
f 448/144/542 54/45/45 438/143/530 
f 448/144/542 438/143/530 437/141/529 
f 57/48/51 56/47/49 59/50/53 
f 59/50/53 56/47/49 450/147/546 
f 59/50/53 450/147/546 452/162/548 
f 59/50/53 452/162/548 454/153/550 
f 454/153/550 452/162/548 382/164/448 
f 454/153/550 382/164/448 455/154/551 
f 59/50/53 454/153/550 60/51/54 
f 60/51/54 454/153/550 65/56/62 
f 65/56/62 454/153/550 455/154/551 
f 65/56/62 455/154/551 68/59/66 
f 73/64/72 72/63/71 85/76/84 
f 85/76/84 72/63/71 456/152/552 
f 456/152/552 72/63/71 71/62/70 
f 456/152/552 71/62/70 457/151/553 
f 457/151/553 71/62/70 70/61/69 
f 457/151/553 70/61/69 366/150/554 
f 366/150/554 70/61/69 69/60/68 
f 366/150/430 69/60/67 378/149/444 
f 378/149/444 69/60/67 68/59/66 
f 378/149/444 68/59/66 377/155/443 
f 377/155/443 68/59/66 455/154/551 
f 377/155/443 455/154/551 379/166/445 
f 379/166/445 455/154/551 382/164/448 
f 458/269/555 459/270/556 218/271/557 
f 218/271/557 459/270/556 219/272/558 
f 459/270/556 460/273/559 461/274/560 
f 459/270/556 458/269/555 460/273/559 
f 460/273/559 458/269/555 462/275/561 
f 460/273/559 463/276/562 464/277/563 
f 460/273/559 462/275/561 463/276/562 
f 463/276/562 462/275/561 268/208/309 
f 463/276/562 268/208/309 251/191/292 
f 463/276/562 251/191/292 255/195/296 
f 463/276/562 255/195/296 256/196/297 
f 463/276/562 256/196/297 464/277/563 
f 460/273/559 464/277/563 461/274/560 
f 459/270/556 461/274/560 465/278/564 
f 459/270/556 465/278/564 219/272/558 
f 219/272/558 465/278/564 220/279/565 
f 256/196/297 257/197/298 464/277/563 
f 464/277/563 257/197/298 308/280/566 
f 464/277/563 308/280/566 310/281/567 
f 464/277/563 310/281/567 461/274/560 
f 461/274/560 310/281/567 312/282/568 
f 461/274/560 312/282/568 465/278/564 
f 465/278/564 312/282/568 221/283/569 
f 465/278/564 221/283/569 220/279/565 
f 212/209/310 268/208/309 211/284/570 
f 211/284/570 268/208/309 462/275/561 
f 211/284/570 462/275/561 210/285/571 
f 210/285/571 462/275/561 458/269/555 
f 210/285/571 458/269/555 209/286/572 
f 209/286/572 458/269/555 218/271/557 
f 209/286/572 218/271/557 208/287/573 
f 284/225/326 282/223/324 285/226/327 
f 375/170/441 334/172/395 336/157/397 
f 52/43/42 438/143/530 53/44/43 
f 53/44/43 438/143/530 54/45/45 
f 466/188/574 467/194/575 468/195/576 
f 468/195/576 467/194/575 469/191/577 
f 470/187/578 466/188/574 471/196/579 
f 471/196/579 466/188/574 468/195/576 
f 471/196/579 468/195/576 472/276/580 
f 472/276/580 468/195/576 469/191/577 
f 472/276/580 469/191/577 473/208/581 
f 472/276/580 473/208/581 474/275/582 
f 475/190/583 469/191/577 476/193/584 
f 476/193/584 469/191/577 467/194/575 
f 476/193/584 467/194/575 477/205/585 
f 477/205/585 467/194/575 478/203/586 
f 478/203/586 467/194/575 466/188/574 
f 478/203/586 479/189/587 480/201/588 
f 478/203/586 466/188/574 479/189/587 
f 479/189/587 466/188/574 470/187/578 
f 479/189/587 481/199/589 482/200/590 
f 479/189/587 470/187/578 481/199/589 
f 481/199/589 470/187/578 345/198/591 
f 345/198/591 470/187/578 358/197/592 
f 358/197/592 470/187/578 471/196/579 
f 358/197/592 483/277/593 367/280/594 
f 358/197/592 471/196/579 483/277/593 
f 483/277/593 471/196/579 472/276/580 
f 483/277/593 472/276/580 484/273/595 
f 472/276/580 474/275/582 484/273/595 
f 484/273/595 474/275/582 485/269/596 
f 484/273/595 485/269/596 486/270/597 
f 486/270/597 485/269/596 365/271/598 
f 486/270/597 365/271/598 364/272/599 
f 486/270/597 364/272/599 487/278/600 
f 487/278/600 364/272/599 363/279/601 
f 487/278/600 363/279/601 362/283/602 
f 487/278/600 362/283/602 370/282/603 
f 487/278/600 488/274/604 486/270/597 
f 487/278/600 370/282/603 488/274/604 
f 488/274/604 370/282/603 371/281/605 
f 488/274/604 483/277/593 484/273/595 
f 488/274/604 371/281/605 483/277/593 
f 483/277/593 371/281/605 367/280/594 
f 488/274/604 484/273/595 486/270/597 
f 366/287/606 365/271/598 457/286/607 
f 457/286/607 365/271/598 485/269/596 
f 457/286/607 485/269/596 456/285/608 
f 456/285/608 485/269/596 474/275/582 
f 456/285/608 474/275/582 85/284/609 
f 85/284/609 474/275/582 473/208/581 
f 85/284/609 473/208/581 84/209/610 
f 84/209/610 473/208/581 469/191/577 
f 84/209/610 469/191/577 83/192/611 
f 83/192/611 469/191/577 475/190/583 
f 83/192/611 475/190/583 489/210/612 
f 489/210/612 475/190/583 476/193/584 
f 489/210/612 490/207/613 491/212/614 
f 489/210/612 476/193/584 490/207/613 
f 490/207/613 476/193/584 477/205/585 
f 492/206/615 490/207/613 477/205/585 
f 492/206/615 493/214/616 490/207/613 
f 490/207/613 493/214/616 494/213/617 
f 490/207/613 494/213/617 491/212/614 
f 83/192/611 489/210/612 82/217/618 
f 82/217/618 489/210/612 491/212/614 
f 82/217/618 491/212/614 80/216/619 
f 80/216/619 491/212/614 494/213/617 
f 80/216/619 494/213/617 81/215/620 
f 492/206/615 477/205/585 478/203/586 
f 492/206/615 478/203/586 495/204/621 
f 495/204/621 478/203/586 480/201/588 
f 495/204/621 480/201/588 496/202/622 
f 496/202/622 480/201/588 482/200/590 
f 496/202/622 482/200/590 497/211/623 
f 479/189/587 482/200/590 480/201/588 
f 30/21/18 31/22/19 498/288/624 
f 498/288/624 31/22/19 32/23/20 
f 29/20/16 499/289/625 408/109/488 
f 29/20/16 30/21/17 499/289/625 
f 499/289/625 30/21/17 498/288/626 
f 499/289/625 500/224/627 407/107/486 
f 499/289/625 498/288/626 500/224/627 
f 500/224/627 501/220/628 502/218/629 
f 500/224/627 498/288/626 501/220/628 
f 501/220/630 498/288/624 32/23/20 
f 501/220/630 503/230/631 504/219/632 
f 501/220/630 32/23/20 503/230/631 
f 497/241/633 482/238/634 505/239/635 
f 505/239/635 482/238/634 506/236/636 
f 505/239/635 506/236/636 507/240/637 
f 507/240/637 506/236/636 508/237/638 
f 508/237/638 506/236/636 509/229/639 
f 508/237/638 503/230/631 510/290/640 
f 508/237/638 509/229/639 503/230/631 
f 503/230/631 509/229/639 504/219/632 
f 501/220/628 504/219/641 502/218/629 
f 500/224/627 502/218/629 407/107/486 
f 499/289/625 407/107/486 408/109/488 
f 509/229/639 349/228/410 504/219/632 
f 504/219/632 349/228/410 511/221/642 
f 504/219/641 511/221/643 502/218/629 
f 502/218/629 511/221/643 512/225/644 
f 512/225/644 511/221/643 513/226/645 
f 512/225/644 514/223/646 502/218/629 
f 512/225/644 513/226/645 514/223/646 
f 514/223/646 513/226/645 344/222/405 
f 514/223/646 407/107/486 502/218/629 
f 514/223/646 344/222/405 407/107/486 
f 407/107/486 344/222/405 343/94/404 
f 513/226/645 511/221/643 352/227/647 
f 352/227/413 511/221/642 349/228/410 
f 342/93/403 344/222/405 355/231/417 
f 355/231/417 344/222/405 513/226/645 
f 355/231/417 513/226/645 351/232/415 
f 351/232/415 513/226/645 352/227/647 
f 348/233/409 352/227/413 349/228/410 
f 347/234/408 349/228/410 509/229/639 
f 347/234/408 515/235/648 345/242/406 
f 347/234/408 509/229/639 515/235/648 
f 515/235/648 509/229/639 506/236/636 
f 515/235/648 506/236/636 482/238/634 
f 515/235/648 482/238/634 481/243/649 
f 515/235/648 481/243/649 345/242/406 
f 354/250/416 342/93/403 355/231/417 
f 19/10/2 510/290/640 32/23/20 
f 32/23/20 510/290/640 503/230/631 
f 291/232/336 290/231/335 304/250/356 
f 304/250/356 290/231/335 102/93/104 
f 304/250/356 102/93/104 111/102/117 
f 171/46/192 178/47/201 172/147/193 
f 172/147/193 178/47/201 182/50/205 
f 516/291/650 37/28/651 517/292/652 
f 517/292/652 37/28/651 39/30/653 
f 517/292/652 39/30/653 79/70/654 
f 79/70/654 39/30/653 76/67/655 
f 79/70/654 76/67/655 77/68/656 
f 37/28/651 516/291/650 6/6/657 
f 6/6/657 516/291/650 518/293/658 
f 6/6/657 518/293/658 1/1/659 
f 1/1/659 518/293/658 519/294/660 
f 1/1/659 519/294/660 2/2/661 
f 2/2/661 519/294/660 520/295/662 
f 2/2/661 520/295/662 21/12/663 
f 21/12/663 520/295/662 521/296/664 
f 21/12/663 521/296/664 19/10/665 
f 19/10/665 521/296/664 522/297/666 
f 19/10/665 522/297/666 510/290/667 
f 510/290/667 522/297/666 523/298/668 
f 510/290/667 523/298/668 508/237/669 
f 508/237/669 523/298/668 507/240/670 
f 384/261/450 374/262/440 524/263/671 
f 524/263/671 374/262/440 380/169/446 
f 524/263/671 380/169/446 383/179/449 
f 389/267/456 384/261/455 525/268/672 
f 525/268/672 384/261/455 524/263/673 
f 525/268/672 524/263/673 526/177/674 
f 526/177/674 524/263/673 383/179/675 
f 526/177/674 383/179/675 527/178/676 
f 527/178/676 383/179/675 381/167/677 
f 527/178/676 381/167/677 528/180/678 
f 528/180/678 381/167/677 453/165/679 
f 528/180/678 453/165/679 529/181/680 
f 529/181/680 453/165/679 451/163/681 
f 529/181/680 451/163/681 530/182/682 
f 530/182/682 451/163/681 446/148/538 
f 530/182/682 446/148/538 445/183/537 
f 531/296/683 532/10/684 533/297/685 
f 533/297/685 532/10/684 534/290/686 
f 533/297/685 534/290/686 535/298/687 
f 535/298/687 534/290/686 296/237/688 
f 535/298/687 296/237/688 298/240/689 
f 532/10/684 531/296/683 536/12/690 
f 536/12/690 531/296/683 537/295/691 
f 536/12/690 537/295/691 14/2/692 
f 14/2/692 537/295/691 538/294/693 
f 14/2/692 538/294/693 12/1/694 
f 12/1/694 538/294/693 539/293/695 
f 12/1/694 539/293/695 10/6/696 
f 10/6/696 539/293/695 540/291/697 
f 10/6/696 540/291/697 541/28/698 
f 541/28/698 540/291/697 542/292/699 
f 541/28/698 542/292/699 543/30/700 
f 543/30/700 542/292/699 544/70/701 
f 543/30/702 544/70/703 545/67/704 
f 545/67/704 544/70/703 546/68/705 
f 212/75/246 205/66/236 252/74/706 
f 252/74/706 205/66/236 276/73/707 
f 276/73/707 205/66/236 194/65/223 
f 276/73/707 194/65/223 275/71/708 
f 275/71/708 194/65/223 193/69/222 
f 275/71/708 193/69/222 274/72/709 
f 274/72/709 193/69/222 547/77/710 
f 547/77/710 193/69/222 544/70/711 
f 544/70/711 193/69/222 546/68/712 
f 546/68/712 193/69/222 187/39/214 
f 546/68/712 187/39/214 186/37/212 
f 546/68/712 186/37/212 545/67/713 
f 545/67/713 186/37/212 185/35/210 
f 545/67/713 185/35/210 543/30/714 
f 185/35/210 184/29/207 543/30/714 
f 543/30/714 184/29/207 541/28/715 
f 541/28/715 184/29/207 183/15/206 
f 541/28/715 183/15/206 10/6/1 
f 10/6/1 183/15/206 11/7/1 
f 14/2/5 15/4/1 536/12/716 
f 536/12/716 15/4/1 548/11/717 
f 536/12/716 548/11/717 532/10/718 
f 532/10/718 548/11/717 549/22/719 
f 534/290/720 532/10/718 550/23/721 
f 550/23/721 532/10/718 549/22/719 
f 550/23/721 549/22/719 551/288/722 
f 551/288/722 549/22/719 552/21/723 
f 552/21/723 549/22/719 548/11/717 
f 552/21/723 548/11/717 553/13/724 
f 553/13/724 548/11/717 15/4/1 
f 553/13/724 15/4/1 16/5/1 
f 18/9/1 11/7/1 183/15/206 
f 18/9/1 183/15/206 174/33/208 
f 296/237/342 534/290/720 289/230/334 
f 289/230/334 534/290/720 550/23/721 
f 289/230/334 550/23/721 279/220/725 
f 279/220/725 550/23/721 551/288/722 
f 279/220/321 551/288/726 283/224/325 
f 283/224/325 551/288/726 554/289/727 
f 554/289/727 551/288/726 552/21/728 
f 554/289/727 552/21/728 161/20/182 
f 161/20/182 552/21/728 553/13/729 
f 161/20/182 553/13/729 162/14/183 
f 162/14/183 553/13/729 16/5/730 
f 162/14/183 16/5/730 163/16/184 
f 163/16/184 16/5/730 17/8/195 
f 163/16/184 17/8/195 164/17/185 
f 295/236/341 298/240/345 296/237/342 
f 288/229/333 296/237/342 289/230/334 
f 278/219/332 289/230/334 279/220/725 
f 277/218/319 279/220/321 283/224/325 
f 116/107/124 283/224/325 554/289/727 
f 116/107/124 554/289/727 118/109/127 
f 118/109/127 554/289/727 161/20/182 
f 118/109/127 161/20/182 123/114/134 
f 123/114/134 161/20/182 134/18/148 
f 321/299/731 555/300/732 322/301/733 
f 322/301/733 555/300/732 556/302/734 
f 322/301/733 556/302/734 237/303/735 
f 237/303/735 556/302/734 557/304/736 
f 237/303/735 557/304/736 238/305/737 
f 238/305/737 557/304/736 558/306/738 
f 238/305/737 558/306/738 240/307/739 
f 240/307/739 558/306/738 559/308/740 
f 240/307/739 559/308/740 241/309/741 
f 241/309/741 559/308/740 560/310/742 
f 241/309/741 560/310/742 242/311/743 
f 242/311/743 560/310/742 561/312/744 
f 242/311/743 561/312/744 243/313/745 
f 243/313/745 561/312/744 562/314/746 
f 243/313/745 562/314/746 244/315/747 
f 561/312/748 560/310/749 563/316/750 
f 563/316/750 564/317/751 565/318/752 
f 563/316/750 560/310/749 564/317/751 
f 564/317/751 560/310/749 559/308/753 
f 564/317/751 566/319/754 567/320/755 
f 564/317/751 559/308/753 566/319/754 
f 566/319/754 568/321/756 569/322/757 
f 566/319/754 559/308/753 568/321/756 
f 568/321/756 559/308/753 558/306/758 
f 568/321/756 558/306/758 557/304/759 
f 568/321/756 570/323/760 571/324/761 
f 568/321/756 557/304/759 570/323/760 
f 570/323/760 557/304/759 556/302/762 
f 570/323/760 572/325/763 573/326/764 
f 570/323/760 556/302/762 572/325/763 
f 572/325/763 556/302/762 555/300/765 
f 572/325/763 555/300/765 574/327/766 
f 572/325/763 574/327/766 575/328/767 
f 572/325/763 575/328/767 573/326/764 
f 570/323/760 573/326/764 571/324/761 
f 568/321/756 571/324/761 569/322/757 
f 566/319/754 569/322/757 567/320/755 
f 564/317/751 567/320/755 565/318/752 
f 563/316/750 576/329/768 561/312/748 
f 563/316/750 565/318/752 576/329/768 
f 576/329/768 565/318/752 577/330/769 
f 576/329/768 578/331/770 579/332/771 
f 576/329/768 577/330/769 578/331/770 
f 578/331/770 577/330/769 580/333/772 
f 578/331/770 581/334/773 579/332/771 
f 578/331/770 580/333/772 581/334/773 
f 569/322/757 582/335/774 567/320/755 
f 567/320/755 582/335/774 583/336/775 
f 567/320/755 583/336/775 584/337/776 
f 567/320/755 584/337/776 565/318/752 
f 565/318/752 584/337/776 577/330/769 
f 577/330/769 584/337/776 585/338/777 
f 577/330/769 585/338/777 586/339/778 
f 577/330/769 586/339/778 580/333/772 
f 580/333/772 586/339/778 587/340/779 
f 580/333/772 588/341/780 581/334/773 
f 580/333/772 587/340/779 588/341/780 
f 588/341/780 587/340/779 589/342/781 
f 588/341/780 590/343/782 591/344/783 
f 588/341/780 589/342/781 590/343/782 
f 590/343/782 589/342/781 592/345/784 
f 590/343/782 593/346/785 594/347/786 
f 590/343/782 592/345/784 593/346/785 
f 595/348/787 596/349/788 583/336/775 
f 583/336/775 596/349/788 584/337/776 
f 584/337/776 596/349/788 597/350/789 
f 584/337/776 597/350/789 585/338/777 
f 585/338/777 597/350/789 598/351/790 
f 585/338/777 598/351/790 599/352/791 
f 585/338/777 599/352/791 586/339/778 
f 586/339/778 599/352/791 600/353/792 
f 586/339/778 600/353/792 587/340/779 
f 587/340/779 600/353/792 601/354/793 
f 587/340/779 601/354/793 589/342/781 
f 589/342/781 601/354/793 602/355/794 
f 589/342/781 602/355/794 603/356/795 
f 589/342/781 603/356/795 592/345/784 
f 604/357/796 605/358/797 595/348/787 
f 595/348/787 605/358/797 606/359/798 
f 595/348/787 606/359/798 596/349/788 
f 596/349/788 606/359/798 607/360/799 
f 596/349/788 607/360/799 597/350/789 
f 597/350/789 607/360/799 608/361/800 
f 597/350/789 608/361/800 598/351/790 
f 598/351/790 608/361/800 609/362/801 
f 598/351/790 609/362/801 610/363/802 
f 598/351/790 610/363/802 599/352/791 
f 599/352/791 610/363/802 611/364/803 
f 599/352/791 611/364/803 600/353/792 
f 600/353/792 611/364/803 601/354/793 
f 601/354/793 611/364/803 612/365/804 
f 613/366/805 614/367/806 615/368/807 
f 613/366/805 609/362/801 614/367/806 
f 614/367/806 609/362/801 608/361/800 
f 614/367/806 616/369/808 617/370/809 
f 614/367/806 608/361/800 616/369/808 
f 616/369/808 618/371/810 619/372/811 
f 616/369/808 608/361/800 618/371/810 
f 618/371/810 608/361/800 607/360/799 
f 618/371/810 620/373/812 621/374/813 
f 618/371/810 607/360/799 620/373/812 
f 620/373/812 607/360/799 606/359/798 
f 620/373/812 622/375/814 623/376/815 
f 620/373/812 606/359/798 622/375/814 
f 622/375/814 606/359/798 605/358/797 
f 622/375/814 605/358/797 624/377/816 
f 624/377/816 605/358/797 604/357/796 
f 624/377/816 604/357/796 625/378/817 
f 625/378/817 604/357/796 626/379/818 
f 625/378/817 626/379/818 627/380/819 
f 628/381/820 629/382/821 630/383/822 
f 630/383/822 629/382/821 622/375/814 
f 622/375/814 629/382/821 623/376/815 
f 620/373/812 623/376/815 631/384/823 
f 620/373/812 631/384/823 621/374/813 
f 618/371/810 621/374/813 619/372/811 
f 616/369/808 619/372/811 632/385/824 
f 616/369/808 632/385/824 617/370/809 
f 614/367/806 617/370/809 615/368/807 
f 633/386/825 632/385/824 634/387/826 
f 634/387/826 632/385/824 619/372/811 
f 634/387/826 619/372/811 621/374/813 
f 634/387/826 621/374/813 631/384/823 
f 634/387/826 631/384/823 635/388/827 
f 635/388/827 631/384/823 636/389/828 
f 635/388/827 636/389/828 637/390/829 
f 637/390/829 636/389/828 638/391/830 
f 637/390/829 638/391/830 639/392/831 
f 639/392/831 638/391/830 640/393/832 
f 639/392/831 640/393/832 641/394/833 
f 641/394/833 640/393/832 642/395/834 
f 641/394/833 642/395/834 643/396/835 
f 643/396/835 644/397/836 645/398/837 
f 643/396/835 642/395/834 644/397/836 
f 623/376/815 646/399/838 631/384/823 
f 631/384/823 646/399/838 636/389/828 
f 636/389/828 646/399/838 647/400/839 
f 636/389/828 647/400/839 638/391/830 
f 638/391/830 647/400/839 648/401/840 
f 638/391/830 648/401/840 640/393/832 
f 640/393/832 648/401/840 649/402/841 
f 640/393/832 649/402/841 642/395/834 
f 642/395/834 649/402/841 650/403/842 
f 642/395/834 650/403/842 644/397/836 
f 644/397/836 650/403/842 651/404/843 
f 644/397/836 651/404/843 652/405/844 
f 644/397/836 652/405/844 645/398/837 
f 653/406/845 654/407/846 655/408/847 
f 653/406/845 651/404/843 654/407/846 
f 654/407/846 651/404/843 650/403/842 
f 654/407/846 656/409/848 657/410/849 
f 654/407/846 650/403/842 656/409/848 
f 656/409/848 650/403/842 649/402/841 
f 656/409/848 658/411/850 659/412/851 
f 656/409/848 649/402/841 658/411/850 
f 658/411/850 649/402/841 648/401/840 
f 658/411/850 660/413/852 661/414/853 
f 658/411/850 648/401/840 660/413/852 
f 660/413/852 648/401/840 647/400/839 
f 660/413/852 662/415/854 663/416/855 
f 660/413/852 647/400/839 662/415/854 
f 662/415/854 647/400/839 646/399/838 
f 662/415/854 664/417/856 665/418/857 
f 662/415/854 646/399/838 664/417/856 
f 664/417/856 646/399/838 623/376/815 
f 664/417/856 629/382/821 628/381/820 
f 664/417/856 623/376/815 629/382/821 
f 664/417/856 628/381/820 665/418/857 
f 662/415/854 665/418/857 663/416/855 
f 660/413/852 663/416/855 661/414/853 
f 658/411/850 661/414/853 659/412/851 
f 656/409/848 659/412/851 657/410/849 
f 654/407/846 657/410/849 655/408/847 
f 653/406/845 655/408/847 666/419/858 
f 661/414/853 667/420/859 659/412/851 
f 659/412/851 667/420/859 668/421/860 
f 659/412/851 668/421/860 657/410/849 
f 657/410/849 668/421/860 669/422/861 
f 657/410/849 669/422/861 655/408/847 
f 655/408/847 669/422/861 670/423/862 
f 655/408/847 670/423/862 666/419/858 
f 666/419/858 670/423/862 671/424/863 
f 666/419/858 671/424/863 672/425/864 
f 672/425/864 671/424/863 673/426/865 
f 673/426/865 671/424/863 674/427/866 
f 673/426/865 674/427/866 675/428/867 
f 675/428/867 674/427/866 676/429/868 
f 676/429/868 674/427/866 677/430/869 
f 677/430/869 678/431/870 679/432/871 
f 677/430/869 674/427/866 678/431/870 
f 678/431/870 674/427/866 671/424/863 
f 678/431/870 671/424/863 670/423/862 
f 678/431/870 680/433/872 679/432/871 
f 678/431/870 670/423/862 680/433/872 
f 680/433/872 670/423/862 669/422/861 
f 680/433/872 669/422/861 681/434/873 
f 681/434/873 669/422/861 668/421/860 
f 681/434/873 668/421/860 682/435/874 
f 682/435/874 668/421/860 667/420/859 
f 682/435/874 667/420/859 683/436/875 
f 683/436/875 667/420/859 684/437/876 
f 683/436/875 684/437/876 685/438/877 
f 685/438/877 684/437/876 686/439/878 
f 685/438/877 686/439/878 687/440/879 
f 667/420/859 661/414/853 684/437/876 
f 684/437/876 661/414/853 663/416/855 
f 684/437/876 663/416/855 686/439/878 
f 686/439/878 663/416/855 665/418/857 
f 686/439/878 688/441/880 687/440/879 
f 686/439/878 665/418/857 688/441/880 
f 688/441/880 665/418/857 628/381/820 
f 688/441/880 689/442/881 690/443/882 
f 688/441/880 628/381/820 689/442/881 
f 689/442/881 628/381/820 630/383/822 
f 689/442/881 691/444/883 692/445/884 
f 689/442/881 630/383/822 691/444/883 
f 691/444/883 630/383/822 693/446/885 
f 693/446/885 630/383/822 622/375/814 
f 693/446/885 622/375/814 624/377/816 
f 693/446/885 694/447/886 691/444/883 
f 693/446/885 624/377/816 694/447/886 
f 694/447/886 624/377/816 625/378/817 
f 695/448/887 696/449/888 697/450/889 
f 697/450/889 698/451/890 699/452/891 
f 697/450/889 696/449/888 698/451/890 
f 698/451/890 696/449/888 700/453/892 
f 698/451/890 701/454/893 702/455/894 
f 698/451/890 700/453/892 701/454/893 
f 701/454/893 700/453/892 703/456/895 
f 701/454/893 704/457/896 705/458/897 
f 701/454/893 703/456/895 704/457/896 
f 704/457/896 706/459/898 627/380/819 
f 704/457/896 703/456/895 706/459/898 
f 706/459/898 703/456/895 707/460/899 
f 706/459/898 694/447/886 625/378/817 
f 706/459/898 707/460/899 694/447/886 
f 694/447/886 707/460/899 691/444/883 
f 706/459/898 625/378/817 627/380/819 
f 704/457/896 627/380/819 708/461/900 
f 704/457/896 708/461/900 705/458/897 
f 701/454/893 705/458/897 702/455/894 
f 698/451/890 702/455/894 699/452/891 
f 697/450/889 699/452/891 709/462/901 
f 697/450/889 710/463/902 695/448/887 
f 697/450/889 709/462/901 710/463/902 
f 710/463/902 709/462/901 711/464/903 
f 710/463/902 712/465/904 713/466/905 
f 710/463/902 711/464/903 712/465/904 
f 626/379/818 714/467/906 627/380/819 
f 627/380/819 714/467/906 708/461/900 
f 708/461/900 714/467/906 715/468/907 
f 708/461/900 715/468/907 716/469/908 
f 708/461/900 716/469/908 705/458/897 
f 705/458/897 716/469/908 717/470/909 
f 705/458/897 717/470/909 702/455/894 
f 702/455/894 717/470/909 718/471/910 
f 702/455/894 718/471/910 699/452/891 
f 699/452/891 718/471/910 719/472/911 
f 699/452/891 719/472/911 709/462/901 
f 709/462/901 719/472/911 720/473/912 
f 709/462/901 720/473/912 711/464/903 
f 711/464/903 720/473/912 721/474/913 
f 722/475/914 718/471/910 723/476/915 
f 723/476/915 718/471/910 717/470/909 
f 723/476/915 724/477/916 725/478/917 
f 723/476/915 717/470/909 724/477/916 
f 724/477/916 717/470/909 716/469/908 
f 724/477/916 726/479/918 727/480/919 
f 724/477/916 716/469/908 726/479/918 
f 726/479/918 716/469/908 715/468/907 
f 726/479/918 728/481/920 729/482/921 
f 726/479/918 715/468/907 728/481/920 
f 728/481/920 730/483/922 731/484/923 
f 728/481/920 715/468/907 730/483/922 
f 730/483/922 715/468/907 714/467/906 
f 730/483/922 732/485/924 733/486/925 
f 730/483/922 714/467/906 732/485/924 
f 732/485/924 714/467/906 626/379/818 
f 732/485/924 734/487/926 733/486/925 
f 732/485/924 626/379/818 734/487/926 
f 734/487/926 626/379/818 604/357/796 
f 734/487/926 595/348/787 583/336/775 
f 734/487/926 604/357/796 595/348/787 
f 734/487/926 583/336/775 582/335/774 
f 734/487/926 582/335/774 733/486/925 
f 730/483/922 733/486/925 731/484/923 
f 728/481/920 731/484/923 735/488/927 
f 728/481/920 735/488/927 729/482/921 
f 726/479/918 729/482/921 727/480/919 
f 724/477/916 727/480/919 725/478/917 
f 569/322/757 571/324/761 582/335/774 
f 582/335/774 571/324/761 733/486/925 
f 733/486/925 571/324/761 573/326/764 
f 733/486/925 573/326/764 731/484/923 
f 731/484/923 573/326/764 575/328/767 
f 731/484/923 575/328/767 735/488/927 
f 735/488/927 575/328/767 736/489/928 
f 735/488/927 736/489/928 729/482/921 
f 729/482/921 736/489/928 737/490/929 
f 729/482/921 737/490/929 727/480/919 
f 727/480/919 737/490/929 738/491/930 
f 727/480/919 738/491/930 725/478/917 
f 725/478/917 738/491/930 739/492/931 
f 725/478/917 740/493/932 723/476/915 
f 725/478/917 739/492/931 740/493/932 
f 741/494/933 742/495/934 743/496/935 
f 743/496/935 742/495/934 744/497/936 
f 744/497/936 742/495/934 739/492/931 
f 744/497/936 739/492/931 745/498/937 
f 745/498/937 739/492/931 738/491/930 
f 745/498/937 738/491/930 746/499/938 
f 746/499/938 738/491/930 737/490/929 
f 746/499/938 737/490/929 747/500/939 
f 747/500/939 737/490/929 736/489/928 
f 747/500/939 736/489/928 748/501/940 
f 748/501/940 736/489/928 575/328/767 
f 748/501/940 575/328/767 749/502/941 
f 749/502/941 575/328/767 574/327/766 
f 749/502/941 750/503/942 751/504/943 
f 749/502/941 574/327/766 750/503/942 
f 752/505/944 743/496/935 753/506/945 
f 753/506/945 743/496/935 744/497/936 
f 753/506/945 744/497/936 754/507/946 
f 754/507/946 744/497/936 745/498/937 
f 754/507/946 745/498/937 755/508/947 
f 755/508/947 745/498/937 746/499/938 
f 755/508/947 746/499/938 756/509/948 
f 756/509/948 746/499/938 747/500/939 
f 756/509/948 747/500/939 757/510/949 
f 757/510/949 747/500/939 748/501/940 
f 757/510/949 748/501/940 758/511/950 
f 758/511/950 748/501/940 749/502/941 
f 758/511/950 749/502/941 759/512/951 
f 758/511/950 759/512/951 760/513/952 
f 753/506/945 754/507/946 761/514/953 
f 761/514/953 754/507/946 762/515/954 
f 762/515/954 754/507/946 763/516/955 
f 763/516/955 754/507/946 755/508/947 
f 763/516/955 755/508/947 764/517/956 
f 764/517/956 755/508/947 756/509/948 
f 764/517/956 756/509/948 765/518/957 
f 765/518/957 756/509/948 757/510/949 
f 765/518/957 757/510/949 766/519/958 
f 766/519/958 757/510/949 758/511/950 
f 766/519/958 758/511/950 760/513/952 
f 766/519/958 767/520/959 768/521/960 
f 766/519/958 760/513/952 767/520/959 
f 767/520/959 769/522/961 768/521/960 
f 767/520/959 760/513/952 769/522/961 
f 769/522/961 770/523/962 771/524/963 
f 769/522/961 760/513/952 770/523/962 
f 772/525/964 761/514/953 773/526/965 
f 773/526/965 761/514/953 762/515/954 
f 773/526/965 762/515/954 774/527/966 
f 774/527/966 762/515/954 775/528/967 
f 775/528/967 762/515/954 763/516/955 
f 775/528/967 763/516/955 776/529/968 
f 776/529/968 763/516/955 764/517/956 
f 776/529/968 777/530/969 775/528/967 
f 776/529/968 764/517/956 777/530/969 
f 777/530/969 778/531/970 779/532/971 
f 777/530/969 764/517/956 778/531/970 
f 778/531/970 764/517/956 765/518/957 
f 778/531/970 780/533/972 779/532/971 
f 778/531/970 765/518/957 780/533/972 
f 780/533/972 765/518/957 781/534/973 
f 781/534/973 765/518/957 766/519/958 
f 781/534/973 766/519/958 768/521/960 
f 782/535/974 780/533/972 781/534/973 
f 782/535/974 783/536/975 780/533/972 
f 780/533/972 783/536/975 779/532/971 
f 777/530/969 779/532/971 784/537/976 
f 777/530/969 784/537/976 775/528/967 
f 782/535/974 781/534/973 768/521/960 
f 782/535/974 768/521/960 785/538/977 
f 785/538/977 768/521/960 786/539/978 
f 785/538/977 786/539/978 787/540/979 
f 785/538/977 787/540/979 788/541/980 
f 788/541/980 787/540/979 789/542/981 
f 788/541/980 789/542/981 790/543/982 
f 790/543/982 789/542/981 791/544/983 
f 790/543/982 791/544/983 792/545/984 
f 792/545/984 791/544/983 793/546/985 
f 792/545/984 793/546/985 794/547/986 
f 792/545/984 794/547/986 795/548/987 
f 795/548/987 796/549/988 797/550/989 
f 795/548/987 794/547/986 796/549/988 
f 794/547/986 798/551/990 799/552/991 
f 794/547/986 793/546/985 798/551/990 
f 798/551/990 800/553/992 801/554/993 
f 798/551/990 793/546/985 800/553/992 
f 800/553/992 802/555/994 803/556/995 
f 800/553/992 793/546/985 802/555/994 
f 802/555/994 793/546/985 791/544/983 
f 802/555/994 804/557/996 805/558/997 
f 802/555/994 791/544/983 804/557/996 
f 804/557/996 791/544/983 789/542/981 
f 804/557/996 806/559/998 807/560/999 
f 804/557/996 789/542/981 806/559/998 
f 806/559/998 789/542/981 787/540/979 
f 806/559/998 808/561/1000 809/562/1001 
f 806/559/998 787/540/979 808/561/1000 
f 808/561/1000 769/522/961 771/524/963 
f 808/561/1000 787/540/979 769/522/961 
f 769/522/961 787/540/979 786/539/978 
f 769/522/961 786/539/978 768/521/960 
f 808/561/1000 771/524/963 809/562/1001 
f 806/559/998 809/562/1001 807/560/999 
f 804/557/996 807/560/999 805/558/997 
f 802/555/994 805/558/997 803/556/995 
f 800/553/992 803/556/995 801/554/993 
f 798/551/990 801/554/993 810/563/1002 
f 798/551/990 811/564/1003 799/552/991 
f 798/551/990 810/563/1002 811/564/1003 
f 812/565/1004 813/566/1005 814/567/1006 
f 812/565/1004 815/568/1007 813/566/1005 
f 813/566/1005 816/569/1008 817/570/1009 
f 813/566/1005 815/568/1007 816/569/1008 
f 816/569/1008 815/568/1007 807/560/999 
f 816/569/1008 807/560/999 809/562/1001 
f 816/569/1008 818/571/1010 819/572/1011 
f 816/569/1008 809/562/1001 818/571/1010 
f 818/571/1010 809/562/1001 771/524/963 
f 818/571/1010 820/573/1012 821/574/1013 
f 818/571/1010 771/524/963 820/573/1012 
f 820/573/1012 822/575/1014 823/576/1015 
f 820/573/1012 771/524/963 822/575/1014 
f 822/575/1014 771/524/963 770/523/962 
f 822/575/1014 824/577/1016 823/576/1015 
f 822/575/1014 770/523/962 824/577/1016 
f 824/577/1016 825/578/1017 826/579/1018 
f 824/577/1016 770/523/962 825/578/1017 
f 825/578/1017 770/523/962 760/513/952 
f 825/578/1017 827/580/1019 828/581/1020 
f 825/578/1017 760/513/952 827/580/1019 
f 827/580/1019 759/512/951 829/582/1021 
f 827/580/1019 760/513/952 759/512/951 
f 749/502/941 751/504/943 759/512/951 
f 759/512/951 751/504/943 829/582/1021 
f 827/580/1019 829/582/1021 828/581/1020 
f 825/578/1017 828/581/1020 826/579/1018 
f 824/577/1016 826/579/1018 823/576/1015 
f 820/573/1012 823/576/1015 830/583/1022 
f 820/573/1012 830/583/1022 821/574/1013 
f 574/327/766 555/300/765 750/503/942 
f 750/503/1023 555/300/732 321/299/731 
f 750/503/1023 321/299/731 320/584/1024 
f 750/503/1023 320/584/1024 751/504/1025 
f 751/504/1025 320/584/1024 319/585/1026 
f 751/504/1025 319/585/1026 829/582/1027 
f 829/582/1027 319/585/1026 318/586/1028 
f 829/582/1027 318/586/1028 828/581/1029 
f 828/581/1029 318/586/1028 93/587/1030 
f 828/581/1029 93/587/1030 826/579/1031 
f 826/579/1031 93/587/1030 96/588/1032 
f 826/579/1031 96/588/1032 823/576/1033 
f 823/576/1033 96/588/1032 110/589/1034 
f 823/576/1033 110/589/1034 830/583/1035 
f 110/589/1034 109/590/1036 830/583/1035 
f 830/583/1035 109/590/1036 821/574/1037 
f 821/574/1037 109/590/1036 108/591/1038 
f 821/574/1037 108/591/1038 819/572/1039 
f 819/572/1039 108/591/1038 107/592/1040 
f 819/572/1039 107/592/1040 817/570/1041 
f 817/570/1041 107/592/1040 115/593/1042 
f 817/570/1041 115/593/1042 814/567/1043 
f 814/567/1043 115/593/1042 113/594/1044 
f 814/567/1043 113/594/1044 831/595/1045 
f 831/595/1045 113/594/1044 112/596/1046 
f 831/595/1045 112/596/1046 832/597/1047 
f 832/597/1047 112/596/1046 120/598/1048 
f 832/597/1047 120/598/1048 833/599/1049 
f 821/574/1013 819/572/1011 818/571/1010 
f 816/569/1008 819/572/1011 817/570/1009 
f 813/566/1005 817/570/1009 814/567/1006 
f 812/565/1004 814/567/1006 831/595/1050 
f 812/565/1004 834/600/1051 835/601/1052 
f 812/565/1004 831/595/1050 834/600/1051 
f 834/600/1051 836/602/1053 835/601/1052 
f 834/600/1051 831/595/1050 836/602/1053 
f 836/602/1053 831/595/1050 832/597/1054 
f 836/602/1053 832/597/1054 833/599/1055 
f 836/602/1053 837/603/1056 838/604/1057 
f 836/602/1053 833/599/1055 837/603/1056 
f 837/603/1056 833/599/1055 839/605/1058 
f 837/603/1056 840/606/1059 838/604/1057 
f 837/603/1056 839/605/1058 840/606/1059 
f 841/607/1060 842/608/1061 843/609/1062 
f 841/607/1060 844/610/1063 842/608/1061 
f 842/608/1061 845/611/1064 846/612/1065 
f 842/608/1061 844/610/1063 845/611/1064 
f 845/611/1064 844/610/1063 847/613/1066 
f 845/611/1064 848/614/1067 846/612/1065 
f 845/611/1064 847/613/1066 848/614/1067 
f 848/614/1067 840/606/1059 839/605/1058 
f 848/614/1067 847/613/1066 840/606/1059 
f 840/606/1059 847/613/1066 838/604/1057 
f 836/602/1053 838/604/1057 849/615/1068 
f 836/602/1053 849/615/1068 835/601/1052 
f 812/565/1004 835/601/1052 850/616/1069 
f 812/565/1004 850/616/1069 815/568/1007 
f 848/614/1067 839/605/1058 851/617/1070 
f 848/614/1067 851/617/1070 846/612/1065 
f 842/608/1061 846/612/1065 852/618/1071 
f 842/608/1061 852/618/1071 853/619/1072 
f 842/608/1061 853/619/1072 843/609/1062 
f 843/609/1062 853/619/1072 854/620/1073 
f 843/609/1062 854/620/1073 855/621/1074 
f 855/621/1074 854/620/1073 856/622/1075 
f 855/621/1074 856/622/1075 857/623/1076 
f 857/623/1076 856/622/1075 858/624/1077 
f 857/623/1076 858/624/1077 859/625/1078 
f 841/607/1060 843/609/1062 855/621/1074 
f 841/607/1060 855/621/1074 860/626/1079 
f 860/626/1079 855/621/1074 857/623/1076 
f 860/626/1079 857/623/1076 859/625/1078 
f 860/626/1079 859/625/1078 861/627/1080 
f 861/627/1080 859/625/1078 862/628/1081 
f 861/627/1080 862/628/1081 594/347/786 
f 594/347/786 862/628/1081 591/344/783 
f 594/347/786 591/344/783 590/343/782 
f 588/341/780 591/344/783 863/629/1082 
f 588/341/780 863/629/1082 581/334/773 
f 858/624/1077 864/630/1083 859/625/1078 
f 859/625/1078 864/630/1083 862/628/1081 
f 862/628/1081 864/630/1083 865/631/1084 
f 862/628/1081 865/631/1084 591/344/783 
f 591/344/783 865/631/1084 866/632/1085 
f 591/344/783 866/632/1085 863/629/1082 
f 863/629/1082 866/632/1085 867/633/1086 
f 863/629/1082 867/633/1086 581/334/773 
f 581/334/773 867/633/1086 579/332/771 
f 576/329/768 579/332/771 562/314/1087 
f 576/329/768 562/314/1087 561/312/748 
f 142/634/1088 145/635/1089 856/622/1090 
f 856/622/1090 145/635/1089 858/624/1091 
f 858/624/1091 145/635/1089 148/636/1092 
f 858/624/1091 148/636/1092 864/630/1093 
f 864/630/1093 148/636/1092 151/637/1094 
f 864/630/1093 151/637/1094 865/631/1095 
f 865/631/1095 151/637/1094 154/638/1096 
f 865/631/1095 154/638/1096 866/632/1097 
f 866/632/1097 154/638/1096 246/639/1098 
f 866/632/1097 246/639/1098 867/633/1099 
f 867/633/1099 246/639/1098 245/640/1100 
f 867/633/1099 245/640/1100 579/332/1101 
f 579/332/1101 245/640/1100 244/315/747 
f 579/332/1101 244/315/747 562/314/746 
f 120/598/1048 122/641/1102 833/599/1049 
f 833/599/1049 122/641/1102 839/605/1103 
f 839/605/1103 122/641/1102 125/642/1104 
f 839/605/1103 125/642/1104 851/617/1105 
f 851/617/1105 125/642/1104 133/643/1106 
f 851/617/1105 133/643/1106 846/612/1107 
f 846/612/1107 133/643/1106 131/644/1108 
f 846/612/1107 131/644/1108 852/618/1109 
f 852/618/1109 131/644/1108 127/645/1110 
f 852/618/1109 127/645/1110 853/619/1111 
f 853/619/1111 127/645/1110 126/646/1112 
f 853/619/1111 126/646/1112 854/620/1113 
f 854/620/1113 126/646/1112 142/634/1088 
f 854/620/1113 142/634/1088 856/622/1090 
f 868/647/1114 869/648/1115 870/649/1116 
f 871/650/1117 872/651/1118 873/652/1119 
f 871/650/1117 874/653/1120 872/651/1118 
f 872/651/1118 874/653/1120 875/654/1121 
f 872/651/1118 876/655/1122 877/656/1123 
f 872/651/1118 875/654/1121 876/655/1122 
f 876/655/1122 875/654/1121 868/647/1114 
f 876/655/1122 878/657/1124 879/658/1125 
f 876/655/1122 868/647/1114 878/657/1124 
f 878/657/1124 868/647/1114 870/649/1116 
f 878/657/1124 880/659/1126 881/660/1127 
f 878/657/1124 870/649/1116 880/659/1126 
f 880/659/1126 870/649/1116 882/661/1128 
f 880/659/1126 883/662/1129 884/663/1130 
f 880/659/1126 882/661/1128 883/662/1129 
f 885/664/1131 886/665/1132 887/666/1133 
f 887/666/1133 888/667/1134 882/661/1128 
f 887/666/1133 886/665/1132 888/667/1134 
f 888/667/1134 886/665/1132 889/668/1135 
f 888/667/1134 890/669/1136 883/662/1129 
f 888/667/1134 889/668/1135 890/669/1136 
f 890/669/1136 889/668/1135 891/670/1137 
f 890/669/1136 891/670/1137 892/671/1138 
f 890/669/1136 892/671/1138 893/672/1139 
f 890/669/1136 893/672/1139 883/662/1129 
f 883/662/1129 893/672/1139 884/663/1130 
f 880/659/1126 884/663/1130 881/660/1127 
f 878/657/1124 881/660/1127 879/658/1125 
f 888/667/1134 883/662/1129 882/661/1128 
f 887/666/1133 882/661/1128 894/673/1140 
f 887/666/1133 895/674/1141 885/664/1131 
f 887/666/1133 894/673/1140 895/674/1141 
f 895/674/1141 894/673/1140 896/675/1142 
f 895/674/1141 897/676/1143 898/677/1144 
f 895/674/1141 896/675/1142 897/676/1143 
f 897/676/1143 896/675/1142 899/678/1145 
f 897/676/1143 900/679/1146 901/680/1147 
f 897/676/1143 899/678/1145 900/679/1146 
f 900/679/1146 899/678/1145 902/681/1148 
f 900/679/1146 903/682/1149 904/683/1150 
f 900/679/1146 902/681/1148 903/682/1149 
f 903/682/1149 902/681/1148 905/684/1151 
f 903/682/1149 906/685/1152 907/686/1153 
f 903/682/1149 905/684/1151 906/685/1152 
f 906/685/1152 905/684/1151 908/687/1154 
f 909/688/1155 910/689/1156 911/690/1157 
f 911/690/1157 912/691/1158 913/692/1159 
f 911/690/1157 910/689/1156 912/691/1158 
f 912/691/1158 910/689/1156 914/693/1160 
f 912/691/1158 906/685/1152 908/687/1154 
f 912/691/1158 914/693/1160 906/685/1152 
f 906/685/1152 914/693/1160 907/686/1153 
f 903/682/1149 907/686/1153 904/683/1150 
f 900/679/1146 904/683/1150 901/680/1147 
f 897/676/1143 901/680/1147 898/677/1144 
f 895/674/1141 898/677/1144 885/664/1131 
f 915/694/1161 916/695/1162 917/696/1163 
f 915/694/1161 904/683/1150 916/695/1162 
f 916/695/1162 904/683/1150 907/686/1153 
f 916/695/1162 918/697/1164 919/698/1165 
f 916/695/1162 907/686/1153 918/697/1164 
f 918/697/1164 907/686/1153 914/693/1160 
f 918/697/1164 920/699/1166 921/700/1167 
f 918/697/1164 914/693/1160 920/699/1166 
f 920/699/1166 914/693/1160 910/689/1156 
f 920/699/1166 922/701/1168 923/702/1169 
f 920/699/1166 910/689/1156 922/701/1168 
f 922/701/1168 910/689/1156 909/688/1155 
f 922/701/1168 924/703/1170 925/704/1171 
f 922/701/1168 909/688/1155 924/703/1170 
f 924/703/1170 909/688/1155 926/705/1172 
f 924/703/1170 927/706/1173 928/707/1174 
f 924/703/1170 926/705/1172 927/706/1173 
f 927/706/1173 926/705/1172 929/708/1175 
f 927/706/1173 930/709/1176 931/710/1177 
f 927/706/1173 929/708/1175 930/709/1176 
f 930/709/1176 929/708/1175 932/711/1178 
f 933/712/1179 934/713/1180 935/714/1181 
f 935/714/1181 936/715/1182 937/716/1183 
f 935/714/1181 934/713/1180 936/715/1182 
f 936/715/1182 934/713/1180 938/717/1184 
f 936/715/1182 939/718/1185 937/716/1183 
f 936/715/1182 938/717/1184 939/718/1185 
f 939/718/1185 938/717/1184 940/719/1186 
f 939/718/1185 941/720/1187 942/721/1188 
f 939/718/1185 940/719/1186 941/720/1187 
f 941/720/1187 940/719/1186 932/711/1178 
f 941/720/1187 943/722/1189 944/723/1190 
f 941/720/1187 932/711/1178 943/722/1189 
f 943/722/1189 932/711/1178 929/708/1175 
f 943/722/1189 945/724/1191 946/725/1192 
f 943/722/1189 929/708/1175 945/724/1191 
f 945/724/1191 929/708/1175 926/705/1172 
f 945/724/1191 947/726/1193 948/727/1194 
f 945/724/1191 926/705/1172 947/726/1193 
f 947/726/1193 926/705/1172 909/688/1155 
f 947/726/1193 911/690/1157 949/728/1195 
f 947/726/1193 909/688/1155 911/690/1157 
f 930/709/1176 950/729/1196 951/730/1197 
f 930/709/1176 932/711/1178 950/729/1196 
f 950/729/1196 932/711/1178 940/719/1186 
f 950/729/1196 952/731/1198 953/732/1199 
f 950/729/1196 940/719/1186 952/731/1198 
f 952/731/1198 940/719/1186 938/717/1184 
f 952/731/1198 954/733/1200 955/734/1201 
f 952/731/1198 938/717/1184 954/733/1200 
f 954/733/1200 956/735/1202 957/736/1203 
f 954/733/1200 938/717/1184 956/735/1202 
f 956/735/1202 938/717/1184 934/713/1180 
f 956/735/1202 958/737/1204 957/736/1203 
f 956/735/1202 934/713/1180 958/737/1204 
f 958/737/1204 934/713/1180 933/712/1179 
f 958/737/1204 959/738/1205 960/739/1206 
f 958/737/1204 933/712/1179 959/738/1205 
f 959/738/1205 933/712/1179 961/740/1207 
f 959/738/1205 962/741/1208 963/742/1209 
f 959/738/1205 961/740/1207 962/741/1208 
f 962/741/1208 961/740/1207 964/743/1210 
f 962/741/1208 964/743/1210 965/744/1211 
f 966/745/1212 967/746/1213 968/747/1214 
f 966/745/1212 969/748/1215 967/746/1213 
f 967/746/1213 969/748/1215 970/749/1216 
f 967/746/1213 970/749/1216 968/747/1214 
f 966/745/1212 968/747/1214 971/750/1217 
f 966/745/1212 972/751/1218 973/752/1219 
f 966/745/1212 971/750/1217 972/751/1218 
f 972/751/1218 971/750/1217 965/744/1211 
f 972/751/1218 974/753/1220 975/754/1221 
f 972/751/1218 965/744/1211 974/753/1220 
f 974/753/1220 965/744/1211 964/743/1210 
f 974/753/1220 976/755/1222 977/756/1223 
f 974/753/1220 964/743/1210 976/755/1222 
f 976/755/1222 964/743/1210 961/740/1207 
f 976/755/1222 978/757/1224 979/758/1225 
f 976/755/1222 961/740/1207 978/757/1224 
f 978/757/1224 961/740/1207 933/712/1179 
f 978/757/1224 935/714/1181 980/759/1226 
f 978/757/1224 933/712/1179 935/714/1181 
f 962/741/1208 981/760/1227 963/742/1209 
f 962/741/1208 965/744/1211 981/760/1227 
f 981/760/1227 982/761/1228 983/762/1229 
f 981/760/1227 965/744/1211 982/761/1228 
f 982/761/1228 965/744/1211 971/750/1217 
f 982/761/1228 984/763/1230 985/764/1231 
f 982/761/1228 971/750/1217 984/763/1230 
f 984/763/1230 971/750/1217 968/747/1214 
f 984/763/1230 986/765/1232 985/764/1231 
f 984/763/1230 968/747/1214 986/765/1232 
f 986/765/1232 968/747/1214 987/766/1233 
f 987/766/1233 968/747/1214 970/749/1216 
f 987/766/1233 988/767/1234 986/765/1232 
f 987/766/1233 970/749/1216 988/767/1234 
f 988/767/1234 989/768/1235 990/769/1236 
f 988/767/1234 970/749/1216 989/768/1235 
f 982/761/1228 985/764/1231 983/762/1229 
f 981/760/1227 983/762/1229 991/770/1237 
f 981/760/1227 991/770/1237 963/742/1209 
f 959/738/1205 963/742/1209 960/739/1206 
f 958/737/1204 960/739/1206 957/736/1203 
f 954/733/1200 957/736/1203 992/771/1238 
f 993/772/1239 994/773/1240 985/764/1231 
f 985/764/1231 994/773/1240 983/762/1229 
f 983/762/1229 994/773/1240 991/770/1237 
f 991/770/1237 994/773/1240 995/774/1241 
f 995/774/1241 994/773/1240 992/771/1238 
f 995/774/1241 996/775/1242 991/770/1237 
f 995/774/1241 992/771/1238 996/775/1242 
f 996/775/1242 992/771/1238 957/736/1203 
f 996/775/1242 957/736/1203 960/739/1206 
f 996/775/1242 960/739/1206 963/742/1209 
f 996/775/1242 963/742/1209 991/770/1237 
f 954/733/1200 997/776/1243 955/734/1201 
f 954/733/1200 992/771/1238 997/776/1243 
f 997/776/1243 992/771/1238 994/773/1240 
f 997/776/1243 994/773/1240 993/772/1239 
f 997/776/1243 993/772/1239 998/777/1244 
f 997/776/1243 998/777/1244 955/734/1201 
f 952/731/1198 955/734/1201 953/732/1199 
f 950/729/1196 953/732/1199 951/730/1197 
f 930/709/1176 951/730/1197 931/710/1177 
f 927/706/1173 931/710/1177 928/707/1174 
f 999/778/1245 1000/779/1246 1001/780/1247 
f 1001/780/1247 1000/779/1246 1002/781/1248 
f 1001/780/1247 1002/781/1248 998/777/1244 
f 998/777/1244 1002/781/1248 955/734/1201 
f 955/734/1201 1002/781/1248 953/732/1199 
f 953/732/1199 1002/781/1248 1003/782/1249 
f 953/732/1199 1003/782/1249 951/730/1197 
f 951/730/1197 1003/782/1249 1004/783/1250 
f 951/730/1197 1004/783/1250 931/710/1177 
f 931/710/1177 1004/783/1250 1005/784/1251 
f 931/710/1177 1005/784/1251 928/707/1174 
f 1000/779/1246 1003/782/1249 1002/781/1248 
f 1006/785/1252 1000/779/1246 999/778/1245 
f 1006/785/1252 1007/786/1253 1000/779/1246 
f 1000/779/1246 1007/786/1253 1003/782/1249 
f 1003/782/1249 1007/786/1253 1004/783/1250 
f 1005/784/1251 1008/787/1254 1009/788/1255 
f 1005/784/1251 1004/783/1250 1008/787/1254 
f 1008/787/1254 1004/783/1250 1007/786/1253 
f 1008/787/1254 1010/789/1256 1011/790/1257 
f 1008/787/1254 1007/786/1253 1010/789/1256 
f 1010/789/1256 1007/786/1253 1006/785/1252 
f 1010/789/1256 1012/791/1258 1013/792/1259 
f 1010/789/1256 1006/785/1252 1012/791/1258 
f 1006/785/1252 999/778/1245 1014/793/1260 
f 1006/785/1252 1014/793/1260 1012/791/1258 
f 1012/791/1258 1014/793/1260 1015/794/1261 
f 1012/791/1258 1015/794/1261 1016/795/1262 
f 1012/791/1258 1016/795/1262 1013/792/1259 
f 1010/789/1256 1013/792/1259 1011/790/1257 
f 1008/787/1254 1011/790/1257 1009/788/1255 
f 1005/784/1251 1009/788/1255 1017/796/1263 
f 1005/784/1251 1017/796/1263 928/707/1174 
f 928/707/1174 1017/796/1263 925/704/1171 
f 1018/797/1264 1016/795/1262 1015/794/1261 
f 1018/797/1264 1019/798/1265 1016/795/1262 
f 1016/795/1262 1019/798/1265 1020/799/1266 
f 1016/795/1262 1020/799/1266 1013/792/1259 
f 1013/792/1259 1020/799/1266 1021/800/1267 
f 1013/792/1259 1021/800/1267 1011/790/1257 
f 1011/790/1257 1021/800/1267 1022/801/1268 
f 1011/790/1257 1022/801/1268 1009/788/1255 
f 1009/788/1255 1022/801/1268 1023/802/1269 
f 1009/788/1255 1023/802/1269 1017/796/1263 
f 1017/796/1263 1023/802/1269 1024/803/1270 
f 1017/796/1263 1024/803/1270 925/704/1171 
f 925/704/1171 1024/803/1270 923/702/1169 
f 925/704/1171 923/702/1169 922/701/1168 
f 1019/798/1265 1025/804/1271 1020/799/1266 
f 1020/799/1266 1025/804/1271 1026/805/1272 
f 1020/799/1266 1026/805/1272 1021/800/1267 
f 1021/800/1267 1026/805/1272 1027/806/1273 
f 1021/800/1267 1027/806/1273 1022/801/1268 
f 1022/801/1268 1027/806/1273 1028/807/1274 
f 1022/801/1268 1028/807/1274 1023/802/1269 
f 1023/802/1269 1028/807/1274 1029/808/1275 
f 1023/802/1269 1029/808/1275 1024/803/1270 
f 1024/803/1270 1029/808/1275 1030/809/1276 
f 1024/803/1270 1030/809/1276 923/702/1169 
f 923/702/1169 1030/809/1276 921/700/1167 
f 923/702/1169 921/700/1167 920/699/1166 
f 1025/804/1271 1031/810/1277 1026/805/1272 
f 1026/805/1272 1031/810/1277 1032/811/1278 
f 1026/805/1272 1032/811/1278 1027/806/1273 
f 1027/806/1273 1032/811/1278 1033/812/1279 
f 1027/806/1273 1033/812/1279 1028/807/1274 
f 1028/807/1274 1033/812/1279 1034/813/1280 
f 1028/807/1274 1034/813/1280 1029/808/1275 
f 1029/808/1275 1034/813/1280 1035/814/1281 
f 1029/808/1275 1035/814/1281 1030/809/1276 
f 1030/809/1276 1035/814/1281 1036/815/1282 
f 1030/809/1276 1036/815/1282 921/700/1167 
f 921/700/1167 1036/815/1282 919/698/1165 
f 921/700/1167 919/698/1165 918/697/1164 
f 1031/810/1277 1037/816/1283 1032/811/1278 
f 1032/811/1278 1037/816/1283 1038/817/1284 
f 1032/811/1278 1038/817/1284 1033/812/1279 
f 1033/812/1279 1038/817/1284 1039/818/1285 
f 1033/812/1279 1039/818/1285 1034/813/1280 
f 1034/813/1280 1039/818/1285 1040/819/1286 
f 1034/813/1280 1040/819/1286 1035/814/1281 
f 1035/814/1281 1040/819/1286 1041/820/1287 
f 1035/814/1281 1041/820/1287 1036/815/1282 
f 1036/815/1282 1041/820/1287 1042/821/1288 
f 1036/815/1282 1042/821/1288 919/698/1165 
f 919/698/1165 1042/821/1288 917/696/1163 
f 919/698/1165 917/696/1163 916/695/1162 
f 1038/817/1284 1043/822/1289 1039/818/1285 
f 1039/818/1285 1043/822/1289 1044/823/1290 
f 1039/818/1285 1044/823/1290 1040/819/1286 
f 1040/819/1286 1044/823/1290 1045/824/1291 
f 1040/819/1286 1045/824/1291 1041/820/1287 
f 1041/820/1287 1045/824/1291 1046/825/1292 
f 1041/820/1287 1046/825/1292 1042/821/1288 
f 1042/821/1288 1046/825/1292 1047/826/1293 
f 1042/821/1288 1047/826/1293 917/696/1163 
f 917/696/1163 1047/826/1293 1048/827/1294 
f 917/696/1163 1048/827/1294 915/694/1161 
f 915/694/1161 1048/827/1294 1049/828/1295 
f 1049/828/1295 1048/827/1294 1050/829/1296 
f 1049/828/1295 1050/829/1296 1051/830/1297 
f 1052/831/1298 1053/832/1299 1045/824/1291 
f 1045/824/1291 1053/832/1299 1046/825/1292 
f 1046/825/1292 1053/832/1299 1054/833/1300 
f 1046/825/1292 1054/833/1300 1047/826/1293 
f 1047/826/1293 1054/833/1300 1055/834/1301 
f 1047/826/1293 1055/834/1301 1048/827/1294 
f 1048/827/1294 1055/834/1301 1050/829/1296 
f 886/665/1132 885/664/1131 1056/835/1302 
f 1056/835/1302 885/664/1131 1051/830/1297 
f 1056/835/1302 1051/830/1297 1057/836/1303 
f 1057/836/1303 1051/830/1297 1050/829/1296 
f 1057/836/1303 1050/829/1296 1058/837/1304 
f 1058/837/1304 1050/829/1296 1055/834/1301 
f 1058/837/1304 1055/834/1301 1059/838/1305 
f 1059/838/1305 1055/834/1301 1054/833/1300 
f 1059/838/1305 1054/833/1300 1060/839/1306 
f 1060/839/1306 1054/833/1300 1053/832/1299 
f 1060/839/1306 1053/832/1299 1061/840/1307 
f 1061/840/1307 1053/832/1299 1052/831/1298 
f 1061/840/1307 1052/831/1298 1062/841/1308 
f 1062/841/1308 1052/831/1298 1063/842/1309 
f 889/668/1135 886/665/1132 1064/843/1310 
f 1064/843/1310 886/665/1132 1056/835/1302 
f 1064/843/1310 1056/835/1302 1065/844/1311 
f 1065/844/1311 1056/835/1302 1057/836/1303 
f 1065/844/1311 1057/836/1303 1066/845/1312 
f 1066/845/1312 1057/836/1303 1058/837/1304 
f 1066/845/1312 1058/837/1304 1067/846/1313 
f 1067/846/1313 1058/837/1304 1059/838/1305 
f 1067/846/1313 1059/838/1305 1068/847/1314 
f 1068/847/1314 1059/838/1305 1060/839/1306 
f 1068/847/1314 1060/839/1306 1069/848/1315 
f 1069/848/1315 1060/839/1306 1061/840/1307 
f 1069/848/1315 1061/840/1307 1070/849/1316 
f 1070/849/1316 1061/840/1307 1062/841/1308 
f 891/670/1137 889/668/1135 1071/850/1317 
f 1071/850/1317 889/668/1135 1064/843/1310 
f 1071/850/1317 1064/843/1310 1072/851/1318 
f 1072/851/1318 1064/843/1310 1065/844/1311 
f 1072/851/1318 1065/844/1311 1073/852/1319 
f 1073/852/1319 1065/844/1311 1066/845/1312 
f 1073/852/1319 1066/845/1312 1074/853/1320 
f 1074/853/1320 1066/845/1312 1067/846/1313 
f 1074/853/1320 1067/846/1313 1075/854/1321 
f 1075/854/1321 1067/846/1313 1068/847/1314 
f 1075/854/1321 1068/847/1314 1076/855/1322 
f 1076/855/1322 1068/847/1314 1069/848/1315 
f 1076/855/1322 1069/848/1315 1077/856/1323 
f 1077/856/1323 1069/848/1315 1070/849/1316 
f 892/671/1138 891/670/1137 1078/857/1324 
f 1078/857/1324 1079/858/1325 1080/859/1326 
f 1078/857/1324 891/670/1137 1079/858/1325 
f 1079/858/1325 891/670/1137 1071/850/1317 
f 1079/858/1325 1081/860/1327 1082/861/1328 
f 1079/858/1325 1071/850/1317 1081/860/1327 
f 1081/860/1327 1071/850/1317 1072/851/1318 
f 1081/860/1327 1083/862/1329 1084/863/1330 
f 1081/860/1327 1072/851/1318 1083/862/1329 
f 1083/862/1329 1072/851/1318 1073/852/1319 
f 1083/862/1329 1085/864/1331 1086/865/1332 
f 1083/862/1329 1073/852/1319 1085/864/1331 
f 1085/864/1331 1073/852/1319 1074/853/1320 
f 1085/864/1331 1087/866/1333 1088/867/1334 
f 1085/864/1331 1074/853/1320 1087/866/1333 
f 1087/866/1333 1074/853/1320 1075/854/1321 
f 1087/866/1333 1089/868/1335 1090/869/1336 
f 1087/866/1333 1075/854/1321 1089/868/1335 
f 1089/868/1335 1075/854/1321 1076/855/1322 
f 1089/868/1335 1091/870/1337 1092/871/1338 
f 1089/868/1335 1076/855/1322 1091/870/1337 
f 1090/869/1336 1088/867/1334 1087/866/1333 
f 1085/864/1331 1088/867/1334 1086/865/1332 
f 1083/862/1329 1086/865/1332 1084/863/1330 
f 1081/860/1327 1084/863/1330 1082/861/1328 
f 1079/858/1325 1082/861/1328 1080/859/1326 
f 1078/857/1339 1080/859/1340 1093/872/1341 
f 1093/872/1341 1080/859/1340 1094/873/1342 
f 1094/873/1342 1080/859/1340 1095/874/1343 
f 1094/873/1342 1095/874/1343 1096/875/1344 
f 1097/876/1345 1098/877/1346 1084/863/1330 
f 1084/863/1330 1098/877/1346 1082/861/1328 
f 1082/861/1328 1098/877/1346 1095/874/1347 
f 1082/861/1328 1095/874/1347 1080/859/1326 
f 1097/876/1345 1084/863/1330 1099/878/1348 
f 1099/878/1348 1084/863/1330 1086/865/1332 
f 1099/878/1348 1086/865/1332 1100/879/1349 
f 1100/879/1349 1086/865/1332 1101/880/1350 
f 1101/880/1350 1086/865/1332 1088/867/1334 
f 1101/880/1350 1088/867/1334 1102/881/1351 
f 1102/881/1351 1088/867/1334 1090/869/1336 
f 1102/881/1351 1090/869/1336 1103/882/1352 
f 1103/882/1352 1090/869/1336 1092/871/1338 
f 1103/882/1352 1092/871/1338 1104/883/1353 
f 1104/883/1353 1092/871/1338 1105/884/1354 
f 1104/883/1353 1105/884/1354 1106/885/1355 
f 1106/885/1355 1105/884/1354 1107/886/1356 
f 1106/885/1355 1107/886/1356 1108/887/1357 
f 1109/888/1358 1110/889/1359 1111/890/1360 
f 1109/888/1358 1103/882/1352 1110/889/1359 
f 1110/889/1359 1103/882/1352 1104/883/1353 
f 1110/889/1359 1104/883/1353 1112/891/1361 
f 1112/891/1361 1104/883/1353 1106/885/1355 
f 1112/891/1361 1106/885/1355 1113/892/1362 
f 1113/892/1362 1106/885/1355 1108/887/1357 
f 1113/892/1362 1108/887/1357 1114/893/1363 
f 1114/893/1363 1108/887/1357 1115/894/1364 
f 1114/893/1363 1115/894/1364 1116/895/1365 
f 1116/895/1365 1115/894/1364 1117/896/1366 
f 1116/895/1365 1117/896/1366 1118/897/1367 
f 1118/897/1367 1117/896/1366 1119/898/1368 
f 1118/897/1367 1119/898/1368 1120/899/1369 
f 1120/899/1369 1119/898/1368 1121/900/1370 
f 1111/890/1360 1122/901/1371 1123/902/1372 
f 1111/890/1360 1110/889/1359 1122/901/1371 
f 1122/901/1371 1110/889/1359 1112/891/1361 
f 1122/901/1371 1112/891/1361 1124/903/1373 
f 1124/903/1373 1112/891/1361 1125/904/1374 
f 1125/904/1374 1112/891/1361 1113/892/1362 
f 1125/904/1374 1113/892/1362 1126/905/1375 
f 1126/905/1375 1113/892/1362 1114/893/1363 
f 1126/905/1375 1127/906/1376 1128/907/1377 
f 1126/905/1375 1114/893/1363 1127/906/1376 
f 1127/906/1376 1114/893/1363 1116/895/1365 
f 1127/906/1376 1116/895/1365 1129/908/1378 
f 1129/908/1378 1116/895/1365 1118/897/1367 
f 1129/908/1378 1118/897/1367 1130/909/1379 
f 1130/909/1379 1118/897/1367 1120/899/1369 
f 1130/909/1379 1120/899/1369 1131/910/1380 
f 1124/903/1373 1132/911/1381 1133/912/1382 
f 1124/903/1373 1125/904/1374 1132/911/1381 
f 1132/911/1381 1125/904/1374 1126/905/1375 
f 1132/911/1381 1134/913/1383 1135/914/1384 
f 1132/911/1381 1126/905/1375 1134/913/1383 
f 1134/913/1383 1126/905/1375 1128/907/1377 
f 1134/913/1383 1136/915/1385 1135/914/1384 
f 1134/913/1383 1128/907/1377 1136/915/1385 
f 1136/915/1385 1137/916/1386 1138/917/1387 
f 1136/915/1385 1128/907/1377 1137/916/1386 
f 1137/916/1386 1128/907/1377 1139/918/1388 
f 1139/918/1388 1127/906/1376 1129/908/1378 
f 1139/918/1388 1128/907/1377 1127/906/1376 
f 1139/918/1388 1129/908/1378 1140/919/1389 
f 1140/919/1389 1129/908/1378 1130/909/1379 
f 1140/919/1389 1130/909/1379 1141/920/1390 
f 1141/920/1390 1130/909/1379 1131/910/1380 
f 1141/920/1390 1131/910/1380 1142/921/1391 
f 1142/921/1391 1131/910/1380 1143/922/1392 
f 1142/921/1391 1143/922/1392 1144/923/1393 
f 1144/923/1393 1143/922/1392 1145/924/1394 
f 1144/923/1393 1145/924/1394 1146/925/1395 
f 1144/923/1393 1146/925/1395 1147/926/1396 
f 1147/926/1396 1146/925/1395 1148/927/1397 
f 1148/927/1397 1146/925/1395 1149/928/1398 
f 1148/927/1397 1149/928/1398 1150/929/1399 
f 1151/930/1400 1152/931/1401 1153/932/1402 
f 1151/930/1400 1140/919/1389 1152/931/1401 
f 1152/931/1401 1140/919/1389 1141/920/1390 
f 1152/931/1401 1141/920/1390 1154/933/1403 
f 1154/933/1403 1141/920/1390 1142/921/1391 
f 1154/933/1403 1142/921/1391 1155/934/1404 
f 1155/934/1404 1142/921/1391 1144/923/1393 
f 1155/934/1404 1144/923/1393 1147/926/1396 
f 1155/934/1404 1147/926/1396 1156/935/1405 
f 1156/935/1405 1157/936/1406 1158/937/1407 
f 1156/935/1405 1147/926/1396 1157/936/1406 
f 1157/936/1406 1147/926/1396 1148/927/1397 
f 1157/936/1406 1148/927/1397 1150/929/1399 
f 1157/936/1406 1150/929/1399 1159/938/1408 
f 1159/938/1408 1160/939/1409 1161/940/1410 
f 1159/938/1408 1150/929/1399 1160/939/1409 
f 1160/939/1409 1149/928/1398 1162/941/1411 
f 1160/939/1409 1150/929/1399 1149/928/1398 
f 1154/933/1403 1155/934/1404 1163/942/1412 
f 1163/942/1412 1155/934/1404 1156/935/1405 
f 1163/942/1412 1156/935/1405 1158/937/1407 
f 1163/942/1412 1158/937/1407 1164/943/1413 
f 1164/943/1413 1158/937/1407 1165/944/1414 
f 1165/944/1414 1166/945/1415 1167/946/1416 
f 1165/944/1414 1158/937/1407 1166/945/1415 
f 1166/945/1415 1158/937/1407 1157/936/1406 
f 1152/931/1401 1168/947/1417 1169/948/1418 
f 1152/931/1401 1154/933/1403 1168/947/1417 
f 1168/947/1417 1154/933/1403 1163/942/1412 
f 1168/947/1417 1163/942/1412 1164/943/1413 
f 1168/947/1417 1164/943/1413 1170/949/1419 
f 1168/947/1417 1170/949/1419 1169/948/1418 
f 1152/931/1401 1169/948/1418 1153/932/1402 
f 1151/930/1400 1153/932/1402 1171/950/1420 
f 1151/930/1400 1171/950/1420 1137/916/1386 
f 1151/930/1400 1137/916/1386 1139/918/1388 
f 1151/930/1400 1139/918/1388 1140/919/1389 
f 1172/951/1421 1173/952/1422 1170/949/1419 
f 1170/949/1419 1173/952/1422 1169/948/1418 
f 1169/948/1418 1173/952/1422 1174/953/1423 
f 1169/948/1418 1174/953/1423 1153/932/1402 
f 1153/932/1402 1174/953/1423 1175/954/1424 
f 1153/932/1402 1175/954/1424 1171/950/1420 
f 1171/950/1420 1175/954/1424 1138/917/1387 
f 1171/950/1420 1138/917/1387 1137/916/1386 
f 1136/915/1385 1138/917/1387 1176/955/1425 
f 1136/915/1385 1176/955/1425 1135/914/1384 
f 1132/911/1381 1135/914/1384 1133/912/1382 
f 1177/956/1426 1178/957/1427 1179/958/1428 
f 1177/956/1426 1180/959/1429 1178/957/1427 
f 1178/957/1427 1180/959/1429 1172/951/1421 
f 1172/951/1421 1180/959/1429 1181/960/1430 
f 1172/951/1421 1181/960/1430 1173/952/1422 
f 1173/952/1422 1181/960/1430 1182/961/1431 
f 1173/952/1422 1182/961/1431 1174/953/1423 
f 1174/953/1423 1182/961/1431 1183/962/1432 
f 1174/953/1423 1183/962/1432 1175/954/1424 
f 1175/954/1424 1183/962/1432 1184/963/1433 
f 1175/954/1424 1184/963/1433 1138/917/1387 
f 1138/917/1387 1184/963/1433 1185/964/1434 
f 1138/917/1387 1185/964/1434 1176/955/1425 
f 1176/955/1425 1185/964/1434 1186/965/1435 
f 1176/955/1425 1186/965/1435 1135/914/1384 
f 1187/966/1436 1188/967/1437 1189/968/1438 
f 1187/966/1436 1186/965/1439 1188/967/1437 
f 1188/967/1437 1186/965/1439 1190/969/1440 
f 1190/969/1440 1186/965/1439 1185/964/1441 
f 1190/969/1440 1185/964/1441 1191/970/1442 
f 1191/970/1442 1185/964/1441 1184/963/1443 
f 1191/970/1442 1184/963/1443 1192/971/1444 
f 1192/971/1444 1184/963/1443 1183/962/1445 
f 1192/971/1444 1183/962/1445 1193/972/1446 
f 1193/972/1446 1183/962/1445 1182/961/1447 
f 1193/972/1446 1182/961/1447 1194/973/1448 
f 1194/973/1448 1182/961/1447 1181/960/1449 
f 1194/973/1448 1181/960/1449 1195/974/1450 
f 1195/974/1450 1181/960/1449 1180/959/1451 
f 1195/974/1450 1180/959/1451 1196/975/1452 
f 1187/966/1436 1189/968/1438 1197/976/1453 
f 1187/966/1436 1197/976/1453 1198/977/1454 
f 1198/977/1454 1197/976/1453 1199/978/1455 
f 1198/977/1454 1199/978/1455 1200/979/1456 
f 1200/979/1456 1199/978/1455 1201/980/1457 
f 1200/979/1456 1201/980/1457 1202/981/1458 
f 1200/979/1456 1202/981/1458 1203/982/1459 
f 1203/982/1459 1202/981/1458 1204/983/1460 
f 1203/982/1459 1204/983/1460 1205/984/1461 
f 1205/984/1461 1204/983/1460 1206/985/1462 
f 1205/984/1461 1206/985/1462 1207/986/1463 
f 1207/986/1463 1206/985/1462 1208/987/1464 
f 1207/986/1463 1208/987/1464 1209/988/1465 
f 1186/965/1435 1187/966/1436 1135/914/1384 
f 1135/914/1384 1187/966/1436 1133/912/1382 
f 1133/912/1382 1187/966/1436 1198/977/1454 
f 1133/912/1382 1198/977/1454 1210/989/1466 
f 1210/989/1466 1198/977/1454 1200/979/1456 
f 1210/989/1466 1200/979/1456 1211/990/1467 
f 1211/990/1467 1200/979/1456 1203/982/1459 
f 1211/990/1467 1203/982/1459 1212/991/1468 
f 1212/991/1468 1203/982/1459 1205/984/1469 
f 1212/991/1468 1205/984/1469 1213/992/1470 
f 1213/992/1470 1205/984/1469 1207/986/1471 
f 1213/992/1470 1207/986/1471 1214/993/1472 
f 1214/993/1472 1207/986/1471 1209/988/1473 
f 1214/993/1472 1209/988/1473 1215/994/1474 
f 1124/903/1373 1133/912/1382 1210/989/1466 
f 1124/903/1373 1216/995/1475 1122/901/1371 
f 1124/903/1373 1210/989/1466 1216/995/1475 
f 1216/995/1475 1210/989/1466 1211/990/1467 
f 1216/995/1475 1211/990/1467 1123/902/1372 
f 1216/995/1475 1123/902/1372 1122/901/1371 
f 1111/890/1360 1217/996/1476 1218/997/1477 
f 1111/890/1360 1123/902/1372 1217/996/1476 
f 1217/996/1476 1123/902/1372 1211/990/1467 
f 1217/996/1476 1211/990/1467 1212/991/1468 
f 1217/996/1476 1219/998/1478 1218/997/1477 
f 1217/996/1476 1212/991/1468 1219/998/1478 
f 1219/998/1478 1212/991/1468 1213/992/1470 
f 1219/998/1478 1220/999/1479 1218/997/1477 
f 1219/998/1478 1213/992/1470 1220/999/1479 
f 1220/999/1479 1213/992/1470 1214/993/1472 
f 1220/999/1479 1214/993/1472 1221/1000/1480 
f 1220/999/1479 1221/1000/1480 1218/997/1477 
f 1109/888/1358 1111/890/1360 1218/997/1477 
f 1109/888/1358 1222/1001/1481 1102/881/1351 
f 1109/888/1358 1218/997/1477 1222/1001/1481 
f 1222/1001/1481 1218/997/1477 1221/1000/1480 
f 1222/1001/1481 1223/1002/1482 1101/880/1350 
f 1222/1001/1481 1221/1000/1480 1223/1002/1482 
f 1223/1002/1482 1221/1000/1480 1214/993/1472 
f 1223/1002/1482 1214/993/1472 1215/994/1474 
f 1223/1002/1482 1224/1003/1483 1101/880/1350 
f 1223/1002/1482 1215/994/1474 1224/1003/1483 
f 1224/1003/1483 1225/1004/1484 1100/879/1349 
f 1224/1003/1483 1215/994/1474 1225/1004/1484 
f 1225/1004/1484 1226/1005/1485 1227/1006/1486 
f 1225/1004/1484 1215/994/1474 1226/1005/1485 
f 1226/1005/1485 1215/994/1474 1228/1007/1487 
f 1228/1007/1487 1215/994/1474 1229/1008/1488 
f 1229/1008/1488 1215/994/1474 1230/1009/1489 
f 1230/1009/1489 1215/994/1474 1209/988/1473 
f 1095/874/1343 1231/1010/1490 1096/875/1344 
f 1096/875/1344 1231/1010/1490 1232/1011/1491 
f 1232/1011/1491 1231/1010/1490 1233/1012/1492 
f 1232/1011/1491 1233/1012/1492 1234/1013/1493 
f 1234/1013/1493 1233/1012/1492 1226/1005/1494 
f 1234/1013/1493 1226/1005/1494 1228/1007/1495 
f 1234/1013/1493 1228/1007/1495 1235/1014/1496 
f 1235/1014/1496 1228/1007/1495 1229/1008/1497 
f 1235/1014/1496 1229/1008/1497 1236/1015/1498 
f 1236/1015/1498 1229/1008/1497 1230/1009/1499 
f 1236/1015/1498 1230/1009/1499 1237/1016/1500 
f 1237/1016/1500 1230/1009/1499 1209/988/1465 
f 1237/1016/1500 1209/988/1465 1238/1017/1501 
f 1238/1017/1501 1209/988/1465 1208/987/1464 
f 1095/874/1347 1098/877/1346 1231/1010/1502 
f 1231/1010/1502 1098/877/1346 1097/876/1345 
f 1231/1010/1502 1097/876/1345 1233/1012/1503 
f 1233/1012/1503 1097/876/1345 1227/1006/1486 
f 1227/1006/1486 1097/876/1345 1099/878/1348 
f 1227/1006/1486 1099/878/1348 1100/879/1349 
f 1227/1006/1486 1100/879/1349 1225/1004/1484 
f 1224/1003/1483 1100/879/1349 1101/880/1350 
f 1222/1001/1481 1101/880/1350 1102/881/1351 
f 1109/888/1358 1102/881/1351 1103/882/1352 
f 1233/1012/1503 1227/1006/1486 1226/1005/1485 
f 1239/1018/1504 1240/1019/1505 1241/1020/1506 
f 1242/1021/1507 1241/1020/1506 1243/1022/1508 
f 1243/1022/1508 1241/1020/1506 1244/1023/1509 
f 1244/1023/1509 1241/1020/1506 1240/1019/1505 
f 1244/1023/1509 1240/1019/1505 1245/1024/1510 
f 1245/1024/1510 1240/1019/1505 1246/1025/1511 
f 1245/1024/1510 1246/1025/1511 1247/1026/1512 
f 1247/1026/1512 1246/1025/1511 1248/1027/1513 
f 1247/1026/1512 1248/1027/1513 1249/1028/1514 
f 1249/1028/1514 1250/1029/1515 1251/1030/1516 
f 1249/1028/1514 1248/1027/1513 1250/1029/1515 
f 1250/1029/1515 1252/1031/1517 1253/1032/1518 
f 1250/1029/1515 1248/1027/1513 1252/1031/1517 
f 1252/1031/1517 1248/1027/1513 1254/1033/1519 
f 1254/1033/1519 1248/1027/1513 1246/1025/1511 
f 1254/1033/1519 1246/1025/1511 1239/1018/1504 
f 1239/1018/1504 1246/1025/1511 1240/1019/1505 
f 601/354/793 612/365/804 602/355/794 
f 602/355/794 612/365/804 1255/1034/1520 
f 602/355/794 1255/1034/1520 1256/1035/1521 
f 602/355/794 1256/1035/1521 603/356/795 
f 603/356/795 1256/1035/1521 1253/1032/1518 
f 603/356/795 1253/1032/1518 1257/1036/1522 
f 1257/1036/1522 1253/1032/1518 1258/1037/1523 
f 1258/1037/1523 1253/1032/1518 1252/1031/1517 
f 1258/1037/1523 1252/1031/1517 1254/1033/1519 
f 1258/1037/1523 1254/1033/1519 1259/1038/1524 
f 1259/1038/1524 1254/1033/1519 1239/1018/1504 
f 1259/1038/1524 1239/1018/1504 1260/1039/1525 
f 1260/1039/1525 1239/1018/1504 1241/1020/1506 
f 1260/1039/1525 1241/1020/1506 1242/1021/1507 
f 1250/1029/1515 1261/1040/1526 1251/1030/1516 
f 1250/1029/1515 1253/1032/1518 1261/1040/1526 
f 1261/1040/1526 1253/1032/1518 1256/1035/1521 
f 1261/1040/1526 1262/1041/1527 1263/1042/1528 
f 1261/1040/1526 1256/1035/1521 1262/1041/1527 
f 1262/1041/1527 1264/1043/1529 1265/1044/1530 
f 1262/1041/1527 1256/1035/1521 1264/1043/1529 
f 1264/1043/1529 1256/1035/1521 1255/1034/1520 
f 1264/1043/1529 1255/1034/1520 1266/1045/1531 
f 1266/1045/1531 1255/1034/1520 612/365/804 
f 1266/1045/1531 612/365/804 1267/1046/1532 
f 1267/1046/1532 612/365/804 611/364/803 
f 1267/1046/1532 611/364/803 610/363/802 
f 1267/1046/1532 1268/1047/1533 1266/1045/1531 
f 1267/1046/1532 610/363/802 1268/1047/1533 
f 1268/1047/1533 610/363/802 609/362/801 
f 1268/1047/1533 613/366/805 1269/1048/1534 
f 1268/1047/1533 609/362/801 613/366/805 
f 615/368/807 1270/1049/1535 613/366/805 
f 613/366/805 1270/1049/1535 1269/1048/1534 
f 1268/1047/1533 1269/1048/1534 1266/1045/1531 
f 632/385/824 633/386/825 617/370/809 
f 617/370/809 633/386/825 1271/1050/1536 
f 617/370/809 1271/1050/1536 615/368/807 
f 615/368/807 1271/1050/1536 1272/1051/1537 
f 615/368/807 1272/1051/1537 1270/1049/1535 
f 1270/1049/1535 1272/1051/1537 1273/1052/1538 
f 1270/1049/1535 1273/1052/1538 1265/1044/1530 
f 1270/1049/1535 1265/1044/1530 1269/1048/1534 
f 1269/1048/1534 1265/1044/1530 1264/1043/1529 
f 1269/1048/1534 1264/1043/1529 1266/1045/1531 
f 1274/1053/1539 1275/1054/1540 1276/1055/1541 
f 1276/1055/1541 1275/1054/1540 1277/1056/1542 
f 1277/1056/1542 1275/1054/1540 1273/1052/1538 
f 1277/1056/1542 1273/1052/1538 1272/1051/1537 
f 1277/1056/1542 1272/1051/1537 1278/1057/1543 
f 1278/1057/1543 1272/1051/1537 1271/1050/1536 
f 1278/1057/1543 1271/1050/1536 1279/1058/1544 
f 1279/1058/1544 1271/1050/1536 633/386/825 
f 1279/1058/1544 633/386/825 1280/1059/1545 
f 1280/1059/1545 633/386/825 634/387/826 
f 1280/1059/1545 634/387/826 635/388/827 
f 1280/1059/1545 635/388/827 1281/1060/1546 
f 1281/1060/1546 635/388/827 637/390/829 
f 1281/1060/1546 637/390/829 1282/1061/1547 
f 1283/1062/1548 1284/1063/1549 1285/1064/1550 
f 1283/1062/1548 1286/1065/1551 1284/1063/1549 
f 1284/1063/1549 1287/1066/1552 1288/1067/1553 
f 1284/1063/1549 1286/1065/1551 1287/1066/1552 
f 1287/1066/1552 1286/1065/1551 1289/1068/1554 
f 1287/1066/1552 1290/1069/1555 1291/1070/1556 
f 1287/1066/1552 1289/1068/1554 1290/1069/1555 
f 1290/1069/1555 1289/1068/1554 1292/1071/1557 
f 1290/1069/1555 1293/1072/1558 1294/1073/1559 
f 1290/1069/1555 1292/1071/1557 1293/1072/1558 
f 1293/1072/1558 1292/1071/1557 1276/1055/1541 
f 1293/1072/1558 1295/1074/1560 1294/1073/1559 
f 1293/1072/1558 1276/1055/1541 1295/1074/1560 
f 1295/1074/1560 1276/1055/1541 1296/1075/1561 
f 1296/1075/1561 1276/1055/1541 1277/1056/1542 
f 1296/1075/1561 1277/1056/1542 1278/1057/1543 
f 1296/1075/1561 1278/1057/1543 1297/1076/1562 
f 1297/1076/1562 1278/1057/1543 1279/1058/1544 
f 1297/1076/1562 1279/1058/1544 1298/1077/1563 
f 1290/1069/1555 1294/1073/1559 1291/1070/1556 
f 1287/1066/1552 1291/1070/1556 1299/1078/1564 
f 1287/1066/1552 1299/1078/1564 1288/1067/1553 
f 1284/1063/1549 1288/1067/1553 1285/1064/1550 
f 1283/1062/1548 1285/1064/1550 1300/1079/1565 
f 1283/1062/1548 1301/1080/1566 1302/1081/1567 
f 1283/1062/1548 1300/1079/1565 1301/1080/1566 
f 1301/1080/1566 1303/1082/1568 1247/1026/1512 
f 1301/1080/1566 1300/1079/1565 1303/1082/1568 
f 1303/1082/1568 1300/1079/1565 1304/1083/1569 
f 1303/1082/1568 1305/1084/1570 1245/1024/1510 
f 1303/1082/1568 1304/1083/1569 1305/1084/1570 
f 1291/1070/1556 1306/1085/1571 1299/1078/1564 
f 1299/1078/1564 1306/1085/1571 1307/1086/1572 
f 1299/1078/1564 1307/1086/1572 1308/1087/1573 
f 1299/1078/1564 1308/1087/1573 1288/1067/1553 
f 1288/1067/1553 1308/1087/1573 1285/1064/1550 
f 1285/1064/1550 1308/1087/1573 1309/1088/1574 
f 1285/1064/1550 1309/1088/1574 1310/1089/1575 
f 1285/1064/1550 1310/1089/1575 1300/1079/1565 
f 1300/1079/1565 1310/1089/1575 1304/1083/1569 
f 1304/1083/1569 1310/1089/1575 1311/1090/1576 
f 1304/1083/1569 1311/1090/1576 1312/1091/1577 
f 1312/1091/1577 1311/1090/1576 1313/1092/1578 
f 1312/1091/1577 1313/1092/1578 1314/1093/1579 
f 1314/1093/1579 1313/1092/1578 1315/1094/1580 
f 1316/1095/1581 1315/1094/1580 1317/1096/1582 
f 1317/1096/1582 1315/1094/1580 1313/1092/1578 
f 1317/1096/1582 1313/1092/1578 1318/1097/1583 
f 1318/1097/1583 1313/1092/1578 1311/1090/1576 
f 1318/1097/1583 1311/1090/1576 1319/1098/1584 
f 1319/1098/1584 1311/1090/1576 1310/1089/1575 
f 1319/1098/1584 1310/1089/1575 1309/1088/1574 
f 1319/1098/1584 1309/1088/1574 1320/1099/1585 
f 1320/1099/1585 1309/1088/1574 1308/1087/1573 
f 1320/1099/1585 1308/1087/1573 1307/1086/1572 
f 1320/1099/1585 1307/1086/1572 1321/1100/1586 
f 1317/1096/1582 1318/1097/1583 1322/1101/1587 
f 1322/1101/1587 1318/1097/1583 1323/1102/1588 
f 1323/1102/1588 1318/1097/1583 1319/1098/1584 
f 1323/1102/1588 1319/1098/1584 1324/1103/1589 
f 1324/1103/1589 1319/1098/1584 1320/1099/1585 
f 1324/1103/1589 1320/1099/1585 1325/1104/1590 
f 1325/1104/1590 1320/1099/1585 1321/1100/1586 
f 1325/1104/1590 1321/1100/1586 1326/1105/1591 
f 1326/1105/1591 1321/1100/1586 1327/1106/1592 
f 1326/1105/1591 1327/1106/1592 1328/1107/1593 
f 1328/1107/1593 1327/1106/1592 1329/1108/1594 
f 1328/1107/1593 1329/1108/1594 1330/1109/1595 
f 1331/1110/1596 1332/1111/1597 1333/1112/1598 
f 1331/1110/1596 1322/1101/1587 1332/1111/1597 
f 1332/1111/1597 1322/1101/1587 1323/1102/1588 
f 1332/1111/1597 1334/1113/1599 1335/1114/1600 
f 1332/1111/1597 1323/1102/1588 1334/1113/1599 
f 1334/1113/1599 1323/1102/1588 1324/1103/1589 
f 1334/1113/1599 1336/1115/1601 1337/1116/1602 
f 1334/1113/1599 1324/1103/1589 1336/1115/1601 
f 1336/1115/1601 1324/1103/1589 1325/1104/1590 
f 1336/1115/1601 1338/1117/1603 1339/1118/1604 
f 1336/1115/1601 1325/1104/1590 1338/1117/1603 
f 1338/1117/1603 1325/1104/1590 1326/1105/1591 
f 1338/1117/1603 1340/1119/1605 1341/1120/1606 
f 1338/1117/1603 1326/1105/1591 1340/1119/1605 
f 1340/1119/1605 1326/1105/1591 1328/1107/1593 
f 1340/1119/1605 1342/1121/1607 1343/1122/1608 
f 1340/1119/1605 1328/1107/1593 1342/1121/1607 
f 1342/1121/1607 1328/1107/1593 1330/1109/1595 
f 1342/1121/1607 1344/1123/1609 1345/1124/1610 
f 1342/1121/1607 1330/1109/1595 1344/1123/1609 
f 1344/1123/1609 1346/1125/1611 1347/1126/1612 
f 1344/1123/1609 1330/1109/1595 1346/1125/1611 
f 1348/1127/1613 1349/1128/1614 1350/1129/1615 
f 1350/1129/1615 1349/1128/1614 1351/1130/1616 
f 1351/1130/1616 1349/1128/1614 1352/1131/1617 
f 1351/1130/1616 1352/1131/1617 1347/1126/1612 
f 1347/1126/1612 1352/1131/1617 1353/1132/1618 
f 1347/1126/1612 1353/1132/1618 1344/1123/1609 
f 1344/1123/1609 1353/1132/1618 1345/1124/1610 
f 1342/1121/1607 1345/1124/1610 1343/1122/1608 
f 1340/1119/1605 1343/1122/1608 1341/1120/1606 
f 1338/1117/1603 1341/1120/1606 1339/1118/1604 
f 1337/1116/1602 1339/1118/1604 1354/1133/1619 
f 1354/1133/1619 1355/1134/1620 1356/1135/1621 
f 1354/1133/1619 1339/1118/1604 1355/1134/1620 
f 1355/1134/1620 1339/1118/1604 1341/1120/1606 
f 1355/1134/1620 1357/1136/1622 1358/1137/1623 
f 1355/1134/1620 1341/1120/1606 1357/1136/1622 
f 1357/1136/1622 1341/1120/1606 1343/1122/1608 
f 1357/1136/1622 1359/1138/1624 1360/1139/1625 
f 1357/1136/1622 1343/1122/1608 1359/1138/1624 
f 1359/1138/1624 1343/1122/1608 1345/1124/1610 
f 1359/1138/1624 1361/1140/1626 1362/1141/1627 
f 1359/1138/1624 1345/1124/1610 1361/1140/1626 
f 1361/1140/1626 1345/1124/1610 1353/1132/1618 
f 1361/1140/1626 1363/1142/1628 1364/1143/1629 
f 1361/1140/1626 1353/1132/1618 1363/1142/1628 
f 1363/1142/1628 1353/1132/1618 1352/1131/1617 
f 1363/1142/1628 1365/1144/1630 1366/1145/1631 
f 1363/1142/1628 1352/1131/1617 1365/1144/1630 
f 1365/1144/1630 1352/1131/1617 1349/1128/1614 
f 1365/1144/1630 1367/1146/1632 1368/1147/1633 
f 1365/1144/1630 1349/1128/1614 1367/1146/1632 
f 1367/1146/1632 1369/1148/1634 1370/1149/1635 
f 1367/1146/1632 1349/1128/1614 1369/1148/1634 
f 1369/1148/1634 1349/1128/1614 1348/1127/1613 
f 1369/1148/1634 1348/1127/1613 1371/1150/1636 
f 1369/1148/1634 1371/1150/1636 1372/1151/1637 
f 1369/1148/1634 1372/1151/1637 1370/1149/1635 
f 1367/1146/1632 1370/1149/1635 1373/1152/1638 
f 1367/1146/1632 1373/1152/1638 1368/1147/1633 
f 1365/1144/1630 1368/1147/1633 1374/1153/1639 
f 1365/1144/1630 1374/1153/1639 1366/1145/1631 
f 1363/1142/1628 1366/1145/1631 1364/1143/1629 
f 1375/1154/1640 1376/1155/1641 1377/1156/1642 
f 1375/1154/1640 1378/1157/1643 1376/1155/1641 
f 1376/1155/1641 1378/1157/1643 1379/1158/1644 
f 1379/1158/1644 1378/1157/1643 1380/1159/1645 
f 1379/1158/1644 1380/1159/1645 1381/1160/1646 
f 1381/1160/1646 1380/1159/1645 1382/1161/1647 
f 1381/1160/1646 1382/1161/1647 1383/1162/1648 
f 1381/1160/1646 1383/1162/1648 1374/1153/1639 
f 1381/1160/1646 1384/1163/1649 1379/1158/1644 
f 1381/1160/1646 1374/1153/1639 1384/1163/1649 
f 1384/1163/1649 1374/1153/1639 1368/1147/1633 
f 1384/1163/1649 1368/1147/1633 1373/1152/1638 
f 1384/1163/1649 1373/1152/1638 1385/1164/1650 
f 1384/1163/1649 1385/1164/1650 1379/1158/1644 
f 1386/1165/1651 1383/1162/1648 1387/1166/1652 
f 1387/1166/1652 1383/1162/1648 1382/1161/1647 
f 1387/1166/1652 1382/1161/1647 1388/1167/1653 
f 1388/1167/1653 1382/1161/1647 1389/1168/1654 
f 1389/1168/1654 1382/1161/1647 1380/1159/1645 
f 1389/1168/1654 1380/1159/1645 1390/1169/1655 
f 1390/1169/1655 1380/1159/1645 1378/1157/1643 
f 1390/1169/1655 1378/1157/1643 1391/1170/1656 
f 1391/1170/1656 1378/1157/1643 1375/1154/1640 
f 1391/1170/1656 1375/1154/1640 1392/1171/1657 
f 1392/1171/1657 1375/1154/1640 1393/1172/1658 
f 1393/1172/1658 1375/1154/1640 1377/1156/1642 
f 1393/1172/1658 1377/1156/1642 1394/1173/1659 
f 1394/1173/1659 1377/1156/1642 1395/1174/1660 
f 1396/1175/1661 1389/1168/1654 1397/1176/1662 
f 1397/1176/1662 1389/1168/1654 1390/1169/1655 
f 1397/1176/1662 1390/1169/1655 1391/1170/1656 
f 1397/1176/1662 1391/1170/1656 1398/1177/1663 
f 1398/1177/1663 1391/1170/1656 1392/1171/1657 
f 1398/1177/1663 1392/1171/1657 1399/1178/1664 
f 1399/1178/1664 1392/1171/1657 1393/1172/1658 
f 1399/1178/1664 1393/1172/1658 1400/1179/1665 
f 1400/1179/1665 1393/1172/1658 1394/1173/1659 
f 1400/1179/1665 1394/1173/1659 1401/1180/1666 
f 1401/1180/1666 1394/1173/1659 1402/1181/1667 
f 1402/1181/1667 1394/1173/1659 1395/1174/1660 
f 1402/1181/1667 1395/1174/1660 1403/1182/1668 
f 1403/1182/1668 1395/1174/1660 1404/1183/1669 
f 1399/1178/1664 1400/1179/1665 1405/1184/1670 
f 1405/1184/1670 1406/1185/1671 1407/1186/1672 
f 1405/1184/1670 1400/1179/1665 1406/1185/1671 
f 1406/1185/1671 1400/1179/1665 1401/1180/1666 
f 1406/1185/1671 1408/1187/1673 1409/1188/1674 
f 1406/1185/1671 1401/1180/1666 1408/1187/1673 
f 1408/1187/1673 1401/1180/1666 1402/1181/1667 
f 1408/1187/1673 1410/1189/1675 1411/1190/1676 
f 1408/1187/1673 1402/1181/1667 1410/1189/1675 
f 1410/1189/1675 1402/1181/1667 1403/1182/1668 
f 1410/1189/1675 1412/1191/1677 1413/1192/1678 
f 1410/1189/1675 1403/1182/1668 1412/1191/1677 
f 1412/1191/1677 1403/1182/1668 1414/1193/1679 
f 1412/1191/1677 1415/1194/1680 1416/1195/1681 
f 1412/1191/1677 1414/1193/1679 1415/1194/1680 
f 1415/1194/1680 1414/1193/1679 1417/1196/1682 
f 1415/1194/1680 1418/1197/1683 1419/1198/1684 
f 1415/1194/1680 1417/1196/1682 1418/1197/1683 
f 1418/1197/1683 1417/1196/1682 1420/1199/1685 
f 1418/1197/1683 1421/1200/1686 1419/1198/1684 
f 1418/1197/1683 1420/1199/1685 1421/1200/1686 
f 1403/1182/1668 1404/1183/1669 1414/1193/1679 
f 1414/1193/1679 1404/1183/1669 1422/1201/1687 
f 1414/1193/1679 1422/1201/1687 1417/1196/1682 
f 1417/1196/1682 1422/1201/1687 1372/1151/1637 
f 1417/1196/1682 1372/1151/1637 1420/1199/1685 
f 1420/1199/1685 1372/1151/1637 1371/1150/1636 
f 1420/1199/1685 1371/1150/1636 1423/1202/1688 
f 1423/1202/1688 1371/1150/1636 1348/1127/1613 
f 1423/1202/1688 1348/1127/1613 1424/1203/1689 
f 1423/1202/1688 1424/1203/1689 1425/1204/1690 
f 1425/1204/1690 1424/1203/1689 1426/1205/1691 
f 1425/1204/1690 1426/1205/1691 1427/1206/1692 
f 1427/1206/1692 1426/1205/1691 1428/1207/1693 
f 1427/1206/1692 1428/1207/1693 1429/1208/1694 
f 1420/1199/1685 1423/1202/1688 1421/1200/1686 
f 1421/1200/1686 1430/1209/1695 1419/1198/1684 
f 1421/1200/1686 1423/1202/1688 1430/1209/1695 
f 1430/1209/1695 1423/1202/1688 1425/1204/1690 
f 1430/1209/1695 1431/1210/1696 1419/1198/1684 
f 1430/1209/1695 1425/1204/1690 1431/1210/1696 
f 1431/1210/1696 1425/1204/1690 1427/1206/1692 
f 1431/1210/1696 1432/1211/1697 1433/1212/1698 
f 1431/1210/1696 1427/1206/1692 1432/1211/1697 
f 1432/1211/1697 1427/1206/1692 1429/1208/1694 
f 1432/1211/1697 1434/1213/1699 1435/1214/1700 
f 1432/1211/1697 1429/1208/1694 1434/1213/1699 
f 1434/1213/1699 1429/1208/1694 1436/1215/1701 
f 1434/1213/1699 1437/1216/1702 1438/1217/1703 
f 1434/1213/1699 1436/1215/1701 1437/1216/1702 
f 1437/1216/1702 1436/1215/1701 1439/1218/1704 
f 1437/1216/1702 1440/1219/1705 1441/1220/1706 
f 1437/1216/1702 1439/1218/1704 1440/1219/1705 
f 1440/1219/1705 1439/1218/1704 1442/1221/1707 
f 1440/1219/1705 1443/1222/1708 1444/1223/1709 
f 1440/1219/1705 1442/1221/1707 1443/1222/1708 
f 1428/1207/1693 1445/1224/1710 1429/1208/1694 
f 1429/1208/1694 1445/1224/1710 1436/1215/1701 
f 1436/1215/1701 1445/1224/1710 1446/1225/1711 
f 1436/1215/1701 1446/1225/1711 1439/1218/1704 
f 1439/1218/1704 1446/1225/1711 1121/900/1370 
f 1439/1218/1704 1121/900/1370 1442/1221/1707 
f 1442/1221/1707 1121/900/1370 1119/898/1368 
f 1442/1221/1707 1119/898/1368 1447/1226/1712 
f 1447/1226/1712 1119/898/1368 1117/896/1366 
f 1447/1226/1712 1117/896/1366 1448/1227/1713 
f 1448/1227/1713 1117/896/1366 1115/894/1364 
f 1448/1227/1713 1115/894/1364 1449/1228/1714 
f 1449/1228/1714 1115/894/1364 1108/887/1357 
f 1449/1228/1714 1108/887/1357 1107/886/1356 
f 1442/1221/1707 1447/1226/1712 1443/1222/1708 
f 1443/1222/1708 1450/1229/1715 1451/1230/1716 
f 1443/1222/1708 1447/1226/1712 1450/1229/1715 
f 1450/1229/1715 1447/1226/1712 1448/1227/1713 
f 1450/1229/1715 1452/1231/1717 1453/1232/1718 
f 1450/1229/1715 1448/1227/1713 1452/1231/1717 
f 1452/1231/1717 1448/1227/1713 1449/1228/1714 
f 1452/1231/1717 1454/1233/1719 1455/1234/1720 
f 1452/1231/1717 1449/1228/1714 1454/1233/1719 
f 1454/1233/1719 1449/1228/1714 1107/886/1356 
f 1454/1233/1719 1456/1235/1721 1457/1236/1722 
f 1454/1233/1719 1107/886/1356 1456/1235/1721 
f 1456/1235/1721 1107/886/1356 1105/884/1354 
f 1456/1235/1721 1091/870/1337 1077/856/1323 
f 1456/1235/1721 1105/884/1354 1091/870/1337 
f 1091/870/1337 1105/884/1354 1092/871/1338 
f 1089/868/1335 1092/871/1338 1090/869/1336 
f 1076/855/1322 1077/856/1323 1091/870/1337 
f 1456/1235/1721 1077/856/1323 1457/1236/1722 
f 1454/1233/1719 1457/1236/1722 1455/1234/1720 
f 1452/1231/1717 1455/1234/1720 1453/1232/1718 
f 1450/1229/1715 1453/1232/1718 1451/1230/1716 
f 1443/1222/1708 1451/1230/1716 1444/1223/1709 
f 1440/1219/1705 1444/1223/1709 1441/1220/1706 
f 1077/856/1323 1070/849/1316 1457/1236/1722 
f 1457/1236/1722 1070/849/1316 1458/1237/1723 
f 1457/1236/1722 1458/1237/1723 1455/1234/1720 
f 1455/1234/1720 1458/1237/1723 1459/1238/1724 
f 1455/1234/1720 1459/1238/1724 1453/1232/1718 
f 1453/1232/1718 1459/1238/1724 1460/1239/1725 
f 1453/1232/1718 1460/1239/1725 1451/1230/1716 
f 1451/1230/1716 1460/1239/1725 1461/1240/1726 
f 1451/1230/1716 1461/1240/1726 1444/1223/1709 
f 1444/1223/1709 1461/1240/1726 1462/1241/1727 
f 1444/1223/1709 1462/1241/1727 1441/1220/1706 
f 1441/1220/1706 1462/1241/1727 1463/1242/1728 
f 1441/1220/1706 1463/1242/1728 1438/1217/1703 
f 1438/1217/1703 1463/1242/1728 1464/1243/1729 
f 1070/849/1316 1062/841/1308 1458/1237/1723 
f 1458/1237/1723 1062/841/1308 1465/1244/1730 
f 1458/1237/1723 1465/1244/1730 1459/1238/1724 
f 1459/1238/1724 1465/1244/1730 1466/1245/1731 
f 1459/1238/1724 1466/1245/1731 1460/1239/1725 
f 1460/1239/1725 1466/1245/1731 1467/1246/1732 
f 1460/1239/1725 1467/1246/1732 1461/1240/1726 
f 1461/1240/1726 1467/1246/1732 1468/1247/1733 
f 1461/1240/1726 1468/1247/1733 1462/1241/1727 
f 1462/1241/1727 1468/1247/1733 1469/1248/1734 
f 1462/1241/1727 1469/1248/1734 1470/1249/1735 
f 1462/1241/1727 1470/1249/1735 1463/1242/1728 
f 1463/1242/1728 1470/1249/1735 1471/1250/1736 
f 1463/1242/1728 1471/1250/1736 1472/1251/1737 
f 1062/841/1308 1063/842/1309 1465/1244/1730 
f 1465/1244/1730 1063/842/1309 1473/1252/1738 
f 1465/1244/1730 1473/1252/1738 1466/1245/1731 
f 1466/1245/1731 1473/1252/1738 1474/1253/1739 
f 1466/1245/1731 1474/1253/1739 1467/1246/1732 
f 1467/1246/1732 1474/1253/1739 1475/1254/1740 
f 1467/1246/1732 1475/1254/1740 1468/1247/1733 
f 1468/1247/1733 1475/1254/1740 1476/1255/1741 
f 1468/1247/1733 1476/1255/1741 1469/1248/1734 
f 1469/1248/1734 1476/1255/1741 1477/1256/1742 
f 1469/1248/1734 1477/1256/1742 1478/1257/1743 
f 1478/1257/1743 1477/1256/1742 1479/1258/1744 
f 1478/1257/1743 1479/1258/1744 1480/1259/1745 
f 1480/1259/1745 1479/1258/1744 1481/1260/1746 
f 1480/1259/1745 1481/1260/1746 1482/1261/1747 
f 1482/1261/1747 1481/1260/1746 1483/1262/1748 
f 1483/1262/1748 1484/1263/1749 1485/1264/1750 
f 1483/1262/1748 1481/1260/1746 1484/1263/1749 
f 1484/1263/1749 1486/1265/1751 1487/1266/1752 
f 1484/1263/1749 1481/1260/1746 1486/1265/1751 
f 1486/1265/1751 1488/1267/1753 1489/1268/1754 
f 1486/1265/1751 1481/1260/1746 1488/1267/1753 
f 1488/1267/1753 1481/1260/1746 1479/1258/1744 
f 1488/1267/1753 1490/1269/1755 1491/1270/1756 
f 1488/1267/1753 1479/1258/1744 1490/1269/1755 
f 1490/1269/1755 1479/1258/1744 1477/1256/1742 
f 1490/1269/1755 1492/1271/1757 1493/1272/1758 
f 1490/1269/1755 1477/1256/1742 1492/1271/1757 
f 1492/1271/1757 1477/1256/1742 1476/1255/1741 
f 1492/1271/1757 1494/1273/1759 1493/1272/1758 
f 1492/1271/1757 1476/1255/1741 1494/1273/1759 
f 1494/1273/1759 1476/1255/1741 1495/1274/1760 
f 1494/1273/1759 1031/810/1277 1025/804/1271 
f 1494/1273/1759 1495/1274/1760 1031/810/1277 
f 1031/810/1277 1495/1274/1760 1037/816/1283 
f 1494/1273/1759 1025/804/1271 1493/1272/1758 
f 1490/1269/1755 1493/1272/1758 1491/1270/1756 
f 1488/1267/1753 1491/1270/1756 1489/1268/1754 
f 1486/1265/1751 1496/1275/1761 1497/1276/1762 
f 1486/1265/1751 1489/1268/1754 1496/1275/1761 
f 1496/1275/1761 1498/1277/1763 1499/1278/1764 
f 1496/1275/1761 1489/1268/1754 1498/1277/1763 
f 1498/1277/1763 1489/1268/1754 1500/1279/1765 
f 1498/1277/1763 1501/1280/1766 1502/1281/1767 
f 1498/1277/1763 1500/1279/1765 1501/1280/1766 
f 1501/1280/1766 1500/1279/1765 1503/1282/1768 
f 1501/1280/1766 1504/1283/1769 1505/1284/1770 
f 1501/1280/1766 1503/1282/1768 1504/1283/1769 
f 1025/804/1271 1019/798/1265 1493/1272/1758 
f 1493/1272/1758 1019/798/1265 1491/1270/1756 
f 1491/1270/1756 1019/798/1265 1018/797/1264 
f 1491/1270/1756 1018/797/1264 1500/1279/1765 
f 1491/1270/1756 1500/1279/1765 1489/1268/1754 
f 1505/1284/1770 1502/1281/1767 1501/1280/1766 
f 1498/1277/1763 1502/1281/1767 1499/1278/1764 
f 1496/1275/1761 1499/1278/1764 1497/1276/1762 
f 1486/1265/1751 1497/1276/1762 1487/1266/1752 
f 1484/1263/1749 1487/1266/1752 1506/1285/1771 
f 1484/1263/1749 1506/1285/1771 1485/1264/1750 
f 1483/1262/1748 1485/1264/1750 1507/1286/1772 
f 1483/1262/1748 1507/1286/1772 1508/1287/1773 
f 1508/1287/1773 1507/1286/1772 1509/1288/1774 
f 1510/1289/1775 1511/1290/1776 1512/1291/1777 
f 1512/1291/1778 1513/1292/1779 439/1293/1780 
f 1512/1291/1777 1511/1290/1776 1513/1292/1781 
f 1513/1292/1781 1511/1290/1776 1509/1288/1774 
f 1513/1292/1779 1514/1294/1782 441/1295/1783 
f 1513/1292/1781 1509/1288/1774 1514/1294/1784 
f 1514/1294/1784 1509/1288/1774 1507/1286/1772 
f 1514/1294/1784 1507/1286/1772 1485/1264/1750 
f 1514/1294/1784 1485/1264/1750 1515/1296/1785 
f 1515/1296/1785 1485/1264/1750 1516/1297/1786 
f 1516/1297/1786 1485/1264/1750 1506/1285/1771 
f 1516/1297/1786 1506/1285/1771 1517/1298/1787 
f 1517/1298/1787 1506/1285/1771 1487/1266/1752 
f 1517/1298/1787 1487/1266/1752 1518/1299/1788 
f 1518/1299/1788 1487/1266/1752 1497/1276/1762 
f 1518/1299/1788 1497/1276/1762 1499/1278/1764 
f 441/1295/1783 1514/1294/1782 443/1300/1789 
f 443/1300/1789 1514/1294/1782 1515/1296/1790 
f 443/1300/1789 1515/1296/1790 445/1301/1791 
f 445/1301/1791 1515/1296/1790 1516/1297/1792 
f 445/1301/1791 1516/1297/1792 530/1302/1793 
f 530/1302/1793 1516/1297/1792 1517/1298/1794 
f 530/1302/1793 1517/1298/1794 529/1303/1795 
f 529/1303/1795 1517/1298/1794 1518/1299/1796 
f 529/1303/1795 1518/1299/1796 528/1304/1797 
f 528/1304/1797 1518/1299/1796 1519/1305/1798 
f 528/1304/1797 1519/1305/1798 527/1306/1799 
f 527/1306/1799 1519/1305/1798 1520/1307/1800 
f 527/1306/1799 1520/1307/1800 526/1308/1801 
f 526/1308/1801 1520/1307/1800 1521/1309/1802 
f 1518/1299/1788 1499/1278/1764 1519/1305/1803 
f 1519/1305/1803 1499/1278/1764 1520/1307/1804 
f 1520/1307/1804 1499/1278/1764 1502/1281/1767 
f 1520/1307/1804 1502/1281/1767 1521/1309/1805 
f 1521/1309/1805 1502/1281/1767 1505/1284/1770 
f 1521/1309/1805 1505/1284/1770 1522/1310/1806 
f 1522/1310/1806 1505/1284/1770 1523/1311/1807 
f 1522/1310/1806 1523/1311/1807 1524/1312/1808 
f 1524/1312/1808 1523/1311/1807 1525/1313/1809 
f 1524/1312/1808 1525/1313/1809 1526/1314/1810 
f 1526/1314/1810 1525/1313/1809 1527/1315/1811 
f 1526/1314/1810 1527/1315/1811 1528/1316/1812 
f 1528/1316/1812 1527/1315/1811 1529/1317/1813 
f 1528/1316/1812 1529/1317/1813 1530/1318/1814 
f 1529/1317/1813 990/769/1236 1530/1318/1814 
f 1530/1318/1814 990/769/1236 1531/1319/1815 
f 1531/1319/1815 990/769/1236 1532/1320/1816 
f 1532/1320/1816 990/769/1236 989/768/1235 
f 988/767/1234 990/769/1236 1529/1317/1813 
f 988/767/1234 1529/1317/1813 1527/1315/1811 
f 988/767/1234 1533/1321/1817 986/765/1232 
f 988/767/1234 1527/1315/1811 1533/1321/1817 
f 1533/1321/1817 1527/1315/1811 1525/1313/1809 
f 1533/1321/1817 1534/1322/1818 1535/1323/1819 
f 1533/1321/1817 1525/1313/1809 1534/1322/1818 
f 1534/1322/1818 1504/1283/1769 1536/1324/1820 
f 1534/1322/1818 1525/1313/1809 1504/1283/1769 
f 1504/1283/1769 1525/1313/1809 1523/1311/1807 
f 1504/1283/1769 1523/1311/1807 1505/1284/1770 
f 1503/1282/1768 1537/1325/1821 1504/1283/1769 
f 1504/1283/1769 1537/1325/1821 1536/1324/1820 
f 1534/1322/1818 1536/1324/1820 1538/1326/1822 
f 1534/1322/1818 1538/1326/1822 1535/1323/1819 
f 1533/1321/1817 1535/1323/1819 986/765/1232 
f 1018/797/1264 1015/794/1261 1500/1279/1765 
f 1500/1279/1765 1015/794/1261 1503/1282/1768 
f 1503/1282/1768 1015/794/1261 1014/793/1260 
f 1503/1282/1768 1014/793/1260 1537/1325/1821 
f 1537/1325/1821 1014/793/1260 999/778/1245 
f 1537/1325/1821 999/778/1245 1536/1324/1820 
f 1536/1324/1820 999/778/1245 1001/780/1247 
f 1536/1324/1820 1001/780/1247 1538/1326/1822 
f 1538/1326/1822 1001/780/1247 998/777/1244 
f 1538/1326/1822 998/777/1244 993/772/1239 
f 1538/1326/1822 993/772/1239 1535/1323/1819 
f 1535/1323/1819 993/772/1239 985/764/1231 
f 1535/1323/1819 985/764/1231 986/765/1232 
f 1539/1327/1823 1540/1328/1824 1541/1329/1825 
f 1539/1327/1823 1542/1330/1826 1540/1328/1824 
f 1543/1331/1827 1544/1332/1828 1545/1333/1829 
f 1545/1333/1829 1544/1332/1828 1546/1334/1830 
f 1545/1333/1829 1546/1334/1830 1547/1335/1831 
f 1547/1335/1831 1546/1334/1830 1548/1336/1832 
f 1547/1335/1831 1548/1336/1832 1549/1337/1833 
f 1549/1337/1833 1548/1336/1832 1542/1330/1826 
f 1549/1337/1833 1542/1330/1826 1539/1327/1823 
f 1549/1337/1833 1539/1327/1823 1550/1338/1834 
f 1550/1338/1834 1539/1327/1823 1551/1339/1835 
f 1550/1338/1834 1551/1339/1835 1552/1340/1836 
f 1552/1340/1836 1551/1339/1835 1553/1341/1837 
f 1552/1340/1836 1553/1341/1837 713/466/905 
f 713/466/905 1553/1341/1837 1554/1342/1838 
f 713/466/905 1554/1342/1838 695/448/887 
f 1555/1343/1839 1556/1344/1840 1557/1345/1841 
f 1555/1343/1839 1543/1331/1827 1556/1344/1840 
f 1556/1344/1840 1543/1331/1827 1545/1333/1829 
f 1556/1344/1840 1558/1346/1842 1559/1347/1843 
f 1556/1344/1840 1545/1333/1829 1558/1346/1842 
f 1558/1346/1842 1545/1333/1829 1547/1335/1831 
f 1558/1346/1842 1560/1348/1844 1561/1349/1845 
f 1558/1346/1842 1547/1335/1831 1560/1348/1844 
f 1560/1348/1844 1547/1335/1831 1549/1337/1833 
f 1560/1348/1844 1549/1337/1833 1550/1338/1834 
f 1560/1348/1844 1562/1350/1846 1561/1349/1845 
f 1560/1348/1844 1550/1338/1834 1562/1350/1846 
f 1562/1350/1846 1550/1338/1834 1552/1340/1836 
f 1562/1350/1846 712/465/904 1563/1351/1847 
f 1562/1350/1846 1552/1340/1836 712/465/904 
f 712/465/904 1552/1340/1836 713/466/905 
f 710/463/902 713/466/905 695/448/887 
f 711/464/903 1563/1351/1847 712/465/904 
f 1562/1350/1846 1563/1351/1847 1561/1349/1845 
f 1558/1346/1842 1561/1349/1845 1559/1347/1843 
f 1556/1344/1840 1559/1347/1843 1557/1345/1841 
f 1555/1343/1839 1564/1352/1848 1565/1353/1849 
f 1555/1343/1839 1557/1345/1841 1564/1352/1848 
f 711/464/903 721/474/913 1563/1351/1847 
f 1563/1351/1847 721/474/913 1566/1354/1850 
f 1563/1351/1847 1566/1354/1850 1561/1349/1845 
f 1561/1349/1845 1566/1354/1850 1559/1347/1843 
f 1559/1347/1843 1566/1354/1850 1567/1355/1851 
f 1559/1347/1843 1567/1355/1851 1557/1345/1841 
f 1557/1345/1841 1567/1355/1851 1568/1356/1852 
f 1557/1345/1841 1568/1356/1852 1564/1352/1848 
f 1564/1352/1848 1568/1356/1852 1569/1357/1853 
f 1564/1352/1848 1569/1357/1853 1570/1358/1854 
f 1564/1352/1848 1570/1358/1854 1565/1353/1849 
f 1555/1343/1839 1565/1353/1849 1571/1359/1855 
f 1555/1343/1839 1571/1359/1855 1543/1331/1827 
f 1572/1360/1856 1569/1357/1853 1573/1361/1857 
f 1573/1361/1857 1569/1357/1853 1574/1362/1858 
f 1574/1362/1858 1569/1357/1853 1568/1356/1852 
f 1574/1362/1858 1568/1356/1852 1575/1363/1859 
f 1575/1363/1859 1568/1356/1852 1567/1355/1851 
f 1575/1363/1859 1567/1355/1851 1576/1364/1860 
f 1576/1364/1860 1567/1355/1851 1566/1354/1850 
f 1576/1364/1860 1566/1354/1850 721/474/913 
f 1576/1364/1860 721/474/913 1577/1365/1861 
f 1577/1365/1861 721/474/913 720/473/912 
f 1577/1365/1861 720/473/912 1578/1366/1862 
f 1578/1366/1862 720/473/912 719/472/911 
f 1578/1366/1862 719/472/911 722/475/914 
f 722/475/914 719/472/911 718/471/910 
f 1579/1367/1863 1580/1368/1864 1581/1369/1865 
f 1579/1367/1863 1573/1361/1857 1580/1368/1864 
f 1580/1368/1864 1573/1361/1857 1574/1362/1858 
f 1580/1368/1864 1582/1370/1866 1583/1371/1867 
f 1580/1368/1864 1574/1362/1858 1582/1370/1866 
f 1582/1370/1866 1574/1362/1858 1575/1363/1859 
f 1582/1370/1866 1584/1372/1868 1585/1373/1869 
f 1582/1370/1866 1575/1363/1859 1584/1372/1868 
f 1584/1372/1868 1575/1363/1859 1576/1364/1860 
f 1584/1372/1868 1576/1364/1860 1577/1365/1861 
f 1584/1372/1868 1586/1374/1870 1585/1373/1869 
f 1584/1372/1868 1577/1365/1861 1586/1374/1870 
f 1586/1374/1870 1577/1365/1861 1578/1366/1862 
f 1586/1374/1870 1587/1375/1871 741/494/933 
f 1586/1374/1870 1578/1366/1862 1587/1375/1871 
f 1587/1375/1871 1578/1366/1862 722/475/914 
f 1587/1375/1871 740/493/932 742/495/934 
f 1587/1375/1871 722/475/914 740/493/932 
f 740/493/932 722/475/914 723/476/915 
f 739/492/931 742/495/934 740/493/932 
f 1587/1375/1871 742/495/934 741/494/933 
f 1586/1374/1870 741/494/933 1585/1373/1869 
f 1582/1370/1866 1585/1373/1869 1583/1371/1867 
f 1580/1368/1864 1583/1371/1867 1581/1369/1865 
f 1579/1367/1863 1581/1369/1865 1588/1376/1872 
f 1588/1376/1872 1581/1369/1865 1589/1377/1873 
f 1588/1376/1872 1589/1377/1873 1590/1378/1874 
f 1591/1379/1875 1592/1380/1876 1593/1381/1877 
f 1593/1381/1877 1594/1382/1878 1595/1383/1879 
f 1593/1381/1877 1592/1380/1876 1594/1382/1878 
f 1594/1382/1878 1592/1380/1876 1596/1384/1880 
f 1594/1382/1878 1597/1385/1881 1595/1383/1879 
f 1594/1382/1878 1596/1384/1880 1597/1385/1881 
f 1597/1385/1881 1596/1384/1880 1589/1377/1873 
f 1597/1385/1881 1598/1386/1882 1599/1387/1883 
f 1597/1385/1881 1589/1377/1873 1598/1386/1882 
f 1598/1386/1882 1589/1377/1873 1581/1369/1865 
f 1598/1386/1882 1600/1388/1884 1601/1389/1885 
f 1598/1386/1882 1581/1369/1865 1600/1388/1884 
f 1600/1388/1884 1581/1369/1865 1583/1371/1867 
f 1600/1388/1884 1602/1390/1886 1603/1391/1887 
f 1600/1388/1884 1583/1371/1867 1602/1390/1886 
f 1602/1390/1886 1583/1371/1867 1585/1373/1869 
f 1602/1390/1886 1604/1392/1888 1605/1393/1889 
f 1602/1390/1886 1585/1373/1869 1604/1392/1888 
f 1604/1392/1888 1585/1373/1869 741/494/933 
f 1604/1392/1888 743/496/935 752/505/944 
f 1604/1392/1888 741/494/933 743/496/935 
f 1604/1392/1888 752/505/944 1605/1393/1889 
f 1602/1390/1886 1605/1393/1889 1603/1391/1887 
f 1600/1388/1884 1603/1391/1887 1601/1389/1885 
f 1598/1386/1882 1601/1389/1885 1599/1387/1883 
f 1597/1385/1881 1599/1387/1883 1595/1383/1879 
f 1593/1381/1877 1595/1383/1879 1606/1394/1890 
f 1593/1381/1877 1607/1395/1891 1608/1396/1892 
f 1593/1381/1877 1606/1394/1890 1607/1395/1891 
f 1606/1394/1890 1595/1383/1879 1609/1397/1893 
f 1609/1397/1893 1595/1383/1879 1610/1398/1894 
f 1610/1398/1894 1595/1383/1879 1599/1387/1883 
f 1610/1398/1894 1599/1387/1883 1601/1389/1885 
f 1610/1398/1894 1601/1389/1885 1611/1399/1895 
f 1611/1399/1895 1601/1389/1885 1603/1391/1887 
f 1611/1399/1895 1603/1391/1887 1612/1400/1896 
f 1612/1400/1896 1603/1391/1887 1605/1393/1889 
f 1612/1400/1896 1605/1393/1889 1613/1401/1897 
f 1613/1401/1897 1605/1393/1889 752/505/944 
f 1613/1401/1897 752/505/944 1614/1402/1898 
f 1614/1402/1898 752/505/944 753/506/945 
f 1614/1402/1898 753/506/945 772/525/964 
f 772/525/964 753/506/945 761/514/953 
f 1615/1403/1899 1616/1404/1900 1617/1405/1901 
f 1615/1403/1899 1618/1406/1902 1616/1404/1900 
f 1616/1404/1900 1618/1406/1902 1609/1397/1893 
f 1616/1404/1900 1609/1397/1893 1619/1407/1903 
f 1619/1407/1903 1609/1397/1893 1610/1398/1894 
f 1619/1407/1903 1610/1398/1894 1611/1399/1895 
f 1619/1407/1903 1611/1399/1895 1620/1408/1904 
f 1620/1408/1904 1611/1399/1895 1612/1400/1896 
f 1620/1408/1904 1612/1400/1896 1621/1409/1905 
f 1621/1409/1905 1612/1400/1896 1613/1401/1897 
f 1621/1409/1905 1613/1401/1897 1622/1410/1906 
f 1622/1410/1906 1613/1401/1897 1614/1402/1898 
f 1622/1410/1906 1614/1402/1898 772/525/964 
f 1622/1410/1906 772/525/964 1623/1411/1907 
f 1623/1411/1907 772/525/964 773/526/965 
f 1617/1405/1901 1616/1404/1900 1624/1412/1908 
f 1624/1412/1908 1616/1404/1900 1619/1407/1903 
f 1624/1412/1908 1619/1407/1903 1620/1408/1904 
f 1624/1412/1908 1620/1408/1904 1625/1413/1909 
f 1625/1413/1909 1620/1408/1904 1621/1409/1905 
f 1625/1413/1909 1621/1409/1905 1626/1414/1910 
f 1626/1414/1910 1621/1409/1905 1622/1410/1906 
f 1626/1414/1910 1622/1410/1906 1623/1411/1907 
f 1626/1414/1910 1623/1411/1907 1627/1415/1911 
f 1627/1415/1911 1623/1411/1907 1628/1416/1912 
f 1628/1416/1912 1623/1411/1907 773/526/965 
f 1628/1416/1912 773/526/965 774/527/966 
f 1628/1416/1912 774/527/966 784/537/976 
f 784/537/976 774/527/966 775/528/967 
f 1617/1405/1901 1629/1417/1913 1630/1418/1914 
f 1617/1405/1901 1624/1412/1908 1629/1417/1913 
f 1629/1417/1913 1624/1412/1908 1625/1413/1909 
f 1629/1417/1913 1631/1419/1915 1632/1420/1916 
f 1629/1417/1913 1625/1413/1909 1631/1419/1915 
f 1631/1419/1915 1625/1413/1909 1626/1414/1910 
f 1631/1419/1915 1626/1414/1910 1627/1415/1911 
f 1631/1419/1915 1633/1421/1917 1632/1420/1916 
f 1631/1419/1915 1627/1415/1911 1633/1421/1917 
f 1633/1421/1917 1634/1422/1918 783/536/975 
f 1633/1421/1917 1627/1415/1911 1634/1422/1918 
f 1634/1422/1918 1627/1415/1911 1628/1416/1912 
f 1634/1422/1918 1628/1416/1912 784/537/976 
f 1634/1422/1918 784/537/976 779/532/971 
f 1634/1422/1918 779/532/971 783/536/975 
f 1633/1421/1917 783/536/975 1632/1420/1916 
f 1629/1417/1913 1632/1420/1916 1630/1418/1914 
f 1617/1405/1901 1630/1418/1914 1635/1423/1919 
f 1635/1423/1919 1630/1418/1914 1636/1424/1920 
f 1635/1423/1919 1636/1424/1920 1637/1425/1921 
f 1637/1425/1921 1636/1424/1920 1638/1426/1922 
f 1637/1425/1921 1638/1426/1922 1639/1427/1923 
f 1639/1427/1923 1638/1426/1922 1640/1428/1924 
f 1639/1427/1923 1640/1428/1924 1641/1429/1925 
f 1641/1429/1925 1640/1428/1924 1642/1430/1926 
f 1642/1430/1926 1640/1428/1924 797/550/989 
f 1642/1430/1926 797/550/989 796/549/988 
f 1615/1403/1899 1617/1405/1901 1635/1423/1919 
f 1615/1403/1899 1635/1423/1919 1643/1431/1927 
f 1643/1431/1927 1635/1423/1919 1637/1425/1921 
f 1643/1431/1927 1637/1425/1921 1644/1432/1928 
f 1644/1432/1928 1637/1425/1921 1639/1427/1923 
f 1644/1432/1928 1639/1427/1923 1645/1433/1929 
f 1645/1433/1929 1639/1427/1923 1641/1429/1925 
f 1645/1433/1929 1641/1429/1925 1646/1434/1930 
f 1646/1434/1930 1641/1429/1925 1647/1435/1931 
f 1647/1435/1931 1641/1429/1925 1642/1430/1926 
f 1647/1435/1931 1642/1430/1926 796/549/988 
f 1647/1435/1931 796/549/988 799/552/991 
f 799/552/991 796/549/988 794/547/986 
f 1648/1436/1932 1649/1437/1933 1650/1438/1934 
f 1648/1436/1932 1618/1406/1902 1649/1437/1933 
f 1649/1437/1933 1618/1406/1902 1615/1403/1899 
f 1649/1437/1933 1615/1403/1899 1643/1431/1927 
f 1649/1437/1933 1651/1439/1935 1650/1438/1934 
f 1649/1437/1933 1643/1431/1927 1651/1439/1935 
f 1651/1439/1935 1643/1431/1927 1644/1432/1928 
f 1651/1439/1935 1652/1440/1936 1653/1441/1937 
f 1651/1439/1935 1644/1432/1928 1652/1440/1936 
f 1652/1440/1936 1644/1432/1928 1645/1433/1929 
f 1652/1440/1936 1654/1442/1938 1655/1443/1939 
f 1652/1440/1936 1645/1433/1929 1654/1442/1938 
f 1654/1442/1938 1645/1433/1929 1646/1434/1930 
f 1654/1442/1938 811/564/1003 1656/1444/1940 
f 1654/1442/1938 1646/1434/1930 811/564/1003 
f 811/564/1003 1646/1434/1930 1647/1435/1931 
f 811/564/1003 1647/1435/1931 799/552/991 
f 810/563/1002 1656/1444/1940 811/564/1003 
f 1654/1442/1938 1656/1444/1940 1655/1443/1939 
f 1652/1440/1936 1655/1443/1939 1653/1441/1937 
f 1651/1439/1935 1653/1441/1937 1650/1438/1934 
f 1648/1436/1932 1657/1445/1941 1607/1395/1891 
f 1648/1436/1932 1650/1438/1934 1657/1445/1941 
f 1657/1445/1941 1650/1438/1934 1658/1446/1942 
f 1657/1445/1941 1659/1447/1943 1660/1448/1944 
f 1657/1445/1941 1658/1446/1942 1659/1447/1943 
f 1659/1447/1943 1658/1446/1942 1661/1449/1945 
f 1659/1447/1943 1662/1450/1946 1663/1451/1947 
f 1659/1447/1943 1661/1449/1945 1662/1450/1946 
f 1650/1438/1934 1653/1441/1937 1658/1446/1942 
f 1658/1446/1942 1653/1441/1937 1664/1452/1948 
f 1658/1446/1942 1664/1452/1948 1661/1449/1945 
f 1661/1449/1945 1664/1452/1948 1665/1453/1949 
f 1661/1449/1945 1665/1453/1949 1666/1454/1950 
f 1666/1454/1950 1665/1453/1949 1667/1455/1951 
f 1666/1454/1950 1667/1455/1951 1668/1456/1952 
f 1668/1456/1952 1667/1455/1951 1669/1457/1953 
f 1668/1456/1952 1669/1457/1953 1670/1458/1954 
f 1670/1458/1954 1669/1457/1953 1671/1459/1955 
f 1670/1458/1954 1671/1459/1955 1672/1460/1956 
f 1672/1460/1956 1671/1459/1955 1673/1461/1957 
f 1672/1460/1956 1673/1461/1957 1674/1462/1958 
f 1674/1462/1958 1675/1463/1959 1676/1464/1960 
f 1674/1462/1958 1673/1461/1957 1675/1463/1959 
f 1661/1449/1945 1666/1454/1950 1662/1450/1946 
f 1662/1450/1946 1677/1465/1961 1678/1466/1962 
f 1662/1450/1946 1666/1454/1950 1677/1465/1961 
f 1677/1465/1961 1666/1454/1950 1668/1456/1952 
f 1677/1465/1961 1679/1467/1963 1680/1468/1964 
f 1677/1465/1961 1668/1456/1952 1679/1467/1963 
f 1679/1467/1963 1668/1456/1952 1670/1458/1954 
f 1679/1467/1963 1681/1469/1965 1682/1470/1966 
f 1679/1467/1963 1670/1458/1954 1681/1469/1965 
f 1681/1469/1965 1670/1458/1954 1672/1460/1956 
f 1681/1469/1965 1672/1460/1956 1683/1471/1967 
f 1683/1471/1967 1672/1460/1956 1674/1462/1958 
f 1683/1471/1967 1674/1462/1958 1684/1472/1968 
f 1684/1472/1968 1674/1462/1958 1676/1464/1960 
f 1684/1472/1968 1676/1464/1960 1685/1473/1969 
f 1685/1473/1969 1676/1464/1960 1686/1474/1970 
f 1685/1473/1969 1686/1474/1970 1687/1475/1971 
f 1682/1470/1966 1688/1476/1972 1689/1477/1973 
f 1682/1470/1966 1681/1469/1965 1688/1476/1972 
f 1688/1476/1972 1681/1469/1965 1683/1471/1967 
f 1688/1476/1972 1690/1478/1974 1691/1479/1975 
f 1688/1476/1972 1683/1471/1967 1690/1478/1974 
f 1690/1478/1974 1683/1471/1967 1684/1472/1968 
f 1690/1478/1974 1684/1472/1968 1692/1480/1976 
f 1692/1480/1976 1684/1472/1968 1685/1473/1969 
f 1692/1480/1976 1685/1473/1969 1693/1481/1977 
f 1693/1481/1977 1685/1473/1969 1687/1475/1971 
f 1693/1481/1977 1687/1475/1971 1694/1482/1978 
f 1693/1481/1977 1694/1482/1978 1695/1483/1979 
f 1695/1483/1979 1694/1482/1978 1696/1484/1980 
f 1695/1483/1979 1696/1484/1980 1697/1485/1981 
f 1697/1485/1981 1696/1484/1980 1698/1486/1982 
f 1698/1486/1982 1699/1487/1983 1700/1488/1984 
f 1698/1486/1982 1696/1484/1980 1699/1487/1983 
f 1691/1479/1975 1701/1489/1985 1702/1490/1986 
f 1691/1479/1975 1690/1478/1974 1701/1489/1985 
f 1701/1489/1985 1690/1478/1974 1692/1480/1976 
f 1701/1489/1985 1703/1491/1987 1704/1492/1988 
f 1701/1489/1985 1692/1480/1976 1703/1491/1987 
f 1703/1491/1987 1692/1480/1976 1693/1481/1977 
f 1703/1491/1987 1693/1481/1977 1695/1483/1979 
f 1703/1491/1987 1705/1493/1989 1706/1494/1990 
f 1703/1491/1987 1695/1483/1979 1705/1493/1989 
f 1705/1493/1989 1695/1483/1979 1697/1485/1981 
f 1705/1493/1989 1707/1495/1991 1708/1496/1992 
f 1705/1493/1989 1697/1485/1981 1707/1495/1991 
f 1707/1495/1991 1709/1497/1993 1710/1498/1994 
f 1707/1495/1991 1697/1485/1981 1709/1497/1993 
f 1709/1497/1993 1697/1485/1981 1698/1486/1982 
f 1709/1497/1993 1711/1499/1995 1712/1500/1996 
f 1709/1497/1993 1698/1486/1982 1711/1499/1995 
f 1711/1499/1995 1698/1486/1982 1700/1488/1984 
f 1711/1499/1995 1700/1488/1984 1713/1501/1997 
f 1711/1499/1995 1714/1502/1998 1715/1503/1999 
f 1711/1499/1995 1713/1501/1997 1714/1502/1998 
f 1716/1504/2000 1715/1503/1999 1714/1502/1998 
f 1711/1499/1995 1715/1503/1999 1712/1500/1996 
f 1709/1497/1993 1712/1500/1996 1710/1498/1994 
f 1707/1495/1991 1710/1498/1994 1708/1496/1992 
f 1705/1493/1989 1708/1496/1992 1706/1494/1990 
f 1703/1491/1987 1706/1494/1990 1704/1492/1988 
f 1701/1489/1985 1704/1492/1988 1702/1490/1986 
f 1708/1496/1992 1717/1505/2001 1718/1506/2002 
f 1708/1496/1992 1710/1498/1994 1717/1505/2001 
f 1717/1505/2001 1719/1507/2003 1720/1508/2004 
f 1717/1505/2001 1710/1498/1994 1719/1507/2003 
f 1719/1507/2003 1710/1498/1994 1712/1500/1996 
f 1719/1507/2003 1712/1500/1996 1715/1503/1999 
f 1719/1507/2003 1721/1509/2005 1722/1510/2006 
f 1719/1507/2003 1715/1503/1999 1721/1509/2005 
f 1721/1509/2005 1723/1511/2007 1724/1512/2008 
f 1721/1509/2005 1715/1503/1999 1723/1511/2007 
f 1723/1511/2007 1715/1503/1999 1716/1504/2000 
f 1723/1511/2007 1725/1513/2009 1726/1514/2010 
f 1723/1511/2007 1716/1504/2000 1725/1513/2009 
f 1725/1513/2009 1716/1504/2000 1727/1515/2011 
f 1725/1513/2009 1728/1516/2012 1729/1517/2013 
f 1725/1513/2009 1727/1515/2011 1728/1516/2012 
f 1728/1516/2012 1727/1515/2011 1730/1518/2014 
f 1728/1516/2012 1731/1519/2015 973/752/1219 
f 1728/1516/2012 1730/1518/2014 1731/1519/2015 
f 1731/1519/2015 1730/1518/2014 969/748/1215 
f 1731/1519/2015 966/745/1212 973/752/1219 
f 1731/1519/2015 969/748/1215 966/745/1212 
f 1728/1516/2012 973/752/1219 1729/1517/2013 
f 1725/1513/2009 1729/1517/2013 1726/1514/2010 
f 1723/1511/2007 1726/1514/2010 1724/1512/2008 
f 1721/1509/2005 1724/1512/2008 1722/1510/2006 
f 1719/1507/2003 1722/1510/2006 1720/1508/2004 
f 1717/1505/2001 1720/1508/2004 1732/1520/2016 
f 1717/1505/2001 1732/1520/2016 1718/1506/2002 
f 1720/1508/2004 1722/1510/2006 1733/1521/2017 
f 1733/1521/2017 1722/1510/2006 1734/1522/2018 
f 1734/1522/2018 1722/1510/2006 1724/1512/2008 
f 1734/1522/2018 1724/1512/2008 1735/1523/2019 
f 1735/1523/2019 1724/1512/2008 1726/1514/2010 
f 1735/1523/2019 1726/1514/2010 1729/1517/2013 
f 1735/1523/2019 1729/1517/2013 1736/1524/2020 
f 1736/1524/2020 1729/1517/2013 973/752/1219 
f 1736/1524/2020 973/752/1219 975/754/1221 
f 1736/1524/2020 975/754/1221 1737/1525/2021 
f 1737/1525/2021 975/754/1221 1738/1526/2022 
f 1737/1525/2021 1738/1526/2022 1739/1527/2023 
f 1737/1525/2021 1739/1527/2023 1740/1528/2024 
f 1740/1528/2024 1739/1527/2023 1741/1529/2025 
f 1737/1525/2021 1742/1530/2026 1736/1524/2020 
f 1737/1525/2021 1740/1528/2024 1742/1530/2026 
f 1742/1530/2026 1740/1528/2024 1743/1531/2027 
f 1742/1530/2026 1744/1532/2028 1735/1523/2019 
f 1742/1530/2026 1743/1531/2027 1744/1532/2028 
f 1744/1532/2028 1743/1531/2027 1733/1521/2017 
f 1744/1532/2028 1733/1521/2017 1734/1522/2018 
f 1744/1532/2028 1734/1522/2018 1735/1523/2019 
f 1742/1530/2026 1735/1523/2019 1736/1524/2020 
f 1720/1508/2004 1733/1521/2017 1732/1520/2016 
f 1732/1520/2016 1733/1521/2017 1743/1531/2027 
f 1732/1520/2016 1743/1531/2027 1745/1533/2029 
f 1745/1533/2029 1743/1531/2027 1740/1528/2024 
f 1745/1533/2029 1740/1528/2024 1741/1529/2025 
f 1745/1533/2029 1741/1529/2025 1746/1534/2030 
f 1746/1534/2030 1741/1529/2025 1747/1535/2031 
f 1746/1534/2030 1747/1535/2031 1748/1536/2032 
f 1748/1536/2032 1747/1535/2031 1749/1537/2033 
f 1748/1536/2032 1749/1537/2033 1750/1538/2034 
f 1750/1538/2034 1749/1537/2033 1751/1539/2035 
f 1750/1538/2034 1751/1539/2035 1752/1540/2036 
f 1752/1540/2036 1751/1539/2035 1753/1541/2037 
f 1752/1540/2036 1753/1541/2037 1754/1542/2038 
f 1732/1520/2016 1745/1533/2029 1718/1506/2002 
f 1718/1506/2002 1745/1533/2029 1746/1534/2030 
f 1718/1506/2002 1746/1534/2030 1755/1543/2039 
f 1755/1543/2039 1746/1534/2030 1748/1536/2032 
f 1755/1543/2039 1748/1536/2032 1756/1544/2040 
f 1756/1544/2040 1748/1536/2032 1750/1538/2034 
f 1756/1544/2040 1750/1538/2034 1757/1545/2041 
f 1757/1545/2041 1750/1538/2034 1752/1540/2036 
f 1757/1545/2041 1752/1540/2036 1758/1546/2042 
f 1758/1546/2042 1752/1540/2036 1754/1542/2038 
f 1758/1546/2042 1754/1542/2038 1759/1547/2043 
f 1759/1547/2043 1754/1542/2038 1760/1548/2044 
f 1759/1547/2043 1760/1548/2044 1761/1549/2045 
f 1761/1549/2045 1760/1548/2044 1762/1550/2046 
f 1708/1496/1992 1718/1506/2002 1755/1543/2039 
f 1708/1496/1992 1755/1543/2039 1706/1494/1990 
f 1706/1494/1990 1755/1543/2039 1756/1544/2040 
f 1706/1494/1990 1756/1544/2040 1704/1492/1988 
f 1704/1492/1988 1756/1544/2040 1757/1545/2041 
f 1704/1492/1988 1757/1545/2041 1702/1490/1986 
f 1702/1490/1986 1757/1545/2041 1758/1546/2042 
f 1702/1490/1986 1758/1546/2042 1763/1551/2047 
f 1763/1551/2047 1758/1546/2042 1759/1547/2043 
f 1763/1551/2047 1759/1547/2043 1764/1552/2048 
f 1764/1552/2048 1759/1547/2043 1761/1549/2045 
f 1764/1552/2048 1761/1549/2045 1765/1553/2049 
f 1765/1553/2049 1766/1554/2050 1767/1555/2051 
f 1765/1553/2049 1761/1549/2045 1766/1554/2050 
f 1702/1490/1986 1763/1551/2047 1691/1479/1975 
f 1691/1479/1975 1763/1551/2047 1689/1477/1973 
f 1689/1477/1973 1763/1551/2047 1764/1552/2048 
f 1689/1477/1973 1764/1552/2048 1768/1556/2052 
f 1768/1556/2052 1764/1552/2048 1765/1553/2049 
f 1768/1556/2052 1765/1553/2049 1769/1557/2053 
f 1769/1557/2053 1765/1553/2049 1767/1555/2051 
f 1769/1557/2053 1767/1555/2051 1770/1558/2054 
f 1770/1558/2054 1767/1555/2051 1771/1559/2055 
f 1770/1558/2054 1771/1559/2055 1772/1560/2056 
f 1772/1560/2056 1771/1559/2055 1773/1561/2057 
f 1772/1560/2056 1773/1561/2057 1608/1396/1892 
f 1608/1396/1892 1773/1561/2057 1591/1379/1875 
f 1608/1396/1892 1591/1379/1875 1593/1381/1877 
f 1688/1476/1972 1691/1479/1975 1689/1477/1973 
f 1682/1470/1966 1689/1477/1973 1768/1556/2052 
f 1682/1470/1966 1768/1556/2052 1680/1468/1964 
f 1680/1468/1964 1768/1556/2052 1769/1557/2053 
f 1680/1468/1964 1769/1557/2053 1678/1466/1962 
f 1678/1466/1962 1769/1557/2053 1770/1558/2054 
f 1678/1466/1962 1770/1558/2054 1663/1451/1947 
f 1663/1451/1947 1770/1558/2054 1772/1560/2056 
f 1663/1451/1947 1772/1560/2056 1660/1448/1944 
f 1660/1448/1944 1772/1560/2056 1608/1396/1892 
f 1660/1448/1944 1608/1396/1892 1607/1395/1891 
f 1679/1467/1963 1682/1470/1966 1680/1468/1964 
f 1677/1465/1961 1680/1468/1964 1678/1466/1962 
f 1662/1450/1946 1678/1466/1962 1663/1451/1947 
f 1659/1447/1943 1663/1451/1947 1660/1448/1944 
f 1657/1445/1941 1660/1448/1944 1607/1395/1891 
f 1648/1436/1932 1607/1395/1891 1606/1394/1890 
f 1648/1436/1932 1606/1394/1890 1618/1406/1902 
f 1618/1406/1902 1606/1394/1890 1609/1397/1893 
f 690/443/882 1774/1562/2058 687/440/879 
f 685/438/877 687/440/879 1775/1563/2059 
f 1775/1563/2059 687/440/879 1774/1562/2058 
f 1775/1563/2059 1774/1562/2058 1776/1564/2060 
f 1776/1564/2060 1774/1562/2058 1777/1565/2061 
f 1776/1564/2060 1777/1565/2061 1778/1566/2062 
f 1778/1566/2062 1777/1565/2061 1779/1567/2063 
f 1778/1566/2062 1779/1567/2063 1554/1342/1838 
f 683/436/875 685/438/877 1780/1568/2064 
f 1780/1568/2064 685/438/877 1775/1563/2059 
f 1780/1568/2064 1775/1563/2059 1781/1569/2065 
f 1781/1569/2065 1775/1563/2059 1776/1564/2060 
f 1781/1569/2065 1776/1564/2060 1782/1570/2066 
f 1782/1570/2066 1776/1564/2060 1778/1566/2062 
f 1782/1570/2066 1778/1566/2062 1783/1571/2067 
f 1783/1571/2067 1778/1566/2062 1554/1342/1838 
f 1783/1571/2067 1554/1342/1838 1553/1341/1837 
f 682/435/874 683/436/875 1784/1572/2068 
f 1784/1572/2068 683/436/875 1780/1568/2064 
f 1784/1572/2068 1780/1568/2064 1785/1573/2069 
f 1785/1573/2069 1780/1568/2064 1781/1569/2065 
f 1785/1573/2069 1781/1569/2065 1786/1574/2070 
f 1786/1574/2070 1781/1569/2065 1782/1570/2066 
f 1786/1574/2070 1782/1570/2066 1787/1575/2071 
f 1787/1575/2071 1782/1570/2066 1783/1571/2067 
f 1787/1575/2071 1783/1571/2067 1788/1576/2072 
f 1788/1576/2072 1783/1571/2067 1553/1341/1837 
f 1788/1576/2072 1553/1341/1837 1551/1339/1835 
f 681/434/873 682/435/874 1789/1577/2073 
f 1789/1577/2073 682/435/874 1784/1572/2068 
f 1789/1577/2073 1784/1572/2068 1790/1578/2074 
f 1790/1578/2074 1784/1572/2068 1785/1573/2069 
f 1790/1578/2074 1785/1573/2069 1791/1579/2075 
f 1791/1579/2075 1785/1573/2069 1786/1574/2070 
f 1791/1579/2075 1786/1574/2070 1792/1580/2076 
f 1792/1580/2076 1786/1574/2070 1787/1575/2071 
f 1792/1580/2076 1787/1575/2071 1793/1581/2077 
f 1793/1581/2077 1787/1575/2071 1788/1576/2072 
f 1793/1581/2077 1788/1576/2072 1541/1329/1825 
f 1541/1329/1825 1788/1576/2072 1551/1339/1835 
f 1541/1329/1825 1551/1339/1835 1539/1327/1823 
f 680/433/872 1794/1582/2078 679/432/871 
f 680/433/872 681/434/873 1794/1582/2078 
f 1794/1582/2078 681/434/873 1789/1577/2073 
f 1794/1582/2078 1795/1583/2079 1796/1584/2080 
f 1794/1582/2078 1789/1577/2073 1795/1583/2079 
f 1795/1583/2079 1789/1577/2073 1790/1578/2074 
f 1795/1583/2079 1797/1585/2081 1798/1586/2082 
f 1795/1583/2079 1790/1578/2074 1797/1585/2081 
f 1797/1585/2081 1790/1578/2074 1791/1579/2075 
f 1797/1585/2081 1791/1579/2075 1799/1587/2083 
f 1799/1587/2083 1791/1579/2075 1792/1580/2076 
f 1799/1587/2083 1792/1580/2076 1800/1588/2084 
f 1800/1588/2084 1792/1580/2076 1793/1581/2077 
f 1800/1588/2084 1793/1581/2077 1801/1589/2085 
f 1801/1589/2085 1793/1581/2077 1541/1329/1825 
f 1801/1589/2085 1541/1329/1825 1540/1328/1824 
f 1798/1586/2082 1797/1585/2081 1802/1590/2086 
f 1802/1590/2086 1797/1585/2081 1799/1587/2083 
f 1802/1590/2086 1799/1587/2083 1803/1591/2087 
f 1803/1591/2087 1799/1587/2083 1800/1588/2084 
f 1803/1591/2087 1800/1588/2084 1804/1592/2088 
f 1804/1592/2088 1800/1588/2084 1801/1589/2085 
f 1804/1592/2088 1801/1589/2085 1805/1593/2089 
f 1805/1593/2089 1801/1589/2085 1540/1328/1824 
f 1805/1593/2089 1540/1328/1824 1806/1594/2090 
f 1806/1594/2090 1540/1328/1824 1542/1330/1826 
f 1806/1594/2090 1542/1330/1826 1807/1595/2091 
f 1807/1595/2091 1542/1330/1826 1548/1336/1832 
f 1807/1595/2091 1548/1336/1832 1808/1596/2092 
f 1808/1596/2092 1548/1336/1832 1546/1334/1830 
f 1805/1593/2089 1806/1594/2090 1809/1597/2093 
f 1809/1597/2093 1806/1594/2090 1810/1598/2094 
f 1810/1598/2094 1806/1594/2090 1807/1595/2091 
f 1810/1598/2094 1807/1595/2091 1811/1599/2095 
f 1811/1599/2095 1807/1595/2091 1808/1596/2092 
f 1811/1599/2095 1808/1596/2092 1812/1600/2096 
f 1812/1600/2096 1808/1596/2092 1813/1601/2097 
f 1813/1601/2097 1808/1596/2092 1546/1334/1830 
f 1813/1601/2097 1546/1334/1830 1544/1332/1828 
f 1814/1602/2098 1815/1603/2099 1816/1604/2100 
f 1814/1602/2098 1809/1597/2093 1815/1603/2099 
f 1815/1603/2099 1809/1597/2093 1810/1598/2094 
f 1815/1603/2099 1817/1605/2101 1818/1606/2102 
f 1815/1603/2099 1810/1598/2094 1817/1605/2101 
f 1817/1605/2101 1810/1598/2094 1811/1599/2095 
f 1817/1605/2101 1819/1607/2103 1820/1608/2104 
f 1817/1605/2101 1811/1599/2095 1819/1607/2103 
f 1819/1607/2103 1811/1599/2095 1812/1600/2096 
f 1819/1607/2103 1821/1609/2105 1822/1610/2106 
f 1819/1607/2103 1812/1600/2096 1821/1609/2105 
f 1821/1609/2105 1812/1600/2096 1823/1611/2107 
f 1823/1611/2107 1812/1600/2096 1813/1601/2097 
f 1823/1611/2107 1813/1601/2097 1824/1612/2108 
f 1824/1612/2108 1813/1601/2097 1544/1332/1828 
f 1824/1612/2108 1544/1332/1828 1825/1613/2109 
f 1825/1613/2109 1544/1332/1828 1543/1331/1827 
f 1825/1613/2109 1543/1331/1827 1571/1359/1855 
f 1821/1609/2105 1826/1614/2110 1827/1615/2111 
f 1821/1609/2105 1823/1611/2107 1826/1614/2110 
f 1826/1614/2110 1823/1611/2107 1828/1616/2112 
f 1828/1616/2112 1823/1611/2107 1824/1612/2108 
f 1828/1616/2112 1824/1612/2108 1829/1617/2113 
f 1829/1617/2113 1824/1612/2108 1825/1613/2109 
f 1829/1617/2113 1825/1613/2109 1830/1618/2114 
f 1830/1618/2114 1825/1613/2109 1571/1359/1855 
f 1830/1618/2114 1571/1359/1855 1831/1619/2115 
f 1831/1619/2115 1571/1359/1855 1565/1353/1849 
f 1831/1619/2115 1565/1353/1849 1832/1620/2116 
f 1832/1620/2116 1565/1353/1849 1570/1358/1854 
f 1832/1620/2116 1570/1358/1854 1833/1621/2117 
f 1833/1621/2117 1570/1358/1854 1572/1360/1856 
f 1572/1360/1856 1570/1358/1854 1569/1357/1853 
f 1827/1615/2111 1834/1622/2118 1835/1623/2119 
f 1827/1615/2111 1826/1614/2110 1834/1622/2118 
f 1834/1622/2118 1826/1614/2110 1836/1624/2120 
f 1836/1624/2120 1826/1614/2110 1828/1616/2112 
f 1836/1624/2120 1828/1616/2112 1837/1625/2121 
f 1837/1625/2121 1828/1616/2112 1829/1617/2113 
f 1837/1625/2121 1829/1617/2113 1838/1626/2122 
f 1838/1626/2122 1829/1617/2113 1830/1618/2114 
f 1838/1626/2122 1830/1618/2114 1839/1627/2123 
f 1839/1627/2123 1830/1618/2114 1831/1619/2115 
f 1839/1627/2123 1831/1619/2115 1840/1628/2124 
f 1840/1628/2124 1831/1619/2115 1832/1620/2116 
f 1840/1628/2124 1832/1620/2116 1841/1629/2125 
f 1841/1629/2125 1832/1620/2116 1833/1621/2117 
f 1841/1629/2125 1833/1621/2117 1842/1630/2126 
f 1843/1631/2127 1844/1632/2128 1845/1633/2129 
f 1843/1631/2130 1836/1624/2120 1844/1632/2131 
f 1844/1632/2131 1836/1624/2120 1837/1625/2121 
f 1844/1632/2128 1846/1634/2132 1845/1633/2129 
f 1844/1632/2131 1837/1625/2121 1846/1634/2133 
f 1846/1634/2133 1837/1625/2121 1838/1626/2122 
f 1846/1634/2132 1847/1635/2134 1848/1636/2135 
f 1846/1634/2133 1838/1626/2122 1847/1635/2136 
f 1847/1635/2136 1838/1626/2122 1839/1627/2123 
f 1847/1635/2134 1849/1637/2137 1848/1636/2135 
f 1847/1635/2136 1839/1627/2123 1849/1637/2138 
f 1849/1637/2138 1839/1627/2123 1840/1628/2124 
f 1849/1637/2137 1850/1638/2139 1851/1639/2140 
f 1849/1637/2138 1840/1628/2124 1850/1638/2141 
f 1850/1638/2141 1840/1628/2124 1841/1629/2125 
f 1850/1638/2141 1841/1629/2125 1852/1640/2142 
f 1852/1640/2142 1841/1629/2125 1842/1630/2126 
f 1852/1640/2142 1842/1630/2126 1853/1641/2143 
f 1853/1641/2143 1842/1630/2126 1854/1642/2144 
f 1849/1637/2137 1851/1639/2140 1848/1636/2135 
f 1846/1634/2132 1848/1636/2135 1845/1633/2129 
f 1843/1631/2127 1845/1633/2129 1855/1643/2145 
f 1843/1631/2130 1856/1644/2146 1835/1623/2119 
f 1843/1631/2127 1855/1643/2145 1856/1644/2147 
f 1856/1644/2146 1857/1645/2148 1835/1623/2119 
f 1856/1644/2147 1855/1643/2145 1857/1645/2149 
f 1857/1645/2149 1855/1643/2145 1858/1646/2150 
f 1857/1645/2148 1859/1647/2151 1835/1623/2119 
f 1857/1645/2152 1858/1646/2153 1859/1647/2154 
f 1859/1647/2154 1858/1646/2153 1860/1648/2155 
f 1859/1647/2154 1861/1649/2156 1862/1650/2157 
f 1859/1647/2154 1860/1648/2155 1861/1649/2156 
f 1851/1639/2140 1850/1638/2139 1863/1651/2158 
f 1863/1651/2158 1850/1638/2139 1852/1640/2159 
f 1863/1651/2158 1852/1640/2159 1853/1641/2160 
f 1863/1651/2158 1853/1641/2160 1864/1652/2161 
f 1864/1652/2161 1853/1641/2160 1865/1653/2162 
f 1865/1653/2162 1853/1641/2160 1854/1642/2144 
f 1865/1653/2162 1854/1642/2144 1866/1654/2163 
f 1866/1654/2163 1854/1642/2144 1867/1655/2164 
f 1866/1654/2163 1867/1655/2164 1868/1656/2165 
f 1866/1654/2163 1868/1656/2165 1869/1657/2166 
f 1869/1657/2166 1868/1656/2165 1870/1658/2167 
f 1869/1657/2166 1870/1658/2167 1871/1659/2168 
f 1871/1659/2168 1870/1658/2167 1872/1660/2169 
f 1871/1659/2168 1872/1660/2169 1873/1661/2170 
f 1874/1662/2171 1875/1663/2172 1876/1664/2173 
f 1874/1662/2171 1877/1665/2174 1875/1663/2172 
f 1875/1663/2172 1877/1665/2174 1878/1666/2175 
f 1875/1663/2172 1879/1667/2176 1880/1668/2177 
f 1875/1663/2172 1878/1666/2175 1879/1667/2176 
f 1879/1667/2176 1878/1666/2175 1872/1660/2178 
f 1879/1667/2176 1881/1669/2179 1882/1670/2180 
f 1879/1667/2176 1872/1660/2178 1881/1669/2179 
f 1881/1669/2179 1872/1660/2178 1870/1658/2181 
f 1881/1669/2179 1883/1671/2182 1590/1378/1874 
f 1881/1669/2179 1870/1658/2181 1883/1671/2182 
f 1883/1671/2182 1870/1658/2181 1868/1656/2183 
f 1883/1671/2182 1884/1672/2184 1588/1376/1872 
f 1883/1671/2182 1868/1656/2183 1884/1672/2184 
f 1884/1672/2184 1868/1656/2183 1867/1655/2185 
f 1884/1672/2184 1885/1673/2186 1579/1367/1863 
f 1884/1672/2184 1867/1655/2185 1885/1673/2186 
f 1885/1673/2186 1886/1674/2187 1572/1360/1856 
f 1885/1673/2186 1867/1655/2185 1886/1674/2187 
f 1886/1674/2187 1867/1655/2185 1854/1642/2144 
f 1886/1674/2187 1842/1630/2126 1833/1621/2117 
f 1886/1674/2187 1854/1642/2144 1842/1630/2126 
f 1886/1674/2187 1833/1621/2117 1572/1360/1856 
f 1885/1673/2186 1572/1360/1856 1573/1361/1857 
f 1885/1673/2186 1573/1361/1857 1579/1367/1863 
f 1884/1672/2184 1579/1367/1863 1588/1376/1872 
f 1883/1671/2182 1588/1376/1872 1590/1378/1874 
f 1881/1669/2179 1590/1378/1874 1882/1670/2180 
f 1879/1667/2176 1882/1670/2180 1880/1668/2177 
f 1880/1668/2177 1876/1664/2173 1875/1663/2172 
f 1589/1377/1873 1596/1384/1880 1590/1378/1874 
f 1590/1378/1874 1596/1384/1880 1882/1670/2180 
f 1882/1670/2180 1596/1384/1880 1592/1380/1876 
f 1882/1670/2180 1592/1380/1876 1880/1668/2177 
f 1880/1668/2177 1592/1380/1876 1591/1379/1875 
f 1880/1668/2177 1591/1379/1875 1876/1664/2173 
f 1876/1664/2173 1887/1675/2188 1888/1676/2189 
f 1876/1664/2173 1591/1379/1875 1887/1675/2188 
f 1887/1675/2188 1591/1379/1875 1773/1561/2057 
f 1887/1675/2188 1889/1677/2190 1890/1678/2191 
f 1887/1675/2188 1773/1561/2057 1889/1677/2190 
f 1889/1677/2190 1773/1561/2057 1771/1559/2055 
f 1889/1677/2190 1891/1679/2192 1892/1680/2193 
f 1889/1677/2190 1771/1559/2055 1891/1679/2192 
f 1891/1679/2192 1771/1559/2055 1767/1555/2051 
f 1891/1679/2192 1766/1554/2050 1893/1681/2194 
f 1891/1679/2192 1767/1555/2051 1766/1554/2050 
f 1761/1549/2045 1762/1550/2046 1766/1554/2050 
f 1766/1554/2050 1762/1550/2046 1893/1681/2194 
f 1891/1679/2192 1893/1681/2194 1892/1680/2193 
f 1889/1677/2190 1892/1680/2193 1890/1678/2191 
f 1887/1675/2188 1890/1678/2191 1888/1676/2189 
f 1876/1664/2173 1888/1676/2189 1874/1662/2171 
f 1874/1662/2171 1888/1676/2189 1894/1682/2195 
f 1894/1682/2195 1888/1676/2189 1895/1683/2196 
f 1894/1682/2195 1895/1683/2196 1896/1684/2197 
f 1896/1684/2197 1895/1683/2196 1897/1685/2198 
f 1888/1676/2189 1890/1678/2191 1895/1683/2196 
f 1895/1683/2196 1890/1678/2191 1898/1686/2199 
f 1895/1683/2196 1898/1686/2199 1897/1685/2198 
f 1897/1685/2198 1898/1686/2199 1899/1687/2200 
f 1897/1685/2198 1899/1687/2200 1900/1688/2201 
f 1900/1688/2201 1899/1687/2200 1901/1689/2202 
f 1901/1689/2202 1899/1687/2200 1902/1690/2203 
f 1901/1689/2202 1902/1690/2203 1903/1691/2204 
f 1903/1691/2204 1902/1690/2203 1904/1692/2205 
f 1903/1691/2204 1904/1692/2205 1905/1693/2206 
f 1905/1693/2206 1904/1692/2205 1906/1694/2207 
f 1905/1693/2206 1906/1694/2207 1907/1695/2208 
f 1907/1695/2208 1906/1694/2207 1908/1696/2209 
f 1907/1695/2208 1908/1696/2209 1909/1697/2210 
f 1896/1684/2197 1897/1685/2198 1910/1698/2211 
f 1910/1698/2211 1897/1685/2198 1900/1688/2201 
f 1910/1698/2211 1900/1688/2201 1911/1699/2212 
f 1911/1699/2212 1900/1688/2201 1912/1700/2213 
f 1912/1700/2213 1900/1688/2201 1901/1689/2202 
f 1912/1700/2213 1901/1689/2202 1913/1701/2214 
f 1913/1701/2214 1901/1689/2202 1903/1691/2204 
f 1913/1701/2214 1914/1702/2215 1915/1703/2216 
f 1913/1701/2214 1903/1691/2204 1914/1702/2215 
f 1914/1702/2215 1903/1691/2204 1905/1693/2206 
f 1914/1702/2215 1916/1704/2217 1917/1705/2218 
f 1914/1702/2215 1905/1693/2206 1916/1704/2217 
f 1916/1704/2217 1905/1693/2206 1907/1695/2208 
f 1916/1704/2217 1918/1706/2219 1919/1707/2220 
f 1916/1704/2217 1907/1695/2208 1918/1706/2219 
f 1918/1706/2219 1907/1695/2208 1909/1697/2210 
f 1918/1706/2219 1920/1708/2221 1921/1709/2222 
f 1918/1706/2219 1909/1697/2210 1920/1708/2221 
f 1922/1710/2223 1923/1711/2224 1924/1712/2225 
f 1922/1710/2223 1925/1713/2226 1923/1711/2224 
f 1923/1711/2224 1925/1713/2226 1926/1714/2227 
f 1926/1714/2227 1925/1713/2226 1927/1715/2228 
f 1926/1714/2227 1927/1715/2228 1928/1716/2229 
f 1928/1716/2229 1927/1715/2228 1929/1717/2230 
f 1928/1716/2229 1929/1717/2230 1920/1708/2221 
f 1920/1708/2221 1929/1717/2230 1921/1709/2222 
f 1918/1706/2219 1921/1709/2222 1919/1707/2220 
f 1916/1704/2217 1919/1707/2220 1917/1705/2218 
f 1914/1702/2215 1917/1705/2218 1915/1703/2216 
f 1930/1718/2231 1929/1717/2232 1931/1719/2233 
f 1931/1719/2233 1929/1717/2232 1927/1715/2234 
f 1931/1719/2233 1927/1715/2234 1932/1720/2235 
f 1932/1720/2235 1927/1715/2234 1925/1713/2236 
f 1932/1720/2235 1925/1713/2236 1933/1721/2237 
f 1933/1721/2237 1925/1713/2236 1922/1710/2238 
f 1933/1721/2237 1922/1710/2238 1934/1722/2239 
f 1933/1721/2237 1934/1722/2239 1935/1723/2240 
f 1935/1723/2240 1934/1722/2239 1936/1724/2241 
f 1935/1723/2240 1936/1724/2241 1937/1725/2242 
f 1937/1725/2242 1936/1724/2241 1938/1726/2243 
f 1938/1726/2243 1936/1724/2241 1939/1727/2244 
f 1938/1726/2243 1939/1727/2244 1940/1728/2245 
f 1938/1726/2243 1940/1728/2245 1941/1729/2246 
f 1922/1710/2223 1924/1712/2225 1942/1730/2247 
f 1922/1710/2223 1942/1730/2247 1934/1722/2248 
f 1934/1722/2248 1942/1730/2247 1943/1731/2249 
f 1934/1722/2248 1943/1731/2249 1936/1724/2250 
f 1936/1724/2250 1943/1731/2249 1939/1727/2251 
f 1939/1727/2251 1943/1731/2249 1944/1732/2252 
f 1939/1727/2251 1944/1732/2252 1940/1728/2253 
f 1940/1728/2253 1944/1732/2252 1945/1733/2254 
f 1940/1728/2253 1945/1733/2254 1946/1734/2255 
f 1946/1734/2255 1945/1733/2254 1947/1735/2256 
f 1946/1734/2255 1947/1735/2256 1948/1736/2257 
f 1948/1736/2257 1947/1735/2256 1949/1737/2258 
f 1948/1736/2257 1949/1737/2258 1950/1738/2259 
f 1940/1728/2245 1946/1734/2260 1941/1729/2246 
f 1941/1729/2246 1946/1734/2260 1951/1739/2261 
f 1951/1739/2261 1946/1734/2260 1948/1736/2262 
f 1951/1739/2261 1948/1736/2262 1950/1738/2263 
f 1951/1739/2261 1950/1738/2263 1952/1740/2264 
f 1952/1740/2264 1950/1738/2263 1953/1741/2265 
f 1952/1740/2264 1953/1741/2265 1954/1742/2266 
f 1952/1740/2264 1954/1742/2266 1955/1743/2267 
f 1955/1743/2267 1954/1742/2266 1956/1744/2268 
f 1955/1743/2267 1956/1744/2268 1957/1745/2269 
f 1955/1743/2267 1957/1745/2269 1958/1746/2270 
f 1958/1746/2271 1957/1745/2271 1959/1747/2272 
f 1958/1746/2273 1959/1747/2274 1960/1748/2275 
f 1960/1748/2275 1959/1747/2274 1961/1749/2276 
f 879/658/1125 877/656/1123 876/655/1122 
f 872/651/1118 877/656/1123 873/652/1119 
f 871/650/1117 873/652/1119 1959/1747/2277 
f 871/650/1117 1959/1747/2277 1957/1745/2278 
f 871/650/1117 1957/1745/2278 1956/1744/2279 
f 871/650/1117 1956/1744/2279 1954/1742/2280 
f 871/650/1117 1962/1750/2281 874/653/1120 
f 871/650/1117 1954/1742/2280 1962/1750/2281 
f 1962/1750/2281 1963/1751/2282 1964/1752/2283 
f 1962/1750/2281 1954/1742/2280 1963/1751/2282 
f 1963/1751/2282 1954/1742/2280 1953/1741/2284 
f 1963/1751/2282 1965/1753/2285 1966/1754/2286 
f 1963/1751/2282 1953/1741/2284 1965/1753/2285 
f 1965/1753/2285 1953/1741/2284 1950/1738/2259 
f 1965/1753/2285 1949/1737/2258 1967/1755/2287 
f 1965/1753/2285 1950/1738/2259 1949/1737/2258 
f 1959/1747/2274 873/652/2288 1961/1749/2276 
f 1961/1749/2276 873/652/2288 1968/1756/2289 
f 1968/1756/2289 873/652/2288 877/656/2290 
f 1968/1756/2289 877/656/2290 1969/1757/2291 
f 1969/1757/2291 877/656/2290 879/658/2292 
f 1969/1757/2291 879/658/2292 1970/1758/2293 
f 1970/1758/2293 879/658/2292 881/660/2294 
f 1970/1758/2293 881/660/2294 1971/1759/2295 
f 1971/1759/2295 881/660/2294 884/663/2296 
f 1971/1759/2295 884/663/2296 1972/1760/2297 
f 1972/1760/2297 884/663/2296 893/672/2298 
f 1972/1760/2297 893/672/2298 1973/1761/2299 
f 1973/1761/2299 893/672/2298 892/671/2300 
f 1973/1761/2299 892/671/2300 1974/1762/2301 
f 892/671/2300 1078/857/1339 1974/1762/2301 
f 1974/1762/2301 1078/857/1339 1093/872/1341 
f 1376/1155/1641 1385/1164/1650 1975/1763/2302 
f 1376/1155/1641 1379/1158/1644 1385/1164/1650 
f 1377/1156/1642 1975/1763/2302 1395/1174/1660 
f 1395/1174/1660 1975/1763/2302 1404/1183/1669 
f 1404/1183/1669 1975/1763/2302 1976/1764/2303 
f 1404/1183/1669 1976/1764/2303 1422/1201/1687 
f 1422/1201/1687 1976/1764/2303 1977/1765/2304 
f 1422/1201/1687 1977/1765/2304 1372/1151/1637 
f 1372/1151/1637 1977/1765/2304 1370/1149/1635 
f 1370/1149/1635 1977/1765/2304 1373/1152/1638 
f 1373/1152/1638 1977/1765/2304 1976/1764/2303 
f 1373/1152/1638 1976/1764/2303 1385/1164/1650 
f 1385/1164/1650 1976/1764/2303 1975/1763/2302 
f 1376/1155/1641 1975/1763/2302 1377/1156/1642 
f 1166/945/1415 1159/938/1408 1978/1766/2305 
f 1166/945/1415 1157/936/1406 1159/938/1408 
f 1979/1767/2306 1145/924/1394 1980/1768/2307 
f 1979/1767/2306 1981/1769/2308 1145/924/1394 
f 1145/924/1394 1981/1769/2308 1146/925/1395 
f 1146/925/1395 1981/1769/2308 1982/1770/2309 
f 1146/925/1395 1982/1770/2309 1149/928/1398 
f 1149/928/1398 1982/1770/2309 1162/941/1411 
f 1160/939/1409 1162/941/1411 1983/1771/2310 
f 1160/939/1409 1983/1771/2310 1984/1772/2311 
f 1160/939/1409 1984/1772/2311 1161/940/1410 
f 1159/938/1408 1161/940/1410 1978/1766/2305 
f 1166/945/1415 1978/1766/2305 1167/946/1416 
f 1120/899/1369 1985/1773/2312 1131/910/1380 
f 1131/910/1380 1985/1773/2312 1143/922/1392 
f 1143/922/1392 1985/1773/2312 1986/1774/2313 
f 1143/922/1392 1986/1774/2313 1145/924/1394 
f 1145/924/1394 1986/1774/2313 1980/1768/2307 
f 1979/1767/2306 1980/1768/2307 1987/1775/2314 
f 1979/1767/2306 1987/1775/2314 1988/1776/2315 
f 1979/1767/2306 1988/1776/2315 1989/1777/2316 
f 1979/1767/2306 1989/1777/2316 1981/1769/2308 
f 1981/1769/2308 1989/1777/2316 1990/1778/2317 
f 1981/1769/2308 1990/1778/2317 1982/1770/2309 
f 1982/1770/2309 1990/1778/2317 1991/1779/2318 
f 1982/1770/2309 1991/1779/2318 1162/941/1411 
f 1120/899/1369 1121/900/1370 1985/1773/2312 
f 1985/1773/2312 1121/900/1370 1446/1225/1711 
f 1985/1773/2312 1446/1225/1711 1986/1774/2313 
f 1986/1774/2313 1446/1225/1711 1445/1224/1710 
f 1986/1774/2313 1445/1224/1710 1980/1768/2307 
f 1980/1768/2307 1445/1224/1710 1428/1207/1693 
f 1980/1768/2307 1428/1207/1693 1987/1775/2314 
f 1987/1775/2314 1428/1207/1693 1992/1780/2319 
f 1992/1780/2319 1428/1207/1693 1426/1205/1691 
f 1992/1780/2319 1426/1205/1691 1993/1781/2320 
f 1993/1781/2320 1426/1205/1691 1424/1203/1689 
f 1993/1781/2320 1424/1203/1689 1994/1782/2321 
f 1994/1782/2321 1424/1203/1689 1348/1127/1613 
f 1994/1782/2321 1348/1127/1613 1350/1129/1615 
f 1988/1776/2315 1995/1783/2322 1996/1784/2323 
f 1988/1776/2315 1987/1775/2314 1995/1783/2322 
f 1995/1783/2322 1987/1775/2314 1992/1780/2319 
f 1995/1783/2322 1997/1785/2324 1998/1786/2325 
f 1995/1783/2322 1992/1780/2319 1997/1785/2324 
f 1997/1785/2324 1992/1780/2319 1993/1781/2320 
f 1997/1785/2324 1999/1787/2326 2000/1788/2327 
f 1997/1785/2324 1993/1781/2320 1999/1787/2326 
f 1999/1787/2326 1993/1781/2320 1994/1782/2321 
f 1999/1787/2326 2001/1789/2328 2002/1790/2329 
f 1999/1787/2326 1994/1782/2321 2001/1789/2328 
f 2001/1789/2328 1994/1782/2321 1350/1129/1615 
f 2001/1789/2328 2003/1791/2330 2004/1792/2331 
f 2001/1789/2328 1350/1129/1615 2003/1791/2330 
f 2003/1791/2330 1350/1129/1615 1351/1130/1616 
f 2003/1791/2330 2005/1793/2332 2006/1794/2333 
f 2003/1791/2330 1351/1130/1616 2005/1793/2332 
f 2005/1793/2332 1351/1130/1616 1347/1126/1612 
f 2005/1793/2332 1346/1125/1611 2007/1795/2334 
f 2005/1793/2332 1347/1126/1612 1346/1125/1611 
f 2007/1795/2334 2006/1794/2333 2005/1793/2332 
f 2003/1791/2330 2006/1794/2333 2004/1792/2331 
f 2001/1789/2328 2004/1792/2331 2002/1790/2329 
f 1999/1787/2326 2002/1790/2329 2000/1788/2327 
f 1997/1785/2324 2000/1788/2327 1998/1786/2325 
f 1995/1783/2322 1998/1786/2325 1996/1784/2323 
f 1988/1776/2315 1996/1784/2323 2008/1796/2335 
f 1988/1776/2315 2008/1796/2335 1989/1777/2316 
f 2009/1797/2336 2010/1798/2337 2011/1799/2338 
f 2011/1799/2338 2010/1798/2337 2008/1796/2339 
f 2011/1799/2338 2008/1796/2339 2012/1800/2340 
f 2012/1800/2340 2008/1796/2339 1996/1784/2341 
f 2012/1800/2340 1996/1784/2341 2013/1801/2342 
f 2013/1801/2342 1996/1784/2341 1998/1786/2343 
f 2013/1801/2342 1998/1786/2343 2014/1802/2344 
f 2014/1802/2344 1998/1786/2343 2000/1788/2345 
f 2014/1802/2344 2000/1788/2345 2015/1803/2346 
f 2015/1803/2346 2000/1788/2345 2002/1790/2347 
f 2015/1803/2346 2002/1790/2347 2016/1804/2348 
f 2016/1804/2348 2002/1790/2347 2004/1792/2349 
f 2016/1804/2348 2004/1792/2349 2017/1805/2350 
f 2017/1805/2350 2004/1792/2349 2006/1794/2351 
f 2017/1805/2350 2006/1794/2351 2018/1806/2352 
f 2018/1806/2352 2006/1794/2351 2007/1795/2353 
f 2018/1806/2352 2007/1795/2353 2019/1807/2354 
f 2018/1806/2352 2019/1807/2354 2020/1808/2355 
f 2020/1808/2355 2019/1807/2354 2021/1809/2356 
f 2021/1809/2356 2019/1807/2354 2022/1810/2357 
f 2021/1809/2356 2022/1810/2357 2023/1811/2358 
f 2021/1809/2356 2023/1811/2358 2024/1812/2359 
f 2024/1812/2359 2023/1811/2358 2025/1813/2360 
f 2024/1812/2359 2025/1813/2360 2026/1814/2361 
f 2026/1814/2361 2025/1813/2360 2027/1815/2362 
f 2026/1814/2361 2027/1815/2362 2028/1816/2363 
f 2028/1816/2363 2027/1815/2362 2029/1817/2364 
f 2028/1816/2363 2029/1817/2364 2030/1818/2365 
f 2031/1819/2366 2032/1820/2367 2033/1821/2368 
f 2031/1819/2366 2029/1817/2369 2032/1820/2367 
f 2032/1820/2367 2029/1817/2369 2027/1815/2370 
f 2032/1820/2367 2034/1822/2371 2035/1823/2372 
f 2032/1820/2367 2027/1815/2370 2034/1822/2371 
f 2034/1822/2371 2027/1815/2370 2025/1813/2373 
f 2034/1822/2371 2036/1824/2374 2037/1825/2375 
f 2034/1822/2371 2025/1813/2373 2036/1824/2374 
f 2036/1824/2374 2025/1813/2373 2023/1811/2376 
f 2036/1824/2374 2038/1826/2377 2039/1827/2378 
f 2036/1824/2374 2023/1811/2376 2038/1826/2377 
f 2038/1826/2377 2023/1811/2376 2022/1810/2379 
f 2038/1826/2377 1329/1108/1594 1327/1106/1592 
f 2038/1826/2377 2022/1810/2379 1329/1108/1594 
f 1329/1108/1594 2022/1810/2379 2019/1807/2380 
f 1329/1108/1594 2019/1807/2380 1330/1109/1595 
f 1330/1109/1595 2019/1807/2380 1346/1125/1611 
f 1346/1125/1611 2019/1807/2380 2007/1795/2334 
f 2038/1826/2377 1327/1106/1592 2039/1827/2378 
f 2036/1824/2374 2039/1827/2378 2037/1825/2375 
f 2034/1822/2371 2037/1825/2375 2035/1823/2372 
f 2032/1820/2367 2035/1823/2372 2033/1821/2368 
f 2031/1819/2366 2033/1821/2368 2040/1828/2381 
f 2031/1819/2366 2041/1829/2382 2042/1830/2383 
f 2031/1819/2366 2040/1828/2381 2041/1829/2382 
f 2041/1829/2382 2040/1828/2381 2043/1831/2384 
f 2041/1829/2382 2044/1832/2385 2045/1833/2386 
f 2041/1829/2382 2043/1831/2384 2044/1832/2385 
f 2044/1832/2385 2043/1831/2384 2046/1834/2387 
f 1327/1106/1592 1321/1100/1586 2039/1827/2378 
f 2039/1827/2378 1321/1100/1586 1307/1086/1572 
f 2039/1827/2378 1307/1086/1572 2037/1825/2375 
f 2037/1825/2375 1307/1086/1572 1306/1085/1571 
f 2037/1825/2375 1306/1085/1571 2035/1823/2372 
f 2035/1823/2372 1306/1085/1571 2047/1835/2388 
f 2035/1823/2372 2047/1835/2388 2033/1821/2368 
f 2033/1821/2368 2047/1835/2388 2048/1836/2389 
f 2033/1821/2368 2048/1836/2389 2040/1828/2381 
f 2040/1828/2381 2048/1836/2389 2049/1837/2390 
f 2040/1828/2381 2049/1837/2390 2043/1831/2384 
f 2043/1831/2384 2049/1837/2390 2050/1838/2391 
f 2043/1831/2384 2050/1838/2391 2046/1834/2387 
f 2046/1834/2387 2051/1839/2392 2052/1840/2393 
f 2046/1834/2387 2050/1838/2391 2051/1839/2392 
f 1291/1070/1556 1294/1073/1559 1306/1085/1571 
f 1306/1085/1571 1294/1073/1559 2047/1835/2388 
f 2047/1835/2388 1294/1073/1559 2053/1841/2394 
f 2047/1835/2388 2053/1841/2394 2048/1836/2389 
f 2048/1836/2389 2053/1841/2394 2054/1842/2395 
f 2048/1836/2389 2054/1842/2395 2049/1837/2390 
f 2049/1837/2390 2054/1842/2395 2055/1843/2396 
f 2049/1837/2390 2055/1843/2396 2056/1844/2397 
f 2049/1837/2390 2056/1844/2397 2050/1838/2391 
f 2050/1838/2391 2056/1844/2397 2057/1845/2398 
f 2050/1838/2391 2057/1845/2398 2051/1839/2392 
f 2051/1839/2392 2057/1845/2398 2058/1846/2399 
f 2051/1839/2392 2058/1846/2399 2059/1847/2400 
f 2051/1839/2392 2060/1848/2401 2052/1840/2393 
f 2051/1839/2392 2059/1847/2400 2060/1848/2401 
f 1294/1073/1559 1295/1074/1560 2053/1841/2394 
f 2053/1841/2394 1295/1074/1560 1296/1075/1561 
f 2053/1841/2394 1296/1075/1561 2054/1842/2395 
f 2054/1842/2395 1296/1075/1561 1297/1076/1562 
f 2054/1842/2395 1297/1076/1562 2055/1843/2396 
f 2055/1843/2396 1297/1076/1562 1298/1077/1563 
f 2055/1843/2396 1298/1077/1563 2061/1849/2402 
f 2055/1843/2396 2061/1849/2402 2056/1844/2397 
f 2056/1844/2397 2061/1849/2402 2062/1850/2403 
f 2056/1844/2397 2062/1850/2403 2057/1845/2398 
f 2057/1845/2398 2062/1850/2403 2063/1851/2404 
f 2057/1845/2398 2063/1851/2404 2058/1846/2399 
f 2058/1846/2399 2063/1851/2404 2064/1852/2405 
f 2058/1846/2399 2065/1853/2406 2059/1847/2400 
f 2058/1846/2399 2064/1852/2405 2065/1853/2406 
f 1279/1058/1544 1280/1059/1545 1298/1077/1563 
f 1298/1077/1563 1280/1059/1545 1281/1060/1546 
f 1298/1077/1563 1281/1060/1546 2061/1849/2402 
f 2061/1849/2402 1281/1060/1546 1282/1061/1547 
f 2061/1849/2402 1282/1061/1547 2062/1850/2403 
f 2062/1850/2403 1282/1061/1547 2066/1854/2407 
f 2062/1850/2403 2066/1854/2407 2063/1851/2404 
f 2063/1851/2404 2066/1854/2407 2067/1855/791 
f 2063/1851/2404 2067/1855/791 2064/1852/2405 
f 2064/1852/2405 2067/1855/791 2068/1856/2408 
f 2064/1852/2405 2068/1856/2408 2069/1857/2409 
f 2064/1852/2405 2069/1857/2409 2065/1853/2406 
f 2065/1853/2406 2069/1857/2409 2070/1858/2410 
f 2065/1853/2406 2071/1859/2411 2059/1847/2400 
f 2065/1853/2406 2070/1858/2410 2071/1859/2411 
f 637/390/829 639/392/831 1282/1061/1547 
f 1282/1061/1547 639/392/831 2066/1854/2407 
f 2066/1854/2407 639/392/831 641/394/833 
f 2066/1854/2407 641/394/833 2067/1855/791 
f 2067/1855/791 641/394/833 643/396/835 
f 2067/1855/791 643/396/835 2068/1856/2408 
f 2068/1856/2408 643/396/835 645/398/837 
f 2068/1856/2408 645/398/837 2072/1860/2412 
f 2068/1856/2408 2072/1860/2412 2069/1857/2409 
f 2073/1861/2413 2070/1858/2410 2074/1862/2414 
f 2074/1862/2414 2070/1858/2410 2075/1863/2415 
f 2075/1863/2415 2070/1858/2410 2069/1857/2409 
f 2075/1863/2415 2069/1857/2409 2072/1860/2412 
f 2075/1863/2415 2072/1860/2412 2076/1864/2416 
f 2076/1864/2416 2072/1860/2412 2077/1865/2417 
f 2077/1865/2417 2072/1860/2412 645/398/837 
f 2077/1865/2417 645/398/837 652/405/844 
f 2077/1865/2417 652/405/844 2078/1866/2418 
f 2078/1866/2418 652/405/844 2079/1867/2419 
f 2079/1867/2419 652/405/844 651/404/843 
f 2079/1867/2419 651/404/843 653/406/845 
f 2079/1867/2419 653/406/845 2080/1868/2420 
f 2080/1868/2420 653/406/845 666/419/858 
f 2081/1869/2421 2082/1870/2422 2083/1871/2423 
f 2081/1869/2421 2084/1872/2424 2082/1870/2422 
f 2082/1870/2422 2085/1873/2425 2086/1874/2426 
f 2082/1870/2422 2084/1872/2424 2085/1873/2425 
f 2085/1873/2425 2084/1872/2424 2073/1861/2413 
f 2085/1873/2425 2073/1861/2413 2074/1862/2414 
f 2085/1873/2425 2087/1875/2427 2086/1874/2426 
f 2085/1873/2425 2074/1862/2414 2087/1875/2427 
f 2087/1875/2427 2074/1862/2414 2088/1876/2428 
f 2088/1876/2428 2074/1862/2414 2075/1863/2415 
f 2088/1876/2428 2075/1863/2415 2089/1877/2429 
f 2089/1877/2429 2075/1863/2415 2076/1864/2416 
f 2089/1877/2429 2076/1864/2416 2090/1878/2430 
f 2090/1878/2430 2076/1864/2416 2091/1879/2431 
f 2091/1879/2431 2076/1864/2416 2077/1865/2417 
f 2091/1879/2431 2077/1865/2417 2078/1866/2418 
f 2091/1879/2431 2078/1866/2418 2092/1880/2432 
f 2093/1881/2433 2087/1875/2427 2094/1882/2434 
f 2094/1882/2434 2087/1875/2427 2088/1876/2428 
f 2094/1882/2434 2088/1876/2428 2095/1883/2435 
f 2095/1883/2435 2088/1876/2428 2089/1877/2429 
f 2095/1883/2435 2089/1877/2429 2096/1884/2436 
f 2096/1884/2436 2089/1877/2429 2090/1878/2430 
f 2096/1884/2436 2090/1878/2430 2097/1885/2437 
f 2097/1885/2437 2090/1878/2430 2091/1879/2431 
f 2097/1885/2437 2091/1879/2431 2092/1880/2432 
f 2097/1885/2437 2092/1880/2432 2098/1886/2438 
f 2098/1886/2438 2092/1880/2432 2099/1887/2439 
f 2099/1887/2439 2092/1880/2432 2100/1888/2440 
f 2099/1887/2439 2100/1888/2440 2101/1889/2441 
f 2099/1887/2439 2101/1889/2441 2102/1890/2442 
f 2103/1891/2443 2096/1884/2436 2104/1892/2444 
f 2104/1892/2444 2096/1884/2436 2097/1885/2437 
f 2104/1892/2444 2097/1885/2437 2105/1893/2445 
f 2105/1893/2445 2097/1885/2437 2098/1886/2438 
f 2105/1893/2445 2098/1886/2438 2106/1894/2446 
f 2106/1894/2446 2098/1886/2438 2099/1887/2439 
f 2106/1894/2446 2099/1887/2439 2107/1895/2447 
f 2107/1895/2447 2099/1887/2439 2102/1890/2442 
f 2107/1895/2447 2102/1890/2442 2108/1896/2448 
f 2108/1896/2448 2102/1890/2442 2109/1897/2449 
f 2108/1896/2448 2109/1897/2449 2110/1898/2450 
f 2110/1898/2450 2109/1897/2449 2111/1899/2451 
f 2110/1898/2450 2111/1899/2451 2112/1900/2452 
f 2112/1900/2452 2111/1899/2451 2113/1901/2453 
f 2114/1902/2454 2103/1891/2455 2115/1903/2456 
f 2115/1903/2456 2103/1891/2455 2104/1892/2457 
f 2115/1903/2456 2104/1892/2457 2116/1904/2458 
f 2116/1904/2458 2104/1892/2457 2105/1893/2459 
f 2116/1904/2458 2105/1893/2459 2117/1905/2460 
f 2117/1905/2460 2105/1893/2459 2106/1894/2461 
f 2117/1905/2460 2106/1894/2461 2118/1906/2462 
f 2118/1906/2462 2106/1894/2461 2107/1895/2447 
f 2118/1906/2462 2107/1895/2447 2119/1907/2463 
f 2119/1907/2463 2107/1895/2447 2120/1908/2464 
f 2120/1908/2464 2107/1895/2447 2108/1896/2448 
f 2120/1908/2464 2108/1896/2448 2121/1909/2465 
f 2121/1909/2465 2108/1896/2448 2110/1898/2450 
f 2121/1909/2465 2110/1898/2450 2122/1910/2466 
f 2122/1910/2466 2110/1898/2450 2123/1911/2467 
f 2123/1911/2467 2110/1898/2450 2112/1900/2468 
f 2123/1911/2467 2112/1900/2468 2124/1912/2469 
f 2124/1912/2469 2112/1900/2468 2125/1913/2470 
f 2124/1912/2469 2125/1913/2470 2126/1914/2471 
f 2126/1914/2471 2125/1913/2470 2127/1915/2472 
f 2126/1914/2471 2127/1915/2472 2128/1916/2473 
f 2128/1916/2473 2127/1915/2472 2129/1917/2474 
f 2128/1916/2473 2129/1917/2474 2130/1918/2475 
f 2130/1918/2475 2129/1917/2474 2131/1919/2476 
f 2131/1919/2476 2129/1917/2474 2132/1920/2477 
f 2131/1919/2476 2132/1920/2477 2133/1921/2478 
f 2133/1921/2478 2132/1920/2477 2134/1922/2479 
f 2133/1921/2478 2134/1922/2479 2135/1923/2480 
f 2112/1900/2452 2113/1901/2453 2125/1913/2481 
f 2125/1913/2481 2113/1901/2453 2136/1924/2482 
f 2125/1913/2481 2136/1924/2482 2127/1915/2483 
f 2127/1915/2483 2136/1924/2482 2137/1925/2484 
f 2127/1915/2483 2137/1925/2484 2129/1917/2485 
f 2129/1917/2485 2137/1925/2484 2138/1926/2486 
f 2129/1917/2485 2138/1926/2486 2132/1920/2487 
f 2132/1920/2487 2138/1926/2486 2134/1922/2488 
f 2134/1922/2488 2138/1926/2486 2139/1927/2489 
f 2139/1927/2489 2138/1926/2486 2140/1928/2490 
f 2140/1928/2490 2138/1926/2486 2141/1929/2491 
f 2140/1928/2490 2141/1929/2491 2142/1930/2492 
f 2140/1928/2490 2142/1930/2492 2143/1931/2493 
f 2143/1931/2493 2142/1930/2492 2144/1932/2494 
f 2134/1922/2479 2139/1927/2495 2135/1923/2480 
f 2135/1923/2480 2139/1927/2495 2145/1933/2496 
f 2145/1933/2496 2139/1927/2495 2140/1928/2497 
f 2145/1933/2496 2140/1928/2497 2143/1931/2498 
f 2145/1933/2496 2143/1931/2498 2146/1934/2499 
f 2146/1934/2499 2143/1931/2498 2147/1935/2500 
f 2146/1934/2499 2147/1935/2500 2148/1936/2501 
f 2148/1936/2501 2147/1935/2500 2149/1937/2502 
f 2148/1936/2501 2149/1937/2502 2150/1938/2503 
f 2150/1938/2503 2149/1937/2502 2151/1939/2504 
f 2150/1938/2503 2151/1939/2504 2152/1940/2505 
f 2152/1940/2505 2151/1939/2504 2153/1941/2506 
f 2152/1940/2505 2153/1941/2506 2154/1942/2507 
f 2154/1942/2507 2153/1941/2506 2155/1943/2508 
f 2143/1931/2493 2144/1932/2494 2147/1935/2509 
f 2147/1935/2509 2144/1932/2494 2156/1944/2510 
f 2147/1935/2509 2156/1944/2510 2149/1937/2511 
f 2149/1937/2511 2156/1944/2510 2157/1945/2512 
f 2149/1937/2511 2157/1945/2512 2151/1939/2513 
f 2151/1939/2513 2157/1945/2512 2158/1946/2514 
f 2151/1939/2513 2158/1946/2514 2153/1941/2515 
f 2153/1941/2515 2158/1946/2514 2159/1947/2516 
f 2153/1941/2515 2159/1947/2516 2155/1943/2517 
f 2155/1943/2517 2159/1947/2516 2160/1948/2518 
f 2155/1943/2517 2160/1948/2518 2161/1949/2519 
f 2161/1949/2519 2160/1948/2518 2162/1950/2520 
f 2161/1949/2519 2162/1950/2520 2163/1951/2521 
f 2163/1951/2521 2162/1950/2520 2164/1952/2522 
f 2154/1942/2507 2155/1943/2508 2165/1953/2523 
f 2165/1953/2523 2155/1943/2508 2161/1949/2524 
f 2165/1953/2523 2161/1949/2524 2166/1954/2525 
f 2166/1954/2525 2161/1949/2524 2163/1951/2526 
f 2166/1954/2525 2163/1951/2526 2167/1955/2527 
f 2167/1955/2527 2163/1951/2526 2168/1956/2528 
f 2167/1955/2527 2168/1956/2528 2169/1957/2529 
f 2169/1957/2529 2168/1956/2528 2170/1958/2530 
f 2169/1957/2529 2170/1958/2530 2171/1959/2531 
f 2171/1959/2531 2170/1958/2530 2172/1960/2532 
f 2171/1959/2531 2172/1960/2532 2173/1961/2533 
f 2173/1961/2533 2172/1960/2532 1862/1650/2157 
f 2173/1961/2533 1862/1650/2157 1861/1649/2156 
f 2163/1951/2521 2164/1952/2522 2168/1956/2534 
f 2168/1956/2534 2164/1952/2522 2174/1962/2535 
f 2168/1956/2534 2174/1962/2535 2170/1958/2536 
f 2170/1958/2536 2174/1962/2535 2175/1963/2537 
f 2170/1958/2536 2175/1963/2537 2172/1960/2538 
f 2172/1960/2538 2175/1963/2537 2176/1964/2539 
f 2172/1960/2538 2176/1964/2539 1862/1650/2540 
f 1862/1650/2540 2176/1964/2539 1835/1623/2119 
f 1862/1650/2540 1835/1623/2119 1859/1647/2151 
f 1843/1631/2130 1835/1623/2119 1834/1622/2118 
f 1843/1631/2130 1834/1622/2118 1836/1624/2120 
f 1827/1615/2111 1835/1623/2119 2176/1964/2539 
f 1827/1615/2111 2176/1964/2539 1822/1610/2106 
f 1822/1610/2106 2176/1964/2539 2175/1963/2537 
f 1822/1610/2106 2175/1963/2537 1820/1608/2104 
f 1820/1608/2104 2175/1963/2537 2174/1962/2535 
f 1820/1608/2104 2174/1962/2535 1818/1606/2102 
f 1818/1606/2102 2174/1962/2535 2164/1952/2522 
f 1818/1606/2102 2164/1952/2522 1816/1604/2100 
f 1816/1604/2100 2164/1952/2522 2162/1950/2520 
f 1816/1604/2100 2162/1950/2520 2177/1965/2541 
f 2177/1965/2541 2162/1950/2520 2160/1948/2518 
f 2177/1965/2541 2160/1948/2518 2178/1966/2542 
f 2178/1966/2542 2160/1948/2518 2159/1947/2516 
f 1821/1609/2105 1827/1615/2111 1822/1610/2106 
f 1819/1607/2103 1822/1610/2106 1820/1608/2104 
f 1817/1605/2101 1820/1608/2104 1818/1606/2102 
f 1815/1603/2099 1818/1606/2102 1816/1604/2100 
f 1814/1602/2098 1816/1604/2100 2177/1965/2541 
f 1814/1602/2098 2179/1967/2543 2180/1968/2544 
f 1814/1602/2098 2177/1965/2541 2179/1967/2543 
f 2179/1967/2543 2177/1965/2541 2178/1966/2542 
f 2179/1967/2543 2181/1969/2545 2182/1970/2546 
f 2179/1967/2543 2178/1966/2542 2181/1969/2545 
f 2181/1969/2545 2183/1971/2547 2184/1972/2548 
f 2181/1969/2545 2178/1966/2542 2183/1971/2547 
f 2178/1966/2542 2159/1947/2516 2183/1971/2547 
f 2183/1971/2547 2159/1947/2516 2158/1946/2514 
f 2183/1971/2547 2185/1973/2549 2184/1972/2548 
f 2183/1971/2547 2158/1946/2514 2185/1973/2549 
f 2185/1973/2549 2158/1946/2514 2157/1945/2512 
f 2185/1973/2549 2186/1974/2550 2187/1975/2551 
f 2185/1973/2549 2157/1945/2512 2186/1974/2550 
f 2186/1974/2550 2157/1945/2512 2156/1944/2510 
f 2186/1974/2550 2156/1944/2510 2144/1932/2494 
f 2186/1974/2550 2188/1976/2552 2189/1977/2553 
f 2186/1974/2550 2144/1932/2494 2188/1976/2552 
f 2188/1976/2552 2144/1932/2494 2142/1930/2492 
f 2188/1976/2552 2190/1978/2554 2189/1977/2553 
f 2188/1976/2552 2142/1930/2492 2190/1978/2554 
f 2190/1978/2554 2142/1930/2492 2141/1929/2491 
f 2190/1978/2554 2191/1979/2555 2192/1980/2556 
f 2190/1978/2554 2141/1929/2491 2191/1979/2555 
f 2191/1979/2555 2141/1929/2491 2138/1926/2486 
f 2191/1979/2555 2193/1981/2557 2192/1980/2556 
f 2191/1979/2555 2138/1926/2486 2193/1981/2557 
f 2194/1982/2558 675/428/867 2195/1983/2559 
f 2195/1983/2559 675/428/867 676/429/868 
f 2195/1983/2559 676/429/868 2193/1981/2557 
f 2193/1981/2557 676/429/868 2192/1980/2556 
f 2190/1978/2554 2192/1980/2556 2189/1977/2553 
f 2186/1974/2550 2189/1977/2553 2187/1975/2551 
f 2185/1973/2549 2187/1975/2551 2184/1972/2548 
f 676/429/868 677/430/869 2192/1980/2556 
f 2192/1980/2556 677/430/869 2196/1984/2560 
f 2192/1980/2556 2196/1984/2560 2189/1977/2553 
f 2189/1977/2553 2196/1984/2560 2197/1985/2561 
f 2189/1977/2553 2197/1985/2561 2187/1975/2551 
f 2187/1975/2551 2197/1985/2561 2198/1986/2562 
f 2187/1975/2551 2198/1986/2562 2184/1972/2548 
f 2184/1972/2548 2198/1986/2562 2199/1987/2563 
f 2184/1972/2548 2199/1987/2563 2181/1969/2545 
f 2181/1969/2545 2199/1987/2563 2182/1970/2546 
f 2179/1967/2543 2182/1970/2546 2180/1968/2544 
f 1814/1602/2098 2180/1968/2544 1809/1597/2093 
f 677/430/869 679/432/871 2196/1984/2560 
f 2196/1984/2560 679/432/871 1796/1584/2080 
f 2196/1984/2560 1796/1584/2080 2197/1985/2561 
f 2197/1985/2561 1796/1584/2080 1798/1586/2082 
f 2197/1985/2561 1798/1586/2082 2198/1986/2562 
f 2198/1986/2562 1798/1586/2082 1802/1590/2086 
f 2198/1986/2562 1802/1590/2086 2199/1987/2563 
f 2199/1987/2563 1802/1590/2086 1803/1591/2087 
f 2199/1987/2563 1803/1591/2087 2182/1970/2546 
f 2182/1970/2546 1803/1591/2087 1804/1592/2088 
f 2182/1970/2546 1804/1592/2088 2180/1968/2544 
f 2180/1968/2544 1804/1592/2088 1805/1593/2089 
f 2180/1968/2544 1805/1593/2089 1809/1597/2093 
f 1795/1583/2079 1798/1586/2082 1796/1584/2080 
f 1794/1582/2078 1796/1584/2080 679/432/871 
f 2200/1988/2564 2201/1989/2565 2202/1990/2566 
f 2200/1988/2564 2203/1991/2567 2201/1989/2565 
f 394/1992/2568 2204/1993/2569 395/1994/2570 
f 395/1994/2570 2204/1993/2569 2205/1995/2571 
f 395/1994/2570 2205/1995/2571 396/1996/2572 
f 396/1996/2572 2205/1995/2571 2206/1997/2573 
f 396/1996/2572 2206/1997/2573 397/1998/2574 
f 397/1998/2574 2206/1997/2573 2201/1989/2575 
f 397/1998/2574 2201/1989/2575 398/1999/2576 
f 398/1999/2576 2201/1989/2575 2203/1991/2577 
f 398/1999/2576 2203/1991/2577 399/2000/2578 
f 399/2000/2578 2203/1991/2577 2207/2001/2579 
f 399/2000/2578 2207/2001/2579 400/2002/2580 
f 400/2002/2580 2207/2001/2579 2208/2003/2581 
f 400/2002/2580 2208/2003/2581 402/2004/2582 
f 402/2004/2582 2209/2005/2583 404/2006/2584 
f 402/2004/2582 2208/2003/2581 2209/2005/2583 
f 2206/1997/2585 2210/2007/2586 2202/1990/2566 
f 2206/1997/2585 2205/1995/2587 2210/2007/2586 
f 2210/2007/2586 2205/1995/2587 2204/1993/2588 
f 2210/2007/2586 2204/1993/2588 2211/2008/2589 
f 2210/2007/2586 2211/2008/2589 2212/2009/2590 
f 2210/2007/2586 2212/2009/2590 2202/1990/2566 
f 2202/1990/2566 2212/2009/2590 2213/2010/2591 
f 2213/2010/2591 2212/2009/2590 2214/2011/2592 
f 2213/2010/2591 2214/2011/2592 2215/2012/2593 
f 2213/2010/2591 2215/2012/2593 2216/2013/2594 
f 2216/2013/2594 2215/2012/2593 2217/2014/2595 
f 2216/2013/2594 2217/2014/2595 2218/2015/2596 
f 2218/2015/2596 2217/2014/2595 2219/2016/2597 
f 2218/2015/2596 2219/2016/2597 1713/1501/1997 
f 1713/1501/1997 2219/2016/2597 1714/1502/1998 
f 2206/1997/2585 2202/1990/2566 2201/1989/2565 
f 2200/1988/2564 2202/1990/2566 2213/2010/2591 
f 2200/1988/2564 2213/2010/2591 2216/2013/2594 
f 2200/1988/2564 2220/2017/2598 2221/2018/2599 
f 2200/1988/2564 2216/2013/2594 2220/2017/2598 
f 2220/2017/2598 2222/2019/2600 2223/2020/2601 
f 2220/2017/2598 2216/2013/2594 2222/2019/2600 
f 2222/2019/2600 2216/2013/2594 2218/2015/2596 
f 2222/2019/2600 2224/2021/2602 2225/2022/2603 
f 2222/2019/2600 2218/2015/2596 2224/2021/2602 
f 2224/2021/2602 2218/2015/2596 1713/1501/1997 
f 2224/2021/2602 1713/1501/1997 1700/1488/1984 
f 2224/2021/2602 2226/2023/2604 2225/2022/2603 
f 2224/2021/2602 1700/1488/1984 2226/2023/2604 
f 2226/2023/2604 1699/1487/1983 2227/2024/2605 
f 2226/2023/2604 1700/1488/1984 1699/1487/1983 
f 1686/1474/1970 2228/2025/2606 1687/1475/1971 
f 1687/1475/1971 2228/2025/2606 2229/2026/2607 
f 1687/1475/1971 2229/2026/2607 1694/1482/1978 
f 1694/1482/1978 2229/2026/2607 2230/2027/2608 
f 1694/1482/1978 2230/2027/2608 1696/1484/1980 
f 1696/1484/1980 2230/2027/2608 1699/1487/1983 
f 1699/1487/1983 2230/2027/2608 2227/2024/2605 
f 2226/2023/2604 2227/2024/2605 2231/2028/2609 
f 2226/2023/2604 2231/2028/2609 2225/2022/2603 
f 2222/2019/2600 2225/2022/2603 2223/2020/2601 
f 2232/2029/2610 2233/2030/2611 2234/2031/2612 
f 2232/2029/2610 2231/2028/2609 2233/2030/2611 
f 2233/2030/2611 2231/2028/2609 2227/2024/2605 
f 2233/2030/2611 2235/2032/2613 2236/2033/2614 
f 2233/2030/2611 2227/2024/2605 2235/2032/2613 
f 2235/2032/2613 2227/2024/2605 2230/2027/2608 
f 2235/2032/2613 2230/2027/2608 2229/2026/2607 
f 2235/2032/2613 2237/2034/2615 2236/2033/2614 
f 2235/2032/2613 2229/2026/2607 2237/2034/2615 
f 2237/2034/2615 2229/2026/2607 2228/2025/2606 
f 2237/2034/2615 2238/2035/2616 2239/2036/2617 
f 2237/2034/2615 2228/2025/2606 2238/2035/2616 
f 2238/2035/2616 2240/2037/2618 2241/2038/2619 
f 2238/2035/2616 2228/2025/2606 2240/2037/2618 
f 2240/2037/2618 2228/2025/2606 1686/1474/1970 
f 2240/2037/2618 2242/2039/2620 2243/2040/2621 
f 2240/2037/2618 1686/1474/1970 2242/2039/2620 
f 2242/2039/2620 1686/1474/1970 1676/1464/1960 
f 2242/2039/2620 1675/1463/1959 2244/2041/2622 
f 2242/2039/2620 1676/1464/1960 1675/1463/1959 
f 2245/2042/2623 2244/2041/2622 1675/1463/1959 
f 2242/2039/2620 2244/2041/2622 2243/2040/2621 
f 2240/2037/2618 2243/2040/2621 2241/2038/2619 
f 2238/2035/2616 2241/2038/2619 2246/2043/2624 
f 2238/2035/2616 2246/2043/2624 2239/2036/2617 
f 2237/2034/2615 2239/2036/2617 2236/2033/2614 
f 2233/2030/2611 2236/2033/2614 2234/2031/2612 
f 2243/2040/2621 2247/2044/2625 2241/2038/2619 
f 2241/2038/2619 2247/2044/2625 2248/2045/2626 
f 2241/2038/2619 2248/2045/2626 2246/2043/2624 
f 2246/2043/2624 2248/2045/2626 2249/2046/2627 
f 2246/2043/2624 2249/2046/2627 2239/2036/2617 
f 2239/2036/2617 2249/2046/2627 2250/2047/2628 
f 2239/2036/2617 2250/2047/2628 2236/2033/2614 
f 2236/2033/2614 2250/2047/2628 2234/2031/2612 
f 2234/2031/2612 2250/2047/2628 2251/2048/2629 
f 2234/2031/2612 2251/2048/2629 2252/2049/2630 
f 2252/2049/2630 2251/2048/2629 2253/2050/2631 
f 2252/2049/2630 2253/2050/2631 2254/2051/2632 
f 2252/2049/2630 2254/2051/2632 2255/2052/2633 
f 2255/2052/2633 2256/2053/2634 2257/2054/2635 
f 2255/2052/2633 2254/2051/2632 2256/2053/2634 
f 2258/2055/2636 2251/2048/2629 2259/2056/2637 
f 2259/2056/2637 2251/2048/2629 2250/2047/2628 
f 2259/2056/2637 2250/2047/2628 2249/2046/2627 
f 2259/2056/2637 2249/2046/2627 2260/2057/2638 
f 2260/2057/2638 2249/2046/2627 2248/2045/2626 
f 2260/2057/2638 2248/2045/2626 2261/2058/2639 
f 2261/2058/2639 2248/2045/2626 2247/2044/2625 
f 2261/2058/2639 2247/2044/2625 2262/2059/2640 
f 2262/2059/2640 2247/2044/2625 2263/2060/2641 
f 2262/2059/2640 2263/2060/2641 2264/2061/2642 
f 2264/2061/2642 2263/2060/2641 2265/2062/2643 
f 2264/2061/2642 2265/2062/2643 2266/2063/2644 
f 2266/2063/2644 2265/2062/2643 2267/2064/2645 
f 2266/2063/2644 2267/2064/2645 2268/2065/2646 
f 2258/2055/2636 2269/2066/2647 2270/2067/2648 
f 2258/2055/2636 2259/2056/2637 2269/2066/2647 
f 2269/2066/2647 2259/2056/2637 2260/2057/2638 
f 2269/2066/2647 2271/2068/2649 2272/2069/2650 
f 2269/2066/2647 2260/2057/2638 2271/2068/2649 
f 2271/2068/2649 2260/2057/2638 2261/2058/2639 
f 2271/2068/2649 2261/2058/2639 2273/2070/2651 
f 2273/2070/2651 2261/2058/2639 2262/2059/2640 
f 2273/2070/2651 2262/2059/2640 2274/2071/2652 
f 2274/2071/2652 2262/2059/2640 2264/2061/2642 
f 2274/2071/2652 2264/2061/2642 2275/2072/2653 
f 2275/2072/2653 2264/2061/2642 2266/2063/2644 
f 2275/2072/2653 2266/2063/2644 2276/2073/2654 
f 2276/2073/2654 2266/2063/2644 2268/2065/2646 
f 2276/2073/2654 2268/2065/2646 2277/2074/2655 
f 2277/2074/2655 2268/2065/2646 2278/2075/2656 
f 2272/2069/2650 2271/2068/2649 2279/2076/2657 
f 2279/2076/2657 2271/2068/2649 2273/2070/2651 
f 2279/2076/2657 2273/2070/2651 2280/2077/2658 
f 2280/2077/2658 2273/2070/2651 2274/2071/2652 
f 2280/2077/2658 2274/2071/2652 2281/2078/2659 
f 2281/2078/2659 2274/2071/2652 2275/2072/2653 
f 2281/2078/2659 2275/2072/2653 2282/2079/2660 
f 2282/2079/2660 2275/2072/2653 2276/2073/2654 
f 2282/2079/2660 2276/2073/2654 2283/2080/2661 
f 2283/2080/2661 2276/2073/2654 2277/2074/2655 
f 2283/2080/2661 2277/2074/2655 2284/2081/2662 
f 2284/2081/2662 2277/2074/2655 2285/2082/2663 
f 2285/2082/2663 2277/2074/2655 2278/2075/2656 
f 2285/2082/2663 2278/2075/2656 2286/2083/2664 
f 2287/2084/2665 2288/2085/2666 1360/1139/1625 
f 2287/2084/2665 2272/2069/2650 2288/2085/2666 
f 2288/2085/2666 2272/2069/2650 2279/2076/2657 
f 2288/2085/2666 2289/2086/2667 1358/1137/1623 
f 2288/2085/2666 2279/2076/2657 2289/2086/2667 
f 2289/2086/2667 2279/2076/2657 2280/2077/2658 
f 2289/2086/2667 2290/2087/2668 1356/1135/1621 
f 2289/2086/2667 2280/2077/2658 2290/2087/2668 
f 2290/2087/2668 2280/2077/2658 2281/2078/2659 
f 2290/2087/2668 2291/2088/2669 2292/2089/2670 
f 2290/2087/2668 2281/2078/2659 2291/2088/2669 
f 2291/2088/2669 2281/2078/2659 2282/2079/2660 
f 2291/2088/2669 2293/2090/2671 2294/2091/2672 
f 2291/2088/2669 2282/2079/2660 2293/2090/2671 
f 2293/2090/2671 2282/2079/2660 2283/2080/2661 
f 2293/2090/2671 2295/2092/2673 2296/2093/2674 
f 2293/2090/2671 2283/2080/2661 2295/2092/2673 
f 2295/2092/2673 2283/2080/2661 2284/2081/2662 
f 2295/2092/2673 2297/2094/2675 2298/2095/2676 
f 2295/2092/2673 2284/2081/2662 2297/2094/2675 
f 2297/2094/2675 2284/2081/2662 2285/2082/2663 
f 2298/2095/2676 2296/2093/2674 2295/2092/2673 
f 2293/2090/2671 2296/2093/2674 2294/2091/2672 
f 2291/2088/2669 2294/2091/2672 2292/2089/2670 
f 2290/2087/2668 2292/2089/2670 1356/1135/1621 
f 2289/2086/2667 1356/1135/1621 1358/1137/1623 
f 2288/2085/2666 1358/1137/1623 1360/1139/1625 
f 2287/2084/2665 1360/1139/1625 1362/1141/1627 
f 2287/2084/2665 1362/1141/1627 2299/2096/2677 
f 1364/1143/1629 1362/1141/1627 1361/1140/1626 
f 1359/1138/1624 1362/1141/1627 1360/1139/1625 
f 1357/1136/1622 1360/1139/1625 1358/1137/1623 
f 1355/1134/1620 1358/1137/1623 1356/1135/1621 
f 1354/1133/1619 1356/1135/1621 2292/2089/2670 
f 1354/1133/1619 2300/2097/2678 1337/1116/1602 
f 1354/1133/1619 2292/2089/2670 2300/2097/2678 
f 2300/2097/2678 2292/2089/2670 2294/2091/2672 
f 2300/2097/2678 2301/2098/2679 1335/1114/1600 
f 2300/2097/2678 2294/2091/2672 2301/2098/2679 
f 2301/2098/2679 2294/2091/2672 2296/2093/2674 
f 2301/2098/2679 2302/2099/2680 1333/1112/1598 
f 2301/2098/2679 2296/2093/2674 2302/2099/2680 
f 2303/2100/2681 2304/2101/2682 2305/2102/2683 
f 2303/2100/2681 2306/2103/2684 2304/2101/2682 
f 2304/2101/2682 2307/2104/2685 2308/2105/2686 
f 2304/2101/2682 2306/2103/2684 2307/2104/2685 
f 2307/2104/2685 2306/2103/2684 2309/2106/2687 
f 2307/2104/2685 2310/2107/2688 2311/2108/2689 
f 2307/2104/2685 2309/2106/2687 2310/2107/2688 
f 2310/2107/2688 2309/2106/2687 2312/2109/2690 
f 2310/2107/2688 2313/2110/2691 2314/2111/2692 
f 2310/2107/2688 2312/2109/2690 2313/2110/2691 
f 2313/2110/2691 2312/2109/2690 2315/2112/2693 
f 2313/2110/2691 2302/2099/2680 2298/2095/2676 
f 2313/2110/2691 2315/2112/2693 2302/2099/2680 
f 2302/2099/2680 2315/2112/2693 1333/1112/1598 
f 2301/2098/2679 1333/1112/1598 1335/1114/1600 
f 2300/2097/2678 1335/1114/1600 1337/1116/1602 
f 1339/1118/1604 1337/1116/1602 1336/1115/1601 
f 1334/1113/1599 1337/1116/1602 1335/1114/1600 
f 1332/1111/1597 1335/1114/1600 1333/1112/1598 
f 1331/1110/1596 1333/1112/1598 2315/2112/2693 
f 1331/1110/1596 2315/2112/2693 2316/2113/2694 
f 2316/2113/2694 2315/2112/2693 2312/2109/2690 
f 2316/2113/2694 2312/2109/2690 2317/2114/2695 
f 2317/2114/2695 2312/2109/2690 2309/2106/2687 
f 2317/2114/2695 2309/2106/2687 2318/2115/2696 
f 2318/2115/2696 2309/2106/2687 2306/2103/2684 
f 2318/2115/2696 2319/2116/2697 2320/2117/2698 
f 2318/2115/2696 2306/2103/2684 2319/2116/2697 
f 1322/1101/1587 2321/2118/2699 1317/1096/1582 
f 1322/1101/1587 1331/1110/1596 2321/2118/2699 
f 2321/2118/2699 1331/1110/1596 2316/2113/2694 
f 2321/2118/2699 2322/2119/2700 1316/1095/1581 
f 2321/2118/2699 2316/2113/2694 2322/2119/2700 
f 2322/2119/2700 2316/2113/2694 2317/2114/2695 
f 2322/2119/2700 2323/2120/2701 2324/2121/2702 
f 2322/2119/2700 2317/2114/2695 2323/2120/2701 
f 2323/2120/2701 2317/2114/2695 2318/2115/2696 
f 2323/2120/2701 2318/2115/2696 2325/2122/2703 
f 2323/2120/2701 2325/2122/2703 2326/2123/2704 
f 2323/2120/2701 2326/2123/2704 2324/2121/2702 
f 2322/2119/2700 2324/2121/2702 1316/1095/1581 
f 2321/2118/2699 1316/1095/1581 1317/1096/1582 
f 2306/2103/2684 2303/2100/2681 2319/2116/2697 
f 2319/2116/2697 2303/2100/2681 803/556/995 
f 2319/2116/2697 803/556/995 805/558/997 
f 2319/2116/2697 805/558/997 2320/2117/2698 
f 2320/2117/2698 805/558/997 807/560/999 
f 2320/2117/2698 807/560/999 815/568/1007 
f 2320/2117/2698 815/568/1007 2325/2122/2703 
f 2325/2122/2703 815/568/1007 850/616/1069 
f 2325/2122/2703 850/616/1069 2326/2123/2704 
f 2326/2123/2704 850/616/1069 835/601/1052 
f 2326/2123/2704 835/601/1052 849/615/1068 
f 2326/2123/2704 849/615/1068 2324/2121/2702 
f 2324/2121/2702 2327/2124/2705 1316/1095/1581 
f 2324/2121/2702 849/615/1068 2327/2124/2705 
f 2327/2124/2705 849/615/1068 838/604/1057 
f 2327/2124/2705 2328/2125/2706 1315/1094/1580 
f 2327/2124/2705 838/604/1057 2328/2125/2706 
f 2328/2125/2706 838/604/1057 847/613/1066 
f 2328/2125/2706 847/613/1066 844/610/1063 
f 2328/2125/2706 2329/2126/2707 1314/1093/1579 
f 2328/2125/2706 844/610/1063 2329/2126/2707 
f 2329/2126/2707 2330/2127/2708 1243/1022/1508 
f 2329/2126/2707 844/610/1063 2330/2127/2708 
f 2330/2127/2708 844/610/1063 841/607/1060 
f 2330/2127/2708 2331/2128/2709 1242/1021/1507 
f 2330/2127/2708 841/607/1060 2331/2128/2709 
f 2331/2128/2709 841/607/1060 860/626/1079 
f 2331/2128/2709 2332/2129/2710 1260/1039/1525 
f 2331/2128/2709 860/626/1079 2332/2129/2710 
f 2332/2129/2710 860/626/1079 861/627/1080 
f 2332/2129/2710 2333/2130/2711 1259/1038/1524 
f 2332/2129/2710 861/627/1080 2333/2130/2711 
f 2333/2130/2711 861/627/1080 594/347/786 
f 2333/2130/2711 593/346/785 1258/1037/1523 
f 2333/2130/2711 594/347/786 593/346/785 
f 603/356/795 1257/1036/1522 592/345/784 
f 592/345/784 1257/1036/1522 593/346/785 
f 593/346/785 1257/1036/1522 1258/1037/1523 
f 2333/2130/2711 1258/1037/1523 1259/1038/1524 
f 2332/2129/2710 1259/1038/1524 1260/1039/1525 
f 2331/2128/2709 1260/1039/1525 1242/1021/1507 
f 2330/2127/2708 1242/1021/1507 1243/1022/1508 
f 2329/2126/2707 1243/1022/1508 1314/1093/1579 
f 1304/1083/1569 1312/1091/1577 1305/1084/1570 
f 1305/1084/1570 2334/2131/2712 1244/1023/1509 
f 1305/1084/1570 1312/1091/1577 2334/2131/2712 
f 2334/2131/2712 1312/1091/1577 1314/1093/1579 
f 2334/2131/2712 1314/1093/1579 1243/1022/1508 
f 2334/2131/2712 1243/1022/1508 1244/1023/1509 
f 1305/1084/1570 1244/1023/1509 1245/1024/1510 
f 1303/1082/1568 1245/1024/1510 1247/1026/1512 
f 1301/1080/1566 1247/1026/1512 1249/1028/1514 
f 1301/1080/1566 1249/1028/1514 1302/1081/1567 
f 1283/1062/1548 1302/1081/1567 1286/1065/1551 
f 1262/1041/1527 1265/1044/1530 1263/1042/1528 
f 1261/1040/1526 1263/1042/1528 2335/2132/2713 
f 1261/1040/1526 2335/2132/2713 1251/1030/1516 
f 1249/1028/1514 1251/1030/1516 1302/1081/1567 
f 1302/1081/1567 1251/1030/1516 2336/2133/2714 
f 1302/1081/1567 2336/2133/2714 1286/1065/1551 
f 1286/1065/1551 2336/2133/2714 1289/1068/1554 
f 1289/1068/1554 2336/2133/2714 1274/1053/1539 
f 1289/1068/1554 1274/1053/1539 1292/1071/1557 
f 1292/1071/1557 1274/1053/1539 1276/1055/1541 
f 1265/1044/1530 1273/1052/1538 1263/1042/1528 
f 1263/1042/1528 1273/1052/1538 1275/1054/1540 
f 1263/1042/1528 1275/1054/1540 2335/2132/2713 
f 2335/2132/2713 1275/1054/1540 1274/1053/1539 
f 2335/2132/2713 1274/1053/1539 2336/2133/2714 
f 2335/2132/2713 2336/2133/2714 1251/1030/1516 
f 2318/2115/2696 2320/2117/2698 2325/2122/2703 
f 924/703/1170 928/707/1174 925/704/1171 
f 2297/2094/2675 2337/2134/2715 2314/2111/2692 
f 2297/2094/2675 2285/2082/2663 2337/2134/2715 
f 2337/2134/2715 2285/2082/2663 2286/2083/2664 
f 2337/2134/2715 2338/2135/2716 2311/2108/2689 
f 2337/2134/2715 2286/2083/2664 2338/2135/2716 
f 2267/2064/2645 2339/2136/2717 2268/2065/2646 
f 2268/2065/2646 2339/2136/2717 2278/2075/2656 
f 2278/2075/2656 2339/2136/2717 2340/2137/2718 
f 2278/2075/2656 2340/2137/2718 2286/2083/2664 
f 2286/2083/2664 2340/2137/2718 2341/2138/2719 
f 2286/2083/2664 2341/2138/2719 2338/2135/2716 
f 2338/2135/2716 2341/2138/2719 2342/2139/2720 
f 2338/2135/2716 2342/2139/2720 2308/2105/2686 
f 2338/2135/2716 2308/2105/2686 2311/2108/2689 
f 2337/2134/2715 2311/2108/2689 2314/2111/2692 
f 2297/2094/2675 2314/2111/2692 2298/2095/2676 
f 2296/2093/2674 2298/2095/2676 2302/2099/2680 
f 2313/2110/2691 2298/2095/2676 2314/2111/2692 
f 2310/2107/2688 2314/2111/2692 2311/2108/2689 
f 2307/2104/2685 2311/2108/2689 2308/2105/2686 
f 2304/2101/2682 2343/2140/2721 2305/2102/2683 
f 2304/2101/2682 2308/2105/2686 2343/2140/2721 
f 2343/2140/2721 2308/2105/2686 2342/2139/2720 
f 2343/2140/2721 2342/2139/2720 2344/2141/2722 
f 2343/2140/2721 2345/2142/2723 2305/2102/2683 
f 2343/2140/2721 2344/2141/2722 2345/2142/2723 
f 2345/2142/2723 2346/2143/2724 2347/2144/2725 
f 2345/2142/2723 2344/2141/2722 2346/2143/2724 
f 803/556/995 2303/2100/2681 801/554/993 
f 801/554/993 2303/2100/2681 2305/2102/2683 
f 801/554/993 2305/2102/2683 2348/2145/2726 
f 801/554/993 2348/2145/2726 810/563/1002 
f 810/563/1002 2348/2145/2726 1656/1444/1940 
f 1656/1444/1940 2348/2145/2726 2347/2144/2725 
f 1656/1444/1940 2347/2144/2725 1655/1443/1939 
f 1655/1443/1939 2347/2144/2725 2346/2143/2724 
f 2345/2142/2723 2347/2144/2725 2348/2145/2726 
f 2345/2142/2723 2348/2145/2726 2305/2102/2683 
f 1653/1441/1937 1655/1443/1939 1664/1452/1948 
f 1664/1452/1948 1655/1443/1939 2346/2143/2724 
f 1664/1452/1948 2346/2143/2724 1665/1453/1949 
f 1665/1453/1949 2346/2143/2724 2344/2141/2722 
f 1665/1453/1949 2344/2141/2722 2349/2146/2727 
f 1665/1453/1949 2349/2146/2727 1667/1455/1951 
f 1667/1455/1951 2349/2146/2727 2350/2147/2728 
f 1667/1455/1951 2350/2147/2728 1669/1457/1953 
f 1669/1457/1953 2350/2147/2728 2351/2148/2729 
f 1669/1457/1953 2351/2148/2729 1671/1459/1955 
f 1671/1459/1955 2351/2148/2729 2352/2149/2730 
f 1671/1459/1955 2352/2149/2730 1673/1461/1957 
f 1673/1461/1957 2352/2149/2730 2245/2042/2623 
f 1673/1461/1957 2245/2042/2623 1675/1463/1959 
f 2344/2141/2722 2342/2139/2720 2349/2146/2727 
f 2349/2146/2727 2342/2139/2720 2341/2138/2719 
f 2349/2146/2727 2341/2138/2719 2350/2147/2728 
f 2350/2147/2728 2341/2138/2719 2340/2137/2718 
f 2350/2147/2728 2340/2137/2718 2351/2148/2729 
f 2351/2148/2729 2340/2137/2718 2339/2136/2717 
f 2351/2148/2729 2339/2136/2717 2352/2149/2730 
f 2352/2149/2730 2339/2136/2717 2267/2064/2645 
f 2352/2149/2730 2267/2064/2645 2245/2042/2623 
f 2245/2042/2623 2267/2064/2645 2265/2062/2643 
f 2245/2042/2623 2265/2062/2643 2244/2041/2622 
f 2244/2041/2622 2265/2062/2643 2263/2060/2641 
f 2244/2041/2622 2263/2060/2641 2243/2040/2621 
f 2243/2040/2621 2263/2060/2641 2247/2044/2625 
f 1636/1424/1920 2353/2150/2731 1638/1426/1922 
f 1638/1426/1922 2353/2150/2731 797/550/989 
f 1638/1426/1922 797/550/989 1640/1428/1924 
f 2354/2151/2732 2355/2152/2733 1632/1420/1916 
f 2354/2151/2732 2356/2153/2734 2355/2152/2733 
f 2355/2152/2733 2353/2150/2731 1636/1424/1920 
f 2355/2152/2733 2356/2153/2734 2353/2150/2731 
f 2353/2150/2731 2356/2153/2734 2357/2154/2735 
f 2353/2150/2731 2357/2154/2735 797/550/989 
f 2355/2152/2733 1636/1424/1920 1630/1418/1914 
f 2355/2152/2733 1630/1418/1914 1632/1420/1916 
f 2354/2151/2732 1632/1420/1916 783/536/975 
f 2354/2151/2732 783/536/975 782/535/974 
f 2354/2151/2732 782/535/974 785/538/977 
f 2354/2151/2732 785/538/977 2356/2153/2734 
f 2356/2153/2734 785/538/977 788/541/980 
f 2356/2153/2734 788/541/980 790/543/982 
f 2356/2153/2734 790/543/982 2357/2154/2735 
f 2357/2154/2735 790/543/982 792/545/984 
f 2357/2154/2735 792/545/984 795/548/987 
f 2357/2154/2735 795/548/987 797/550/989 
f 2358/2155/2736 2359/2156/2737 2360/2157/2738 
f 2360/2157/2738 2361/2158/2739 2362/2159/2740 
f 2360/2157/2738 2359/2156/2737 2361/2158/2739 
f 2361/2158/2739 2359/2156/2737 2363/2160/2741 
f 2361/2158/2739 2364/2161/2742 1478/1257/1743 
f 2361/2158/2739 2363/2160/2741 2364/2161/2742 
f 2363/2160/2741 1471/1250/1736 2364/2161/2742 
f 2364/2161/2742 1471/1250/1736 1470/1249/1735 
f 2364/2161/2742 1470/1249/1735 1469/1248/1734 
f 2364/2161/2742 1469/1248/1734 1478/1257/1743 
f 2361/2158/2739 1478/1257/1743 1480/1259/1745 
f 2361/2158/2739 1480/1259/1745 2362/2159/2740 
f 2362/2159/2740 1480/1259/1745 1482/1261/1747 
f 2362/2159/2740 2365/2162/2743 2366/2163/2744 
f 2362/2159/2740 1482/1261/1747 2365/2162/2743 
f 2365/2162/2743 2367/2164/2745 2368/2165/2746 
f 2365/2162/2743 1482/1261/1747 2367/2164/2745 
f 2367/2164/2745 1482/1261/1747 1483/1262/1748 
f 2367/2164/2745 1483/1262/1748 1508/1287/1773 
f 2367/2164/2745 2369/2166/2747 2368/2165/2746 
f 2367/2164/2745 1508/1287/1773 2369/2166/2747 
f 2369/2166/2747 2370/2167/2748 2371/2168/2749 
f 2369/2166/2747 1508/1287/1773 2370/2167/2748 
f 2372/2169/2750 2373/2170/2751 2371/2168/2749 
f 2371/2168/2749 2373/2170/2751 2369/2166/2747 
f 2369/2166/2747 2373/2170/2751 2368/2165/2746 
f 2365/2162/2743 2374/2171/2752 2366/2163/2744 
f 2365/2162/2743 2368/2165/2746 2374/2171/2752 
f 2374/2171/2752 2368/2165/2746 2373/2170/2751 
f 2374/2171/2752 2373/2170/2751 2375/2172/2753 
f 2374/2171/2752 2376/2173/2754 2366/2163/2744 
f 2374/2171/2752 2375/2172/2753 2376/2173/2754 
f 2376/2173/2754 2375/2172/2753 2377/2174/2755 
f 2376/2173/2754 2378/2175/2756 2366/2163/2744 
f 2376/2173/2754 2377/2174/2755 2378/2175/2756 
f 2378/2175/2756 2377/2174/2755 2379/2176/2757 
f 2378/2175/2756 2379/2176/2757 2358/2155/2736 
f 2378/2175/2756 2360/2157/2738 2366/2163/2744 
f 2378/2175/2756 2358/2155/2736 2360/2157/2738 
f 2373/2170/2751 2372/2169/2750 2375/2172/2753 
f 2375/2172/2753 2372/2169/2750 2380/2177/2758 
f 2375/2172/2753 2380/2177/2758 2377/2174/2755 
f 2377/2174/2755 2380/2177/2758 2381/2178/2759 
f 2377/2174/2755 2381/2178/2759 2379/2176/2757 
f 2379/2176/2757 2381/2178/2759 2382/2179/2760 
f 2379/2176/2757 2382/2179/2760 2383/2180/2761 
f 2379/2176/2757 2383/2180/2761 2358/2155/2736 
f 2358/2155/2736 2383/2180/2761 2384/2181/2762 
f 2358/2155/2736 2384/2181/2762 2359/2156/2737 
f 2359/2156/2737 2384/2181/2762 2385/2182/2763 
f 2359/2156/2737 2385/2182/2763 2363/2160/2741 
f 2363/2160/2741 2385/2182/2763 1472/1251/1737 
f 2363/2160/2741 1472/1251/1737 1471/1250/1736 
f 1463/1242/1728 1472/1251/1737 1464/1243/1729 
f 1464/1243/1729 1472/1251/1737 2385/2182/2763 
f 1464/1243/1729 2385/2182/2763 2386/2183/2764 
f 2386/2183/2764 2385/2182/2763 2384/2181/2762 
f 2386/2183/2764 2384/2181/2762 2387/2184/2765 
f 2387/2184/2765 2384/2181/2762 2383/2180/2761 
f 2387/2184/2765 2383/2180/2761 2388/2185/2766 
f 2388/2185/2766 2383/2180/2761 2382/2179/2760 
f 2388/2185/2766 2382/2179/2760 1413/1192/1678 
f 2388/2185/2766 1413/1192/1678 1416/1195/1681 
f 1438/1217/1703 1464/1243/1729 1435/1214/1700 
f 1435/1214/1700 1464/1243/1729 2386/2183/2764 
f 1435/1214/1700 2386/2183/2764 1433/1212/1698 
f 1433/1212/1698 2386/2183/2764 2387/2184/2765 
f 1433/1212/1698 2387/2184/2765 2389/2186/2767 
f 2389/2186/2767 2387/2184/2765 2388/2185/2766 
f 2389/2186/2767 2388/2185/2766 1416/1195/1681 
f 2389/2186/2767 1416/1195/1681 1419/1198/1684 
f 1441/1220/1706 1438/1217/1703 1437/1216/1702 
f 1434/1213/1699 1438/1217/1703 1435/1214/1700 
f 1432/1211/1697 1435/1214/1700 1433/1212/1698 
f 1431/1210/1696 1433/1212/1698 2389/2186/2767 
f 1431/1210/1696 2389/2186/2767 1419/1198/1684 
f 1415/1194/1680 1419/1198/1684 1416/1195/1681 
f 1416/1195/1681 1413/1192/1678 1412/1191/1677 
f 1410/1189/1675 1413/1192/1678 2390/2187/2768 
f 1410/1189/1675 2390/2187/2768 1411/1190/1676 
f 1408/1187/1673 1411/1190/1676 2391/2188/2769 
f 1408/1187/1673 2391/2188/2769 1409/1188/1674 
f 1406/1185/1671 1409/1188/1674 2392/2189/2770 
f 1406/1185/1671 2392/2189/2770 1407/1186/1672 
f 1405/1184/1670 1407/1186/1672 2393/2190/2771 
f 1405/1184/1670 2394/2191/2772 1399/1178/1664 
f 1405/1184/1670 2393/2190/2771 2394/2191/2772 
f 2394/2191/2772 2393/2190/2771 2395/2192/2773 
f 1413/1192/1678 2382/2179/2760 2390/2187/2768 
f 2390/2187/2768 2382/2179/2760 2381/2178/2759 
f 2390/2187/2768 2381/2178/2759 1411/1190/1676 
f 1411/1190/1676 2381/2178/2759 2380/2177/2758 
f 1411/1190/1676 2380/2177/2758 2372/2169/2750 
f 1411/1190/1676 2372/2169/2750 2391/2188/2769 
f 2391/2188/2769 2372/2169/2750 2371/2168/2749 
f 2391/2188/2769 2371/2168/2749 2396/2193/2774 
f 2391/2188/2769 2396/2193/2774 1409/1188/1674 
f 1409/1188/1674 2396/2193/2774 2392/2189/2770 
f 2392/2189/2770 2396/2193/2774 2397/2194/2775 
f 2397/2194/2775 2396/2193/2774 2371/2168/2749 
f 2397/2194/2775 2370/2167/2748 1510/1289/1775 
f 2397/2194/2775 2371/2168/2749 2370/2167/2748 
f 2398/2195/2776 2399/2196/2777 2400/2197/2778 
f 2398/2195/2776 2395/2192/2773 2399/2196/2777 
f 2399/2196/2777 2395/2192/2773 2393/2190/2771 
f 2399/2196/2777 2401/2198/2779 2402/2199/2780 
f 2399/2196/2777 2393/2190/2771 2401/2198/2779 
f 2401/2198/2779 2393/2190/2771 1407/1186/1672 
f 2401/2198/2779 2403/2200/2781 2404/2201/2782 
f 2401/2198/2779 1407/1186/1672 2403/2200/2781 
f 2403/2200/2781 1407/1186/1672 2392/2189/2770 
f 2403/2200/2781 2397/2194/2775 1510/1289/1775 
f 2403/2200/2781 2392/2189/2770 2397/2194/2775 
f 1508/1287/1773 1509/1288/1774 2370/2167/2748 
f 2370/2167/2748 1509/1288/1774 1511/1290/1776 
f 2370/2167/2748 1511/1290/1776 1510/1289/1775 
f 2403/2200/2781 1510/1289/1775 2404/2201/2782 
f 2401/2198/2779 2404/2201/2782 2402/2199/2780 
f 2399/2196/2777 2402/2199/2780 2405/2202/2783 
f 2399/2196/2777 2405/2202/2783 2400/2197/2778 
f 2398/2195/2776 2400/2197/2778 2406/2203/2784 
f 2398/2195/2776 2406/2203/2784 2407/2204/2785 
f 2408/2205/2786 2409/2206/2787 424/2207/2788 
f 2408/2205/2789 2407/2204/2785 2409/2206/2790 
f 2409/2206/2787 2410/2208/2791 423/2209/2792 
f 2409/2206/2790 2407/2204/2785 2410/2208/2793 
f 2410/2208/2793 2407/2204/2785 2406/2203/2784 
f 2410/2208/2791 2411/2210/2794 422/2211/2795 
f 2410/2208/2793 2406/2203/2784 2411/2210/2796 
f 2411/2210/2796 2406/2203/2784 2400/2197/2778 
f 2411/2210/2794 2412/2212/2797 420/2213/2798 
f 2411/2210/2796 2400/2197/2778 2412/2212/2799 
f 2412/2212/2799 2400/2197/2778 2405/2202/2783 
f 2412/2212/2797 2413/2214/2800 418/2215/2801 
f 2412/2212/2799 2405/2202/2783 2413/2214/2802 
f 2413/2214/2802 2405/2202/2783 2402/2199/2780 
f 2413/2214/2800 2414/2216/2803 434/2217/2804 
f 2413/2214/2802 2402/2199/2780 2414/2216/2805 
f 2414/2216/2805 2402/2199/2780 2404/2201/2782 
f 2414/2216/2803 2415/2218/2806 431/2219/2807 
f 2414/2216/2805 2404/2201/2782 2415/2218/2808 
f 2415/2218/2808 2404/2201/2782 1510/1289/1775 
f 2415/2218/2806 1512/1291/1778 427/2220/2809 
f 2415/2218/2808 1510/1289/1775 1512/1291/1777 
f 1513/1292/1779 441/1295/1783 439/1293/1780 
f 1512/1291/1778 439/1293/1780 427/2220/2809 
f 2415/2218/2806 427/2220/2809 431/2219/2807 
f 2414/2216/2803 431/2219/2807 434/2217/2804 
f 2413/2214/2800 434/2217/2804 418/2215/2801 
f 2412/2212/2797 418/2215/2801 420/2213/2798 
f 2411/2210/2794 420/2213/2798 422/2211/2795 
f 2410/2208/2791 422/2211/2795 423/2209/2792 
f 2409/2206/2787 423/2209/2792 424/2207/2788 
f 2408/2205/2786 424/2207/2788 415/2221/2810 
f 2408/2205/2789 2416/2222/2811 2417/2223/2812 
f 2408/2205/2786 415/2221/2810 2416/2222/2813 
f 2416/2222/2813 415/2221/2810 414/2224/2814 
f 2416/2222/2811 2418/2225/2815 2417/2223/2812 
f 2416/2222/2813 414/2224/2814 2418/2225/2816 
f 2418/2225/2816 414/2224/2814 406/2226/2817 
f 2418/2225/2815 2419/2227/2818 2420/2228/2819 
f 2418/2225/2816 406/2226/2817 2419/2227/2820 
f 2419/2227/2820 406/2226/2817 404/2006/2584 
f 2419/2227/2820 404/2006/2584 2209/2005/2583 
f 2418/2225/2815 2421/2229/2821 2417/2223/2812 
f 2418/2225/2815 2420/2228/2819 2421/2229/2821 
f 2421/2229/2821 2420/2228/2819 2422/2230/2822 
f 2421/2229/2821 2423/2231/2823 2417/2223/2812 
f 2421/2229/2821 2422/2230/2822 2423/2231/2823 
f 2423/2231/2823 2422/2230/2822 2424/2232/2824 
f 2423/2231/2823 2425/2233/2825 2426/2234/2826 
f 2423/2231/2823 2424/2232/2824 2425/2233/2825 
f 2425/2233/2825 2424/2232/2824 1396/1175/1661 
f 2425/2233/2825 2427/2235/2827 2398/2195/2776 
f 2425/2233/2825 1396/1175/1661 2427/2235/2827 
f 2427/2235/2827 1396/1175/1661 1397/1176/1662 
f 2427/2235/2827 2428/2236/2828 2395/2192/2773 
f 2427/2235/2827 1397/1176/1662 2428/2236/2828 
f 2428/2236/2828 1397/1176/1662 1398/1177/1663 
f 2428/2236/2828 2394/2191/2772 2395/2192/2773 
f 2428/2236/2828 1398/1177/1663 2394/2191/2772 
f 2394/2191/2772 1398/1177/1663 1399/1178/1664 
f 2427/2235/2827 2395/2192/2773 2398/2195/2776 
f 2425/2233/2825 2398/2195/2776 2407/2204/2785 
f 2425/2233/2825 2407/2204/2785 2426/2234/2826 
f 2423/2231/2823 2426/2234/2826 2417/2223/2812 
f 2408/2205/2789 2417/2223/2812 2426/2234/2826 
f 2408/2205/2789 2426/2234/2826 2407/2204/2785 
f 1314/1093/1579 1315/1094/1580 2328/2125/2706 
f 2327/2124/2705 1315/1094/1580 1316/1095/1581 
f 2269/2066/2647 2272/2069/2650 2270/2067/2648 
f 2258/2055/2636 2270/2067/2648 2429/2237/2829 
f 2272/2069/2650 2287/2084/2665 2270/2067/2648 
f 2270/2067/2648 2287/2084/2665 2299/2096/2677 
f 2270/2067/2648 2299/2096/2677 2429/2237/2829 
f 2429/2237/2829 2299/2096/2677 2430/2238/2830 
f 2429/2237/2829 2430/2238/2830 2431/2239/2831 
f 2431/2239/2831 2430/2238/2830 2432/2240/2832 
f 2431/2239/2831 2432/2240/2832 1386/1165/1651 
f 1386/1165/1651 2432/2240/2832 1383/1162/1648 
f 1383/1162/1648 2432/2240/2832 1374/1153/1639 
f 1374/1153/1639 2432/2240/2832 1366/1145/1631 
f 1366/1145/1631 2432/2240/2832 2430/2238/2830 
f 1366/1145/1631 2430/2238/2830 1364/1143/1629 
f 1364/1143/1629 2430/2238/2830 2299/2096/2677 
f 1364/1143/1629 2299/2096/2677 1362/1141/1627 
f 2251/2048/2629 2258/2055/2636 2253/2050/2631 
f 2253/2050/2631 2258/2055/2636 2429/2237/2829 
f 2253/2050/2631 2429/2237/2829 2431/2239/2831 
f 2253/2050/2631 2431/2239/2831 2254/2051/2632 
f 2254/2051/2632 2431/2239/2831 1386/1165/1651 
f 2254/2051/2632 1386/1165/1651 2256/2053/2634 
f 2256/2053/2634 1386/1165/1651 1387/1166/1652 
f 2256/2053/2634 2433/2241/2833 2257/2054/2635 
f 2256/2053/2634 1387/1166/1652 2433/2241/2833 
f 2433/2241/2833 1387/1166/1652 1388/1167/1653 
f 2433/2241/2833 1388/1167/1653 2434/2242/2834 
f 2433/2241/2833 2434/2242/2834 2435/2243/2835 
f 2433/2241/2833 2435/2243/2835 2257/2054/2635 
f 2234/2031/2612 2252/2049/2630 2232/2029/2610 
f 2232/2029/2610 2252/2049/2630 2255/2052/2633 
f 2232/2029/2610 2255/2052/2633 2436/2244/2836 
f 2436/2244/2836 2255/2052/2633 2257/2054/2635 
f 2436/2244/2836 2257/2054/2635 2437/2245/2837 
f 2437/2245/2837 2257/2054/2635 2435/2243/2835 
f 2437/2245/2837 2435/2243/2835 2438/2246/2838 
f 2438/2246/2838 2435/2243/2835 2439/2247/2839 
f 2439/2247/2839 2435/2243/2835 2434/2242/2834 
f 2439/2247/2839 2434/2242/2834 2422/2230/2822 
f 2422/2230/2822 2434/2242/2834 2424/2232/2824 
f 2424/2232/2824 2434/2242/2834 1388/1167/1653 
f 2424/2232/2824 1388/1167/1653 1389/1168/1654 
f 2424/2232/2824 1389/1168/1654 1396/1175/1661 
f 2232/2029/2610 2436/2244/2836 2231/2028/2609 
f 2231/2028/2609 2436/2244/2836 2225/2022/2603 
f 2225/2022/2603 2436/2244/2836 2437/2245/2837 
f 2225/2022/2603 2437/2245/2837 2223/2020/2601 
f 2223/2020/2601 2437/2245/2837 2438/2246/2838 
f 2223/2020/2601 2438/2246/2838 2440/2248/2840 
f 2440/2248/2840 2438/2246/2838 2441/2249/2841 
f 2441/2249/2841 2438/2246/2838 2439/2247/2839 
f 2441/2249/2841 2439/2247/2839 2442/2250/2842 
f 2442/2250/2842 2439/2247/2839 2422/2230/2822 
f 2442/2250/2842 2422/2230/2822 2420/2228/2819 
f 2442/2250/2842 2420/2228/2819 2419/2227/2818 
f 2442/2250/2842 2419/2227/2818 2209/2005/2843 
f 2442/2250/2842 2209/2005/2843 2208/2003/2844 
f 2223/2020/2601 2440/2248/2840 2220/2017/2598 
f 2220/2017/2598 2443/2251/2845 2221/2018/2599 
f 2220/2017/2598 2440/2248/2840 2443/2251/2845 
f 2443/2251/2845 2440/2248/2840 2441/2249/2841 
f 2443/2251/2845 2444/2252/2846 2208/2003/2844 
f 2443/2251/2845 2441/2249/2841 2444/2252/2846 
f 2444/2252/2846 2441/2249/2841 2442/2250/2842 
f 2444/2252/2846 2442/2250/2842 2208/2003/2844 
f 2443/2251/2845 2208/2003/2844 2207/2001/2847 
f 2443/2251/2845 2207/2001/2847 2221/2018/2599 
f 2200/1988/2564 2221/2018/2599 2203/1991/2567 
f 2203/1991/2567 2221/2018/2599 2207/2001/2847 
f 1991/1779/2318 2445/2253/2848 1162/941/1411 
f 1162/941/1411 2445/2253/2848 1983/1771/2310 
f 1983/1771/2310 2445/2253/2848 2446/2254/2849 
f 1983/1771/2310 2446/2254/2849 1984/1772/2311 
f 1984/1772/2311 2446/2254/2849 2447/2255/2850 
f 2008/1796/2335 2010/1798/2851 1989/1777/2316 
f 1989/1777/2316 2010/1798/2851 1990/1778/2317 
f 1990/1778/2317 2010/1798/2851 2448/2256/2852 
f 1990/1778/2317 2448/2256/2852 1991/1779/2318 
f 1991/1779/2318 2448/2256/2852 2449/2257/2853 
f 1991/1779/2318 2449/2257/2853 2445/2253/2848 
f 2445/2253/2848 2449/2257/2853 2450/2258/2854 
f 2445/2253/2848 2450/2258/2854 2446/2254/2849 
f 2446/2254/2849 2450/2258/2854 2451/2259/2855 
f 2446/2254/2849 2451/2259/2855 2447/2255/2850 
f 2447/2255/2850 2451/2259/2855 2452/2260/2856 
f 2447/2255/2850 2452/2260/2856 2453/2261/2857 
f 2447/2255/2850 2453/2261/2857 2454/2262/2858 
f 2447/2255/2850 2455/2263/2859 1984/1772/2311 
f 2447/2255/2850 2454/2262/2858 2455/2263/2859 
f 2010/1798/2337 2009/1797/2336 2448/2256/2860 
f 2448/2256/2860 2009/1797/2336 2456/2264/2861 
f 2448/2256/2860 2456/2264/2861 2449/2257/2862 
f 2449/2257/2862 2456/2264/2861 2457/2265/2863 
f 2449/2257/2862 2457/2265/2863 2450/2258/2864 
f 2450/2258/2864 2457/2265/2863 2458/2266/2865 
f 2450/2258/2864 2458/2266/2865 2451/2259/2866 
f 2451/2259/2866 2458/2266/2865 2459/2267/2867 
f 2451/2259/2866 2459/2267/2867 2452/2260/2868 
f 2452/2260/2868 2459/2267/2867 2460/2268/2869 
f 2452/2260/2868 2460/2268/2869 2461/2269/2870 
f 2452/2260/2871 2461/2269/2870 2453/2261/2872 
f 2453/2261/2873 2461/2269/2874 2462/2270/2875 
f 2453/2261/2873 2462/2270/2875 2454/2262/2876 
f 2454/2262/2876 2462/2270/2875 2455/2263/2877 
f 2455/2263/2877 2462/2270/2875 2463/2271/2878 
f 2455/2263/2859 2464/2272/2879 1984/1772/2311 
f 2455/2263/2877 2463/2271/2878 2464/2272/2880 
f 2464/2272/2880 2463/2271/2878 2465/2273/2881 
f 2464/2272/2879 2466/2274/2882 1161/940/1410 
f 2464/2272/2880 2465/2273/2881 2466/2274/2882 
f 2466/2274/2882 2465/2273/2881 2467/2275/2883 
f 2466/2274/2882 2468/2276/2884 1978/1766/2305 
f 2466/2274/2882 2467/2275/2883 2468/2276/2884 
f 2468/2276/2884 2467/2275/2883 2469/2277/2885 
f 2468/2276/2884 2470/2278/2886 1167/946/1416 
f 2468/2276/2884 2469/2277/2885 2470/2278/2886 
f 2470/2278/2886 2471/2279/2887 2472/2280/2888 
f 2470/2278/2886 2469/2277/2885 2471/2279/2889 
f 2471/2279/2889 2469/2277/2885 2473/2281/2890 
f 2471/2279/2887 1177/956/1426 2472/2280/2888 
f 2471/2279/2889 2473/2281/2890 1177/956/2891 
f 1177/956/2891 2473/2281/2890 1196/975/1452 
f 1177/956/2891 1196/975/1452 1180/959/1451 
f 1177/956/1426 1179/958/1428 2472/2280/2888 
f 2470/2278/2886 2472/2280/2888 2474/2282/2892 
f 2470/2278/2886 2474/2282/2892 1167/946/1416 
f 2468/2276/2884 1167/946/1416 1978/1766/2305 
f 2466/2274/2882 1978/1766/2305 1161/940/1410 
f 2464/2272/2879 1161/940/1410 1984/1772/2311 
f 1167/946/1416 2474/2282/2892 1165/944/1414 
f 1165/944/1414 2474/2282/2892 2475/2283/2893 
f 2475/2283/2893 2474/2282/2892 2472/2280/2888 
f 2475/2283/2893 2472/2280/2888 1179/958/1428 
f 2475/2283/2893 1179/958/1428 1178/957/1427 
f 2475/2283/2893 2476/2284/2894 1165/944/1414 
f 2475/2283/2893 1178/957/1427 2476/2284/2894 
f 2476/2284/2894 1178/957/1427 1172/951/1421 
f 2476/2284/2894 2477/2285/2895 1170/949/1419 
f 2476/2284/2894 1172/951/1421 2477/2285/2895 
f 2477/2285/2895 1172/951/1421 1170/949/1419 
f 2476/2284/2894 1170/949/1419 1164/943/1413 
f 2476/2284/2894 1164/943/1413 1165/944/1414 
f 904/683/1150 915/694/1161 901/680/1147 
f 901/680/1147 915/694/1161 1049/828/1295 
f 901/680/1147 1049/828/1295 898/677/1144 
f 898/677/1144 1049/828/1295 1051/830/1297 
f 898/677/1144 1051/830/1297 885/664/1131 
f 2478/2286/2896 2479/2287/2897 1964/1752/2283 
f 1964/1752/2283 2479/2287/2897 874/653/1120 
f 874/653/1120 2479/2287/2897 875/654/1121 
f 875/654/1121 2479/2287/2897 2480/2288/2898 
f 875/654/1121 2480/2288/2898 868/647/1114 
f 2480/2288/2898 2481/2289/2899 2482/2290/2900 
f 2480/2288/2898 2479/2287/2897 2481/2289/2899 
f 2481/2289/2899 2479/2287/2897 2478/2286/2896 
f 2481/2289/2899 2483/2291/2901 2484/2292/2902 
f 2481/2289/2899 2478/2286/2896 2483/2291/2901 
f 2483/2291/2901 2478/2286/2896 2485/2293/2903 
f 2483/2291/2901 2486/2294/2904 2487/2295/2905 
f 2483/2291/2901 2485/2293/2903 2486/2294/2904 
f 2486/2294/2904 2485/2293/2903 2488/2296/2906 
f 2486/2294/2904 2489/2297/2907 2490/2298/2908 
f 2486/2294/2904 2488/2296/2906 2489/2297/2907 
f 2489/2297/2907 2488/2296/2906 2491/2299/2909 
f 2489/2297/2907 2492/2300/2910 2493/2301/2911 
f 2489/2297/2907 2491/2299/2909 2492/2300/2910 
f 2492/2300/2910 2491/2299/2909 2494/2302/2912 
f 2492/2300/2910 2495/2303/2913 2496/2304/2914 
f 2492/2300/2910 2494/2302/2912 2495/2303/2913 
f 2495/2303/2913 2494/2302/2912 2497/2305/2915 
f 2495/2303/2913 2498/2306/2916 2499/2307/2917 
f 2495/2303/2913 2497/2305/2915 2498/2306/2916 
f 2500/2308/2918 2501/2309/2919 1924/1712/2225 
f 2500/2308/2918 2498/2306/2916 2501/2309/2919 
f 2501/2309/2919 2498/2306/2916 2497/2305/2915 
f 2501/2309/2919 2502/2310/2920 1942/1730/2247 
f 2501/2309/2919 2497/2305/2915 2502/2310/2920 
f 2502/2310/2920 2497/2305/2915 2503/2311/2921 
f 2503/2311/2921 2497/2305/2915 2494/2302/2912 
f 2503/2311/2921 2494/2302/2912 2504/2312/2922 
f 2504/2312/2922 2494/2302/2912 2491/2299/2909 
f 2504/2312/2922 2491/2299/2909 2505/2313/2923 
f 2505/2313/2923 2491/2299/2909 2488/2296/2906 
f 2505/2313/2923 2488/2296/2906 1967/1755/2287 
f 1967/1755/2287 2488/2296/2906 2485/2293/2903 
f 1967/1755/2287 2485/2293/2903 1966/1754/2286 
f 1966/1754/2286 2485/2293/2903 2478/2286/2896 
f 1966/1754/2286 2478/2286/2896 1964/1752/2283 
f 2502/2310/2920 1944/1732/2252 1943/1731/2249 
f 2502/2310/2920 2503/2311/2921 1944/1732/2252 
f 1944/1732/2252 2503/2311/2921 1945/1733/2254 
f 1945/1733/2254 2503/2311/2921 2504/2312/2922 
f 1945/1733/2254 2504/2312/2922 1947/1735/2256 
f 1947/1735/2256 2504/2312/2922 2505/2313/2923 
f 1947/1735/2256 2505/2313/2923 1949/1737/2258 
f 1949/1737/2258 2505/2313/2923 1967/1755/2287 
f 1965/1753/2285 1967/1755/2287 1966/1754/2286 
f 1963/1751/2282 1966/1754/2286 1964/1752/2283 
f 1962/1750/2281 1964/1752/2283 874/653/1120 
f 2502/2310/2920 1943/1731/2249 1942/1730/2247 
f 2501/2309/2919 1942/1730/2247 1924/1712/2225 
f 2500/2308/2918 2506/2314/2924 2507/2315/2925 
f 2500/2308/2918 1924/1712/2225 2506/2314/2924 
f 2506/2314/2924 1924/1712/2225 1923/1711/2224 
f 2506/2314/2924 2508/2316/2926 2509/2317/2927 
f 2506/2314/2924 1923/1711/2224 2508/2316/2926 
f 2508/2316/2926 1923/1711/2224 1926/1714/2227 
f 2508/2316/2926 2510/2318/2928 2511/2319/2929 
f 2508/2316/2926 1926/1714/2227 2510/2318/2928 
f 2510/2318/2928 1926/1714/2227 1928/1716/2229 
f 2510/2318/2928 2512/2320/2930 2513/2321/2931 
f 2510/2318/2928 1928/1716/2229 2512/2320/2930 
f 2512/2320/2930 1928/1716/2229 1920/1708/2221 
f 2512/2320/2930 1909/1697/2210 2514/2322/2932 
f 2512/2320/2930 1920/1708/2221 1909/1697/2210 
f 1908/1696/2209 2514/2322/2932 1909/1697/2210 
f 2512/2320/2930 2514/2322/2932 2513/2321/2931 
f 2510/2318/2928 2513/2321/2931 2511/2319/2929 
f 2508/2316/2926 2511/2319/2929 2509/2317/2927 
f 1739/1527/2023 2515/2323/2933 1741/1529/2025 
f 1741/1529/2025 2515/2323/2933 1747/1535/2031 
f 1747/1535/2031 2515/2323/2933 2516/2324/2934 
f 1747/1535/2031 2516/2324/2934 1749/1537/2033 
f 1749/1537/2033 2516/2324/2934 2517/2325/2935 
f 1749/1537/2033 2517/2325/2935 1751/1539/2035 
f 1751/1539/2035 2517/2325/2935 2518/2326/2936 
f 1751/1539/2035 2518/2326/2936 1753/1541/2037 
f 1753/1541/2037 2518/2326/2936 1908/1696/2209 
f 1908/1696/2209 2518/2326/2936 2514/2322/2932 
f 2514/2322/2932 2518/2326/2936 2519/2327/2937 
f 2514/2322/2932 2519/2327/2937 2513/2321/2931 
f 2513/2321/2931 2519/2327/2937 2520/2328/2938 
f 2513/2321/2931 2520/2328/2938 2511/2319/2929 
f 2521/2329/2939 2522/2330/2940 977/756/1223 
f 977/756/1223 2522/2330/2940 1738/1526/2022 
f 1738/1526/2022 2522/2330/2940 1739/1527/2023 
f 1739/1527/2023 2522/2330/2940 2515/2323/2933 
f 2515/2323/2933 2522/2330/2940 2523/2331/2941 
f 2515/2323/2933 2523/2331/2941 2516/2324/2934 
f 2516/2324/2934 2523/2331/2941 2524/2332/2942 
f 2516/2324/2934 2524/2332/2942 2517/2325/2935 
f 2517/2325/2935 2524/2332/2942 2525/2333/2943 
f 2517/2325/2935 2525/2333/2943 2518/2326/2936 
f 2518/2326/2936 2525/2333/2943 2519/2327/2937 
f 2519/2327/2937 2525/2333/2943 2520/2328/2938 
f 2520/2328/2938 2525/2333/2943 2526/2334/2944 
f 2520/2328/2938 2526/2334/2944 2527/2335/2945 
f 2526/2334/2944 2528/2336/2946 2527/2335/2945 
f 2527/2335/2945 2528/2336/2946 2529/2337/2947 
f 2529/2337/2947 2528/2336/2946 2530/2338/2948 
f 2530/2338/2948 2528/2336/2946 2531/2339/2949 
f 2530/2338/2948 2531/2339/2949 2532/2340/2950 
f 2532/2340/2950 2531/2339/2949 2533/2341/2951 
f 2533/2341/2951 2531/2339/2949 2534/2342/2952 
f 2533/2341/2951 2534/2342/2952 2521/2329/2939 
f 2521/2329/2939 2534/2342/2952 2523/2331/2941 
f 2521/2329/2939 2523/2331/2941 2522/2330/2940 
f 2520/2328/2938 2527/2335/2945 2511/2319/2929 
f 2511/2319/2929 2527/2335/2945 2509/2317/2927 
f 2509/2317/2927 2527/2335/2945 2529/2337/2947 
f 2509/2317/2927 2535/2343/2953 2507/2315/2925 
f 2509/2317/2927 2529/2337/2947 2535/2343/2953 
f 2535/2343/2953 2529/2337/2947 944/723/1190 
f 944/723/1190 2529/2337/2947 2530/2338/2948 
f 944/723/1190 2530/2338/2948 942/721/1188 
f 942/721/1188 2530/2338/2948 2532/2340/2950 
f 942/721/1188 2532/2340/2950 937/716/1183 
f 937/716/1183 2532/2340/2950 980/759/1226 
f 980/759/1226 2532/2340/2950 2533/2341/2951 
f 980/759/1226 2533/2341/2951 979/758/1225 
f 979/758/1225 2533/2341/2951 2521/2329/2939 
f 979/758/1225 2521/2329/2939 977/756/1223 
f 942/721/1188 937/716/1183 939/718/1185 
f 935/714/1181 937/716/1183 980/759/1226 
f 978/757/1224 980/759/1226 979/758/1225 
f 976/755/1222 979/758/1225 977/756/1223 
f 974/753/1220 977/756/1223 1738/1526/2022 
f 974/753/1220 1738/1526/2022 975/754/1221 
f 972/751/1218 975/754/1221 973/752/1219 
f 912/691/1158 908/687/1154 913/692/1159 
f 911/690/1157 913/692/1159 949/728/1195 
f 947/726/1193 949/728/1195 948/727/1194 
f 945/724/1191 948/727/1194 946/725/1192 
f 943/722/1189 946/725/1192 2535/2343/2953 
f 943/722/1189 2535/2343/2953 944/723/1190 
f 941/720/1187 944/723/1190 942/721/1188 
f 913/692/1159 2496/2304/2914 949/728/1195 
f 949/728/1195 2496/2304/2914 2499/2307/2917 
f 949/728/1195 2499/2307/2917 948/727/1194 
f 948/727/1194 2499/2307/2917 2536/2344/2954 
f 948/727/1194 2536/2344/2954 946/725/1192 
f 946/725/1192 2536/2344/2954 2507/2315/2925 
f 946/725/1192 2507/2315/2925 2535/2343/2953 
f 2509/2317/2927 2507/2315/2925 2506/2314/2924 
f 2500/2308/2918 2507/2315/2925 2536/2344/2954 
f 2500/2308/2918 2536/2344/2954 2498/2306/2916 
f 2498/2306/2916 2536/2344/2954 2499/2307/2917 
f 2496/2304/2914 913/692/1159 2493/2301/2911 
f 2493/2301/2911 913/692/1159 908/687/1154 
f 2493/2301/2911 908/687/1154 2490/2298/2908 
f 2490/2298/2908 908/687/1154 905/684/1151 
f 2490/2298/2908 905/684/1151 2487/2295/2905 
f 2487/2295/2905 905/684/1151 902/681/1148 
f 2487/2295/2905 902/681/1148 2484/2292/2902 
f 2484/2292/2902 902/681/1148 899/678/1145 
f 2484/2292/2902 899/678/1145 2482/2290/2900 
f 2482/2290/2900 899/678/1145 896/675/1142 
f 2482/2290/2900 896/675/1142 869/648/1115 
f 869/648/1115 896/675/1142 894/673/1140 
f 869/648/1115 894/673/1140 870/649/1116 
f 870/649/1116 894/673/1140 882/661/1128 
f 2499/2307/2917 2496/2304/2914 2495/2303/2913 
f 2492/2300/2910 2496/2304/2914 2493/2301/2911 
f 2489/2297/2907 2493/2301/2911 2490/2298/2908 
f 2486/2294/2904 2490/2298/2908 2487/2295/2905 
f 2483/2291/2901 2487/2295/2905 2484/2292/2902 
f 2481/2289/2899 2484/2292/2902 2482/2290/2900 
f 2480/2288/2898 2482/2290/2900 869/648/1115 
f 2480/2288/2898 869/648/1115 868/647/1114 
f 1760/1548/2044 2537/2345/2955 1762/1550/2046 
f 1762/1550/2046 2537/2345/2955 2538/2346/2956 
f 1762/1550/2046 2538/2346/2956 1893/1681/2194 
f 1893/1681/2194 2538/2346/2956 2539/2347/2957 
f 1893/1681/2194 2539/2347/2957 1892/1680/2193 
f 2537/2345/2955 2540/2348/2958 1906/1694/2207 
f 2537/2345/2955 1760/1548/2044 2540/2348/2958 
f 2540/2348/2958 1760/1548/2044 1754/1542/2038 
f 2540/2348/2958 1754/1542/2038 1753/1541/2037 
f 2540/2348/2958 1753/1541/2037 1908/1696/2209 
f 2540/2348/2958 1908/1696/2209 1906/1694/2207 
f 2537/2345/2955 1906/1694/2207 1904/1692/2205 
f 2537/2345/2955 1904/1692/2205 2538/2346/2956 
f 2538/2346/2956 1904/1692/2205 1902/1690/2203 
f 2538/2346/2956 1902/1690/2203 2539/2347/2957 
f 2539/2347/2957 1902/1690/2203 1899/1687/2200 
f 2539/2347/2957 1899/1687/2200 1898/1686/2199 
f 2539/2347/2957 1898/1686/2199 1892/1680/2193 
f 1892/1680/2193 1898/1686/2199 1890/1678/2191 
f 2070/1858/2410 2073/1861/2413 2071/1859/2411 
f 2071/1859/2411 2541/2349/2959 2542/2350/2960 
f 2071/1859/2411 2073/1861/2413 2541/2349/2959 
f 2541/2349/2959 2073/1861/2413 2084/1872/2424 
f 2541/2349/2959 2543/2351/2961 2542/2350/2960 
f 2541/2349/2959 2084/1872/2424 2543/2351/2961 
f 2543/2351/2961 2084/1872/2424 2081/1869/2421 
f 2543/2351/2961 2544/2352/2962 2545/2353/2963 
f 2543/2351/2961 2081/1869/2421 2544/2352/2962 
f 2059/1847/2400 2542/2350/2960 2060/1848/2401 
f 2060/1848/2401 2542/2350/2960 2546/2354/2964 
f 2060/1848/2401 2547/2355/2965 2548/2356/2966 
f 2060/1848/2401 2546/2354/2964 2547/2355/2965 
f 2547/2355/2965 2546/2354/2964 2545/2353/2963 
f 2547/2355/2965 2549/2357/2967 2550/2358/2968 
f 2547/2355/2965 2545/2353/2963 2549/2357/2967 
f 2549/2357/2967 2544/2352/2962 2551/2359/2969 
f 2549/2357/2967 2545/2353/2963 2544/2352/2962 
f 2543/2351/2961 2545/2353/2963 2546/2354/2964 
f 2543/2351/2961 2546/2354/2964 2542/2350/2960 
f 2071/1859/2411 2542/2350/2960 2059/1847/2400 
f 2081/1869/2421 2083/1871/2423 2552/2360/2970 
f 2081/1869/2421 2552/2360/2970 2544/2352/2962 
f 2544/2352/2962 2552/2360/2970 2551/2359/2969 
f 2549/2357/2967 2551/2359/2969 2553/2361/2971 
f 2549/2357/2967 2553/2361/2971 2554/2362/2972 
f 2549/2357/2967 2554/2362/2972 2550/2358/2968 
f 2547/2355/2965 2550/2358/2968 2548/2356/2966 
f 2060/1848/2401 2548/2356/2966 2052/1840/2393 
f 2044/1832/2385 2555/2363/2973 2556/2364/2974 
f 2044/1832/2385 2046/1834/2387 2555/2363/2973 
f 2555/2363/2973 2046/1834/2387 2052/1840/2393 
f 2555/2363/2973 2557/2365/2975 2558/2366/2976 
f 2555/2363/2973 2052/1840/2393 2557/2365/2975 
f 2557/2365/2975 2052/1840/2393 2548/2356/2966 
f 2557/2365/2975 2559/2367/2977 2560/2368/2978 
f 2557/2365/2975 2548/2356/2966 2559/2367/2977 
f 2559/2367/2977 2548/2356/2966 2550/2358/2968 
f 2559/2367/2977 2561/2369/2979 2562/2370/2980 
f 2559/2367/2977 2550/2358/2968 2561/2369/2979 
f 2561/2369/2979 2550/2358/2968 2554/2362/2972 
f 2561/2369/2979 2563/2371/2981 2564/2372/2982 
f 2561/2369/2979 2554/2362/2972 2563/2371/2981 
f 2563/2371/2981 2554/2362/2972 2553/2361/2971 
f 2563/2371/2981 2553/2361/2971 2565/2373/2983 
f 2561/2369/2979 2564/2372/2982 2562/2370/2980 
f 2559/2367/2977 2562/2370/2980 2560/2368/2978 
f 2557/2365/2975 2560/2368/2978 2558/2366/2976 
f 2555/2363/2973 2558/2366/2976 2556/2364/2974 
f 2044/1832/2385 2556/2364/2974 2045/1833/2386 
f 2041/1829/2382 2045/1833/2386 2042/1830/2383 
f 2031/1819/2366 2042/1830/2383 2029/1817/2369 
f 2029/1817/2364 2042/1830/2984 2030/1818/2365 
f 2030/1818/2365 2042/1830/2984 2566/2374/2985 
f 2566/2374/2985 2042/1830/2984 2045/1833/2986 
f 2566/2374/2985 2045/1833/2986 2567/2375/2987 
f 2567/2375/2987 2045/1833/2986 2556/2364/2988 
f 2567/2375/2987 2556/2364/2988 2568/2376/2989 
f 2568/2376/2989 2556/2364/2988 2558/2366/2990 
f 2568/2376/2989 2558/2366/2990 2569/2377/2991 
f 2569/2377/2991 2558/2366/2990 2560/2368/2992 
f 2569/2377/2991 2560/2368/2992 2570/2378/2993 
f 2570/2378/2993 2560/2368/2992 2562/2370/2994 
f 2570/2378/2993 2562/2370/2994 2571/2379/2995 
f 2571/2379/2995 2562/2370/2994 2564/2372/2996 
f 2571/2379/2995 2564/2372/2996 2572/2380/2997 
f 2564/2372/2996 2573/2381/2998 2572/2380/2997 
f 2572/2380/2997 2573/2381/2998 2574/2382/2999 
f 2574/2382/2999 2573/2381/2998 2575/2383/3000 
f 2574/2382/2999 2575/2383/3000 2576/2384/3001 
f 2576/2384/3001 2575/2383/3000 2577/2385/3002 
f 2577/2385/3002 2575/2383/3000 2578/2386/3003 
f 2577/2385/3004 2578/2386/3005 2579/2387/3006 
f 2579/2387/3006 2578/2386/3005 2580/2388/3007 
f 2579/2387/3006 2580/2388/3007 2581/2389/3008 
f 2579/2387/3006 2581/2389/3008 2582/2390/3009 
f 2582/2390/3009 2581/2389/3008 2583/2391/3010 
f 2582/2390/3009 2583/2391/3010 2584/2392/3011 
f 2584/2392/3011 2583/2391/3010 2585/2393/3012 
f 2584/2392/3011 2585/2393/3012 2586/2394/3013 
f 2564/2372/2982 2563/2371/2981 2573/2381/3014 
f 2573/2381/3014 2563/2371/2981 2565/2373/2983 
f 2573/2381/3014 2565/2373/2983 2575/2383/3015 
f 2575/2383/3015 2565/2373/2983 2578/2386/3016 
f 2578/2386/3016 2565/2373/2983 2580/2388/3017 
f 2580/2388/3017 2565/2373/2983 2581/2389/3018 
f 2581/2389/3018 2565/2373/2983 2553/2361/2971 
f 2581/2389/3018 2553/2361/2971 2583/2391/3019 
f 2583/2391/3019 2553/2361/2971 2551/2359/2969 
f 2583/2391/3019 2551/2359/2969 2585/2393/3012 
f 2585/2393/3012 2551/2359/2969 2552/2360/2970 
f 2585/2393/3012 2552/2360/2970 2587/2395/3020 
f 2587/2395/3020 2552/2360/2970 2083/1871/2423 
f 2587/2395/3020 2083/1871/2423 2588/2396/3021 
f 2585/2393/3012 2587/2395/3020 2586/2394/3013 
f 2586/2394/3013 2587/2395/3020 2589/2397/3022 
f 2589/2397/3022 2587/2395/3020 2588/2396/3021 
f 2589/2397/3022 2588/2396/3021 2590/2398/3023 
f 2589/2397/3022 2590/2398/3023 2591/2399/3024 
f 2591/2399/3024 2590/2398/3023 2592/2400/3025 
f 2591/2399/3024 2592/2400/3025 2593/2401/3026 
f 2593/2401/3026 2592/2400/3025 2594/2402/3027 
f 2593/2401/3026 2594/2402/3027 2595/2403/3028 
f 2595/2403/3028 2594/2402/3027 2596/2404/3029 
f 2595/2403/3028 2596/2404/3029 2597/2405/3030 
f 2597/2405/3030 2596/2404/3029 2598/2406/3031 
f 2597/2405/3030 2598/2406/3031 2114/1902/2454 
f 2114/1902/2454 2598/2406/3031 2103/1891/2455 
f 2083/1871/2423 2599/2407/3032 2588/2396/3021 
f 2588/2396/3021 2599/2407/3032 2600/2408/3033 
f 2588/2396/3021 2600/2408/3033 2590/2398/3034 
f 2590/2398/3034 2600/2408/3033 2592/2400/3035 
f 2592/2400/3035 2600/2408/3033 2601/2409/3036 
f 2592/2400/3035 2601/2409/3036 2602/2410/3037 
f 2592/2400/3035 2602/2410/3037 2594/2402/3038 
f 2594/2402/3038 2602/2410/3037 2093/1881/2433 
f 2594/2402/3038 2093/1881/2433 2596/2404/3039 
f 2596/2404/3039 2093/1881/2433 2094/1882/2434 
f 2596/2404/3039 2094/1882/2434 2598/2406/3040 
f 2598/2406/3040 2094/1882/2434 2095/1883/2435 
f 2598/2406/3040 2095/1883/2435 2103/1891/2443 
f 2103/1891/2443 2095/1883/2435 2096/1884/2436 
f 2083/1871/2423 2082/1870/2422 2599/2407/3032 
f 2599/2407/3032 2082/1870/2422 2603/2411/3041 
f 2599/2407/3032 2603/2411/3041 2600/2408/3033 
f 2600/2408/3033 2603/2411/3041 2601/2409/3036 
f 2601/2409/3036 2603/2411/3041 2602/2410/3037 
f 2602/2410/3037 2603/2411/3041 2086/1874/2426 
f 2602/2410/3037 2086/1874/2426 2093/1881/2433 
f 2093/1881/2433 2086/1874/2426 2604/2412/3042 
f 2093/1881/2433 2604/2412/3042 2087/1875/2427 
f 2087/1875/2427 2604/2412/3042 2086/1874/2426 
f 2082/1870/2422 2086/1874/2426 2603/2411/3041 
f 2523/2331/2941 2534/2342/2952 2524/2332/2942 
f 2524/2332/2942 2534/2342/2952 2605/2413/3043 
f 2524/2332/2942 2605/2413/3043 2525/2333/2943 
f 2525/2333/2943 2605/2413/3043 2526/2334/2944 
f 2526/2334/2944 2605/2413/3043 2528/2336/2946 
f 2528/2336/2946 2605/2413/3043 2531/2339/2949 
f 2531/2339/2949 2605/2413/3043 2534/2342/2952 
f 2360/2157/2738 2362/2159/2740 2366/2163/2744 
f 1779/1567/2063 1777/1565/2061 2606/2414/3044 
f 2606/2414/3044 1777/1565/2061 2607/2415/3045 
f 2606/2414/3044 2607/2415/3045 2608/2416/3046 
f 2608/2416/3046 2607/2415/3045 692/445/884 
f 692/445/884 2607/2415/3045 690/443/882 
f 690/443/882 2607/2415/3045 1774/1562/2058 
f 1774/1562/2058 2607/2415/3045 1777/1565/2061 
f 1554/1342/1838 1779/1567/2063 695/448/887 
f 695/448/887 1779/1567/2063 696/449/888 
f 696/449/888 1779/1567/2063 2606/2414/3044 
f 696/449/888 2606/2414/3044 700/453/892 
f 700/453/892 2606/2414/3044 2608/2416/3046 
f 700/453/892 2608/2416/3046 703/456/895 
f 703/456/895 2608/2416/3046 707/460/899 
f 707/460/899 2608/2416/3046 692/445/884 
f 707/460/899 692/445/884 691/444/883 
f 689/442/881 692/445/884 690/443/882 
f 688/441/880 690/443/882 687/440/879 
f 1872/1660/2169 1878/1666/3047 1873/1661/2170 
f 1873/1661/2170 1878/1666/3047 2609/2417/3048 
f 2609/2417/3048 1878/1666/3047 1877/1665/3049 
f 2609/2417/3048 1877/1665/3049 2610/2418/3050 
f 2610/2418/3050 1877/1665/3049 2611/2419/3051 
f 2610/2418/3050 2611/2419/3051 2612/2420/3052 
f 2612/2420/3052 2611/2419/3051 2613/2421/3053 
f 2612/2420/3052 2613/2421/3053 2614/2422/3054 
f 2614/2422/3054 2613/2421/3053 2615/2423/3055 
f 2614/2422/3054 2615/2423/3055 2616/2424/3056 
f 2616/2424/3056 2615/2423/3055 2617/2425/3057 
f 2616/2424/3056 2617/2425/3057 2618/2426/3058 
f 2618/2426/3058 2617/2425/3057 2619/2427/3059 
f 2618/2426/3058 2619/2427/3059 2620/2428/3060 
f 1877/1665/2174 1874/1662/2171 2611/2419/3061 
f 2611/2419/3061 1874/1662/2171 1894/1682/2195 
f 2611/2419/3061 1894/1682/2195 2613/2421/3062 
f 2613/2421/3062 1894/1682/2195 1896/1684/2197 
f 2613/2421/3062 1896/1684/2197 2615/2423/3063 
f 2615/2423/3063 1896/1684/2197 1910/1698/2211 
f 2615/2423/3063 1910/1698/2211 2617/2425/3064 
f 2617/2425/3064 1910/1698/2211 1911/1699/2212 
f 2617/2425/3064 1911/1699/2212 2619/2427/3065 
f 2619/2427/3065 1911/1699/2212 2621/2429/3066 
f 2621/2429/3066 1911/1699/2212 1912/1700/2213 
f 2621/2429/3066 1912/1700/2213 2622/2430/3067 
f 2622/2430/3067 1912/1700/2213 1913/1701/2214 
f 2622/2430/3067 1913/1701/2214 1915/1703/2216 
f 2620/2428/3060 2619/2427/3059 2623/2431/3068 
f 2623/2431/3068 2619/2427/3059 2621/2429/3069 
f 2623/2431/3068 2621/2429/3069 2624/2432/3070 
f 2624/2432/3070 2621/2429/3069 2622/2430/3071 
f 2624/2432/3070 2622/2430/3071 2625/2433/3072 
f 2625/2433/3072 2622/2430/3071 1915/1703/3073 
f 2625/2433/3072 1915/1703/3073 2626/2434/3074 
f 2626/2434/3074 1915/1703/3073 1917/1705/3075 
f 2626/2434/3074 1917/1705/3075 2627/2435/3076 
f 2627/2435/3076 1917/1705/3075 1919/1707/3077 
f 2627/2435/3076 1919/1707/3077 2628/2436/3078 
f 2628/2436/3078 1919/1707/3077 1921/1709/3079 
f 2628/2436/3078 1921/1709/3079 1930/1718/2231 
f 1930/1718/2231 1921/1709/3079 1929/1717/2232 
f 526/1308/1801 1521/1309/1802 525/2437/3080 
f 525/2437/3080 1521/1309/1802 1522/1310/3081 
f 525/2437/3080 1522/1310/3081 389/2438/3082 
f 389/2438/3082 1522/1310/3081 1524/1312/3083 
f 389/2438/3082 1524/1312/3083 390/2439/3084 
f 390/2439/3084 1524/1312/3083 1526/1314/3085 
f 390/2439/3084 1526/1314/3085 391/2440/3086 
f 391/2440/3086 1526/1314/3085 1528/1316/3087 
f 391/2440/3086 1528/1316/3087 392/2441/3088 
f 392/2441/3088 1528/1316/3087 1530/1318/3089 
f 392/2441/3088 1530/1318/3089 393/2442/3090 
f 393/2442/3090 1530/1318/3089 1531/1319/3091 
f 393/2442/3090 1531/1319/3091 394/1992/2568 
f 394/1992/2568 1531/1319/3091 2204/1993/2569 
f 1531/1319/1815 1532/1320/1816 2204/1993/2588 
f 2204/1993/2588 1532/1320/1816 2211/2008/2589 
f 2211/2008/2589 1532/1320/1816 989/768/1235 
f 2211/2008/2589 989/768/1235 2212/2009/2590 
f 2212/2009/2590 989/768/1235 970/749/1216 
f 2212/2009/2590 970/749/1216 2214/2011/2592 
f 2214/2011/2592 970/749/1216 969/748/1215 
f 2214/2011/2592 969/748/1215 2215/2012/2593 
f 2215/2012/2593 969/748/1215 1730/1518/2014 
f 2215/2012/2593 1730/1518/2014 2217/2014/2595 
f 2217/2014/2595 1730/1518/2014 1727/1515/2011 
f 2217/2014/2595 1727/1515/2011 2219/2016/2597 
f 2219/2016/2597 1727/1515/2011 1716/1504/2000 
f 2219/2016/2597 1716/1504/2000 1714/1502/1998 
f 2092/1880/2432 2078/1866/2418 2100/1888/2440 
f 2100/1888/2440 2078/1866/2418 2079/1867/2419 
f 2100/1888/2440 2079/1867/2419 2101/1889/2441 
f 2101/1889/2441 2079/1867/2419 2080/1868/2420 
f 2101/1889/2441 2080/1868/2420 2629/2443/3092 
f 2629/2443/3092 2080/1868/2420 666/419/858 
f 2629/2443/3092 666/419/858 672/425/864 
f 2629/2443/3092 672/425/864 2630/2444/3093 
f 2630/2444/3093 672/425/864 2631/2445/3094 
f 2631/2445/3094 672/425/864 673/426/865 
f 2631/2445/3094 673/426/865 2632/2446/3095 
f 2632/2446/3095 673/426/865 675/428/867 
f 2632/2446/3095 675/428/867 2633/2447/3096 
f 2633/2447/3096 675/428/867 2194/1982/2558 
f 2101/1889/2441 2629/2443/3092 2102/1890/2442 
f 2102/1890/2442 2629/2443/3092 2109/1897/2449 
f 2109/1897/2449 2629/2443/3092 2630/2444/3093 
f 2109/1897/2449 2630/2444/3093 2111/1899/2451 
f 2111/1899/2451 2630/2444/3093 2631/2445/3094 
f 2111/1899/2451 2631/2445/3094 2632/2446/3095 
f 2111/1899/2451 2632/2446/3095 2113/1901/2453 
f 2113/1901/2453 2632/2446/3095 2633/2447/3096 
f 2113/1901/2453 2633/2447/3096 2136/1924/2482 
f 2136/1924/2482 2633/2447/3096 2194/1982/2558 
f 2136/1924/2482 2194/1982/2558 2137/1925/2484 
f 2137/1925/2484 2194/1982/2558 2195/1983/2559 
f 2137/1925/2484 2195/1983/2559 2193/1981/2557 
f 2137/1925/2484 2193/1981/2557 2138/1926/2486 
f 1043/822/1289 2634/2448/3097 1473/1252/1738 
f 1043/822/1289 1038/817/1284 2634/2448/3097 
f 2634/2448/3097 1038/817/1284 1037/816/1283 
f 2634/2448/3097 2635/2449/3098 1474/1253/1739 
f 2634/2448/3097 1037/816/1283 2635/2449/3098 
f 2635/2449/3098 1037/816/1283 1495/1274/1760 
f 2635/2449/3098 1495/1274/1760 1476/1255/1741 
f 2635/2449/3098 1476/1255/1741 1475/1254/1740 
f 2635/2449/3098 1475/1254/1740 1474/1253/1739 
f 2634/2448/3097 1474/1253/1739 1473/1252/1738 
f 1043/822/1289 1473/1252/1738 1063/842/1309 
f 1043/822/1289 1063/842/1309 1044/823/1290 
f 1044/823/1290 1063/842/1309 1052/831/1298 
f 1044/823/1290 1052/831/1298 1045/824/1291 
# 5086 faces

